                                      1 ;--------------------------------------------------------
                                      2 ; File Created by SDCC : free open source ISO C Compiler
                                      3 ; Version 4.5.0 #15242 (MINGW64)
                                      4 ;--------------------------------------------------------
                                      5 	.module calibration
                                      6 	
                                      7 	.optsdcc -mmcs51 --model-large
                                      8 ;--------------------------------------------------------
                                      9 ; Public variables in this module
                                     10 ;--------------------------------------------------------
                                     11 	.globl _weight_get_status
                                     12 	.globl _weight_get_filtered
                                     13 	.globl _reg_save_all
                                     14 	.globl _P77
                                     15 	.globl _P76
                                     16 	.globl _P75
                                     17 	.globl _P74
                                     18 	.globl _P73
                                     19 	.globl _P72
                                     20 	.globl _P71
                                     21 	.globl _P70
                                     22 	.globl _P67
                                     23 	.globl _P66
                                     24 	.globl _P65
                                     25 	.globl _P64
                                     26 	.globl _P63
                                     27 	.globl _P62
                                     28 	.globl _P61
                                     29 	.globl _P60
                                     30 	.globl _P
                                     31 	.globl _F1
                                     32 	.globl _OV
                                     33 	.globl _RS0
                                     34 	.globl _RS1
                                     35 	.globl _F0
                                     36 	.globl _AC
                                     37 	.globl _CY
                                     38 	.globl _P57
                                     39 	.globl _P56
                                     40 	.globl _P55
                                     41 	.globl _P54
                                     42 	.globl _P53
                                     43 	.globl _P52
                                     44 	.globl _P51
                                     45 	.globl _P50
                                     46 	.globl _P47
                                     47 	.globl _P46
                                     48 	.globl _P45
                                     49 	.globl _P44
                                     50 	.globl _P43
                                     51 	.globl _P42
                                     52 	.globl _P41
                                     53 	.globl _P40
                                     54 	.globl _PX0
                                     55 	.globl _PT0
                                     56 	.globl _PX1
                                     57 	.globl _PT1
                                     58 	.globl _PS
                                     59 	.globl _PADC
                                     60 	.globl _PLVD
                                     61 	.globl _PPCA
                                     62 	.globl _P37
                                     63 	.globl _P36
                                     64 	.globl _P35
                                     65 	.globl _P34
                                     66 	.globl _P33
                                     67 	.globl _P32
                                     68 	.globl _P31
                                     69 	.globl _P30
                                     70 	.globl _EX0
                                     71 	.globl _ET0
                                     72 	.globl _EX1
                                     73 	.globl _ET1
                                     74 	.globl _ES
                                     75 	.globl _EADC
                                     76 	.globl _ELVD
                                     77 	.globl _EA
                                     78 	.globl _P27
                                     79 	.globl _P26
                                     80 	.globl _P25
                                     81 	.globl _P24
                                     82 	.globl _P23
                                     83 	.globl _P22
                                     84 	.globl _P21
                                     85 	.globl _P20
                                     86 	.globl _RI
                                     87 	.globl _TI
                                     88 	.globl _RB8
                                     89 	.globl _TB8
                                     90 	.globl _REN
                                     91 	.globl _SM2
                                     92 	.globl _SM1
                                     93 	.globl _SM0
                                     94 	.globl _P17
                                     95 	.globl _P16
                                     96 	.globl _P15
                                     97 	.globl _P14
                                     98 	.globl _P13
                                     99 	.globl _P12
                                    100 	.globl _P11
                                    101 	.globl _P10
                                    102 	.globl _IT0
                                    103 	.globl _IE0
                                    104 	.globl _IT1
                                    105 	.globl _IE1
                                    106 	.globl _TR0
                                    107 	.globl _TF0
                                    108 	.globl _TR1
                                    109 	.globl _TF1
                                    110 	.globl _P07
                                    111 	.globl _P06
                                    112 	.globl _P05
                                    113 	.globl _P04
                                    114 	.globl _P03
                                    115 	.globl _P02
                                    116 	.globl _P01
                                    117 	.globl _P00
                                    118 	.globl _RSTCFG
                                    119 	.globl _USBADR
                                    120 	.globl _IAP_TPS
                                    121 	.globl _USBCON
                                    122 	.globl _AUXINTIF
                                    123 	.globl _IP3H
                                    124 	.globl _USBDAT
                                    125 	.globl _CMPCR2
                                    126 	.globl _CMPCR1
                                    127 	.globl _DPH1
                                    128 	.globl _DPL1
                                    129 	.globl _DPS
                                    130 	.globl _P7M0
                                    131 	.globl _P7M1
                                    132 	.globl _IP3
                                    133 	.globl _ADCCFG
                                    134 	.globl _USBCLK
                                    135 	.globl _VRTRIM
                                    136 	.globl _P7
                                    137 	.globl _B
                                    138 	.globl _P6
                                    139 	.globl _ACC
                                    140 	.globl _T2L
                                    141 	.globl _T2H
                                    142 	.globl _T3L
                                    143 	.globl _T3H
                                    144 	.globl _T4L
                                    145 	.globl _T4H
                                    146 	.globl _T4T3M
                                    147 	.globl _PSW
                                    148 	.globl _SPDAT
                                    149 	.globl _SPCTL
                                    150 	.globl _SPSTAT
                                    151 	.globl _P6M0
                                    152 	.globl _P6M1
                                    153 	.globl _P5M0
                                    154 	.globl _P5M1
                                    155 	.globl _P5
                                    156 	.globl _IAP_CONTR
                                    157 	.globl _IAP_TRIG
                                    158 	.globl _IAP_CMD
                                    159 	.globl _IAP_ADDRL
                                    160 	.globl _IAP_ADDRH
                                    161 	.globl _IAP_DATA
                                    162 	.globl _WDT_CONTR
                                    163 	.globl _P4
                                    164 	.globl _ADC_RESL
                                    165 	.globl _ADC_RES
                                    166 	.globl _ADC_CONTR
                                    167 	.globl _P_SW2
                                    168 	.globl _SADEN
                                    169 	.globl _IP
                                    170 	.globl _IPH
                                    171 	.globl _IP2H
                                    172 	.globl _IP2
                                    173 	.globl _P4M0
                                    174 	.globl _P4M1
                                    175 	.globl _P3M0
                                    176 	.globl _P3M1
                                    177 	.globl _P3
                                    178 	.globl _IE2
                                    179 	.globl _TA
                                    180 	.globl _S3BUF
                                    181 	.globl _S3CON
                                    182 	.globl _WKTCH
                                    183 	.globl _WKTCL
                                    184 	.globl _SADDR
                                    185 	.globl _IE
                                    186 	.globl _P_SW1
                                    187 	.globl _BUS_SPEED
                                    188 	.globl _P2
                                    189 	.globl _IRTRIM
                                    190 	.globl _LIRTRIM
                                    191 	.globl _IRCBAND
                                    192 	.globl _S2BUF
                                    193 	.globl _S2CON
                                    194 	.globl _SBUF
                                    195 	.globl _SCON
                                    196 	.globl _P2M0
                                    197 	.globl _P2M1
                                    198 	.globl _P0M0
                                    199 	.globl _P0M1
                                    200 	.globl _P1M0
                                    201 	.globl _P1M1
                                    202 	.globl _P1
                                    203 	.globl _INTCLKO
                                    204 	.globl _AUXR
                                    205 	.globl _TH1
                                    206 	.globl _TH0
                                    207 	.globl _TL1
                                    208 	.globl _TL0
                                    209 	.globl _TMOD
                                    210 	.globl _TCON
                                    211 	.globl _PCON
                                    212 	.globl _S4BUF
                                    213 	.globl _S4CON
                                    214 	.globl _DPH
                                    215 	.globl _DPL
                                    216 	.globl _SP
                                    217 	.globl _P0
                                    218 	.globl _calib_set_point_at_PARM_2
                                    219 	.globl _calib_set_point_at
                                    220 	.globl _calib_clear_all
                                    221 	.globl _calib_solve_weight
                                    222 ;--------------------------------------------------------
                                    223 ; special function registers
                                    224 ;--------------------------------------------------------
                                    225 	.area RSEG    (ABS,DATA)
      000000                        226 	.org 0x0000
                           000080   227 _P0	=	0x0080
                           000081   228 _SP	=	0x0081
                           000082   229 _DPL	=	0x0082
                           000083   230 _DPH	=	0x0083
                           000084   231 _S4CON	=	0x0084
                           000085   232 _S4BUF	=	0x0085
                           000087   233 _PCON	=	0x0087
                           000088   234 _TCON	=	0x0088
                           000089   235 _TMOD	=	0x0089
                           00008A   236 _TL0	=	0x008a
                           00008B   237 _TL1	=	0x008b
                           00008C   238 _TH0	=	0x008c
                           00008D   239 _TH1	=	0x008d
                           00008E   240 _AUXR	=	0x008e
                           00008F   241 _INTCLKO	=	0x008f
                           000090   242 _P1	=	0x0090
                           000091   243 _P1M1	=	0x0091
                           000092   244 _P1M0	=	0x0092
                           000093   245 _P0M1	=	0x0093
                           000094   246 _P0M0	=	0x0094
                           000095   247 _P2M1	=	0x0095
                           000096   248 _P2M0	=	0x0096
                           000098   249 _SCON	=	0x0098
                           000099   250 _SBUF	=	0x0099
                           00009A   251 _S2CON	=	0x009a
                           00009B   252 _S2BUF	=	0x009b
                           00009D   253 _IRCBAND	=	0x009d
                           00009E   254 _LIRTRIM	=	0x009e
                           00009F   255 _IRTRIM	=	0x009f
                           0000A0   256 _P2	=	0x00a0
                           0000A1   257 _BUS_SPEED	=	0x00a1
                           0000A2   258 _P_SW1	=	0x00a2
                           0000A8   259 _IE	=	0x00a8
                           0000A9   260 _SADDR	=	0x00a9
                           0000AA   261 _WKTCL	=	0x00aa
                           0000AB   262 _WKTCH	=	0x00ab
                           0000AC   263 _S3CON	=	0x00ac
                           0000AD   264 _S3BUF	=	0x00ad
                           0000AE   265 _TA	=	0x00ae
                           0000AF   266 _IE2	=	0x00af
                           0000B0   267 _P3	=	0x00b0
                           0000B1   268 _P3M1	=	0x00b1
                           0000B2   269 _P3M0	=	0x00b2
                           0000B3   270 _P4M1	=	0x00b3
                           0000B4   271 _P4M0	=	0x00b4
                           0000B5   272 _IP2	=	0x00b5
                           0000B6   273 _IP2H	=	0x00b6
                           0000B7   274 _IPH	=	0x00b7
                           0000B8   275 _IP	=	0x00b8
                           0000B9   276 _SADEN	=	0x00b9
                           0000BA   277 _P_SW2	=	0x00ba
                           0000BC   278 _ADC_CONTR	=	0x00bc
                           0000BD   279 _ADC_RES	=	0x00bd
                           0000BE   280 _ADC_RESL	=	0x00be
                           0000C0   281 _P4	=	0x00c0
                           0000C1   282 _WDT_CONTR	=	0x00c1
                           0000C2   283 _IAP_DATA	=	0x00c2
                           0000C3   284 _IAP_ADDRH	=	0x00c3
                           0000C4   285 _IAP_ADDRL	=	0x00c4
                           0000C5   286 _IAP_CMD	=	0x00c5
                           0000C6   287 _IAP_TRIG	=	0x00c6
                           0000C7   288 _IAP_CONTR	=	0x00c7
                           0000C8   289 _P5	=	0x00c8
                           0000C9   290 _P5M1	=	0x00c9
                           0000CA   291 _P5M0	=	0x00ca
                           0000CB   292 _P6M1	=	0x00cb
                           0000CC   293 _P6M0	=	0x00cc
                           0000CD   294 _SPSTAT	=	0x00cd
                           0000CE   295 _SPCTL	=	0x00ce
                           0000CF   296 _SPDAT	=	0x00cf
                           0000D0   297 _PSW	=	0x00d0
                           0000D1   298 _T4T3M	=	0x00d1
                           0000D2   299 _T4H	=	0x00d2
                           0000D3   300 _T4L	=	0x00d3
                           0000D4   301 _T3H	=	0x00d4
                           0000D5   302 _T3L	=	0x00d5
                           0000D6   303 _T2H	=	0x00d6
                           0000D7   304 _T2L	=	0x00d7
                           0000E0   305 _ACC	=	0x00e0
                           0000E8   306 _P6	=	0x00e8
                           0000F0   307 _B	=	0x00f0
                           0000F8   308 _P7	=	0x00f8
                           0000A6   309 _VRTRIM	=	0x00a6
                           0000DC   310 _USBCLK	=	0x00dc
                           0000DE   311 _ADCCFG	=	0x00de
                           0000DF   312 _IP3	=	0x00df
                           0000E1   313 _P7M1	=	0x00e1
                           0000E2   314 _P7M0	=	0x00e2
                           0000E3   315 _DPS	=	0x00e3
                           0000E4   316 _DPL1	=	0x00e4
                           0000E5   317 _DPH1	=	0x00e5
                           0000E6   318 _CMPCR1	=	0x00e6
                           0000E7   319 _CMPCR2	=	0x00e7
                           0000EC   320 _USBDAT	=	0x00ec
                           0000EE   321 _IP3H	=	0x00ee
                           0000EF   322 _AUXINTIF	=	0x00ef
                           0000F4   323 _USBCON	=	0x00f4
                           0000F5   324 _IAP_TPS	=	0x00f5
                           0000FC   325 _USBADR	=	0x00fc
                           0000FF   326 _RSTCFG	=	0x00ff
                                    327 ;--------------------------------------------------------
                                    328 ; special function bits
                                    329 ;--------------------------------------------------------
                                    330 	.area RSEG    (ABS,DATA)
      000000                        331 	.org 0x0000
                           000080   332 _P00	=	0x0080
                           000081   333 _P01	=	0x0081
                           000082   334 _P02	=	0x0082
                           000083   335 _P03	=	0x0083
                           000084   336 _P04	=	0x0084
                           000085   337 _P05	=	0x0085
                           000086   338 _P06	=	0x0086
                           000087   339 _P07	=	0x0087
                           00008F   340 _TF1	=	0x008f
                           00008E   341 _TR1	=	0x008e
                           00008D   342 _TF0	=	0x008d
                           00008C   343 _TR0	=	0x008c
                           00008B   344 _IE1	=	0x008b
                           00008A   345 _IT1	=	0x008a
                           000089   346 _IE0	=	0x0089
                           000088   347 _IT0	=	0x0088
                           000090   348 _P10	=	0x0090
                           000091   349 _P11	=	0x0091
                           000092   350 _P12	=	0x0092
                           000093   351 _P13	=	0x0093
                           000094   352 _P14	=	0x0094
                           000095   353 _P15	=	0x0095
                           000096   354 _P16	=	0x0096
                           000097   355 _P17	=	0x0097
                           00009F   356 _SM0	=	0x009f
                           00009E   357 _SM1	=	0x009e
                           00009D   358 _SM2	=	0x009d
                           00009C   359 _REN	=	0x009c
                           00009B   360 _TB8	=	0x009b
                           00009A   361 _RB8	=	0x009a
                           000099   362 _TI	=	0x0099
                           000098   363 _RI	=	0x0098
                           0000A0   364 _P20	=	0x00a0
                           0000A1   365 _P21	=	0x00a1
                           0000A2   366 _P22	=	0x00a2
                           0000A3   367 _P23	=	0x00a3
                           0000A4   368 _P24	=	0x00a4
                           0000A5   369 _P25	=	0x00a5
                           0000A6   370 _P26	=	0x00a6
                           0000A7   371 _P27	=	0x00a7
                           0000AF   372 _EA	=	0x00af
                           0000AE   373 _ELVD	=	0x00ae
                           0000AD   374 _EADC	=	0x00ad
                           0000AC   375 _ES	=	0x00ac
                           0000AB   376 _ET1	=	0x00ab
                           0000AA   377 _EX1	=	0x00aa
                           0000A9   378 _ET0	=	0x00a9
                           0000A8   379 _EX0	=	0x00a8
                           0000B0   380 _P30	=	0x00b0
                           0000B1   381 _P31	=	0x00b1
                           0000B2   382 _P32	=	0x00b2
                           0000B3   383 _P33	=	0x00b3
                           0000B4   384 _P34	=	0x00b4
                           0000B5   385 _P35	=	0x00b5
                           0000B6   386 _P36	=	0x00b6
                           0000B7   387 _P37	=	0x00b7
                           0000BF   388 _PPCA	=	0x00bf
                           0000BE   389 _PLVD	=	0x00be
                           0000BD   390 _PADC	=	0x00bd
                           0000BC   391 _PS	=	0x00bc
                           0000BB   392 _PT1	=	0x00bb
                           0000BA   393 _PX1	=	0x00ba
                           0000B9   394 _PT0	=	0x00b9
                           0000B8   395 _PX0	=	0x00b8
                           0000C0   396 _P40	=	0x00c0
                           0000C1   397 _P41	=	0x00c1
                           0000C2   398 _P42	=	0x00c2
                           0000C3   399 _P43	=	0x00c3
                           0000C4   400 _P44	=	0x00c4
                           0000C5   401 _P45	=	0x00c5
                           0000C6   402 _P46	=	0x00c6
                           0000C7   403 _P47	=	0x00c7
                           0000C8   404 _P50	=	0x00c8
                           0000C9   405 _P51	=	0x00c9
                           0000CA   406 _P52	=	0x00ca
                           0000CB   407 _P53	=	0x00cb
                           0000CC   408 _P54	=	0x00cc
                           0000CD   409 _P55	=	0x00cd
                           0000CE   410 _P56	=	0x00ce
                           0000CF   411 _P57	=	0x00cf
                           0000D7   412 _CY	=	0x00d7
                           0000D6   413 _AC	=	0x00d6
                           0000D5   414 _F0	=	0x00d5
                           0000D4   415 _RS1	=	0x00d4
                           0000D3   416 _RS0	=	0x00d3
                           0000D2   417 _OV	=	0x00d2
                           0000D1   418 _F1	=	0x00d1
                           0000D0   419 _P	=	0x00d0
                           0000E8   420 _P60	=	0x00e8
                           0000E9   421 _P61	=	0x00e9
                           0000EA   422 _P62	=	0x00ea
                           0000EB   423 _P63	=	0x00eb
                           0000EC   424 _P64	=	0x00ec
                           0000ED   425 _P65	=	0x00ed
                           0000EE   426 _P66	=	0x00ee
                           0000EF   427 _P67	=	0x00ef
                           0000F8   428 _P70	=	0x00f8
                           0000F9   429 _P71	=	0x00f9
                           0000FA   430 _P72	=	0x00fa
                           0000FB   431 _P73	=	0x00fb
                           0000FC   432 _P74	=	0x00fc
                           0000FD   433 _P75	=	0x00fd
                           0000FE   434 _P76	=	0x00fe
                           0000FF   435 _P77	=	0x00ff
                                    436 ;--------------------------------------------------------
                                    437 ; overlayable register banks
                                    438 ;--------------------------------------------------------
                                    439 	.area REG_BANK_0	(REL,OVR,DATA)
      000000                        440 	.ds 8
                                    441 ;--------------------------------------------------------
                                    442 ; internal ram data
                                    443 ;--------------------------------------------------------
                                    444 	.area DSEG    (DATA)
      000000                        445 _calib_set_point_at_sloc0_1_0:
      000000                        446 	.ds 4
      000004                        447 _calib_set_point_at_sloc1_1_0:
      000004                        448 	.ds 2
      000006                        449 _calib_solve_weight_sloc0_1_0:
      000006                        450 	.ds 4
      00000A                        451 _calib_solve_weight_sloc1_1_0:
      00000A                        452 	.ds 1
      00000B                        453 _calib_solve_weight_sloc2_1_0:
      00000B                        454 	.ds 1
      00000C                        455 _calib_solve_weight_sloc3_1_0:
      00000C                        456 	.ds 2
      00000E                        457 _calib_solve_weight_sloc4_1_0:
      00000E                        458 	.ds 4
      000012                        459 _calib_solve_weight_sloc5_1_0:
      000012                        460 	.ds 4
                                    461 ;--------------------------------------------------------
                                    462 ; overlayable items in internal ram
                                    463 ;--------------------------------------------------------
                                    464 ;--------------------------------------------------------
                                    465 ; indirectly addressable internal ram data
                                    466 ;--------------------------------------------------------
                                    467 	.area ISEG    (DATA)
                                    468 ;--------------------------------------------------------
                                    469 ; absolute internal ram data
                                    470 ;--------------------------------------------------------
                                    471 	.area IABS    (ABS,DATA)
                                    472 	.area IABS    (ABS,DATA)
                                    473 ;--------------------------------------------------------
                                    474 ; bit data
                                    475 ;--------------------------------------------------------
                                    476 	.area BSEG    (BIT)
                                    477 ;--------------------------------------------------------
                                    478 ; paged external ram data
                                    479 ;--------------------------------------------------------
                                    480 	.area PSEG    (PAG,XDATA)
                                    481 ;--------------------------------------------------------
                                    482 ; uninitialized external ram data
                                    483 ;--------------------------------------------------------
                                    484 	.area XSEG    (XDATA)
      000000                        485 _calib_set_point_at_PARM_2:
      000000                        486 	.ds 4
      000004                        487 _calib_set_point_at_index_10000_60:
      000004                        488 	.ds 1
      000005                        489 _calib_set_point_at_status_10000_61:
      000005                        490 	.ds 4
      000009                        491 _calib_set_point_at___100000005_1_0:
      000009                        492 	.ds 4
      00000D                        493 _calib_solve_weight_current_adc_10000_69:
      00000D                        494 	.ds 4
      000011                        495 _calib_solve_weight_x0_10000_70:
      000011                        496 	.ds 4
      000015                        497 _calib_solve_weight_x1_10000_70:
      000015                        498 	.ds 4
      000019                        499 _calib_solve_weight_y0_10000_70:
      000019                        500 	.ds 4
      00001D                        501 _calib_solve_weight_y1_10000_70:
      00001D                        502 	.ds 4
                                    503 ;--------------------------------------------------------
                                    504 ; absolute external ram data
                                    505 ;--------------------------------------------------------
                                    506 	.area XABS    (ABS,XDATA)
                                    507 ;--------------------------------------------------------
                                    508 ; initialized external ram data
                                    509 ;--------------------------------------------------------
                                    510 	.area XISEG   (XDATA)
                                    511 	.area HOME    (CODE)
                                    512 	.area GSINIT0 (CODE)
                                    513 	.area GSINIT1 (CODE)
                                    514 	.area GSINIT2 (CODE)
                                    515 	.area GSINIT3 (CODE)
                                    516 	.area GSINIT4 (CODE)
                                    517 	.area GSINIT5 (CODE)
                                    518 	.area GSINIT  (CODE)
                                    519 	.area GSFINAL (CODE)
                                    520 	.area CSEG    (CODE)
                                    521 ;--------------------------------------------------------
                                    522 ; global & static initialisations
                                    523 ;--------------------------------------------------------
                                    524 	.area HOME    (CODE)
                                    525 	.area GSINIT  (CODE)
                                    526 	.area GSFINAL (CODE)
                                    527 	.area GSINIT  (CODE)
                                    528 ;--------------------------------------------------------
                                    529 ; Home
                                    530 ;--------------------------------------------------------
                                    531 	.area HOME    (CODE)
                                    532 	.area HOME    (CODE)
                                    533 ;--------------------------------------------------------
                                    534 ; code
                                    535 ;--------------------------------------------------------
                                    536 	.area CSEG    (CODE)
                                    537 ;------------------------------------------------------------
                                    538 ;Allocation info for local variables in function 'calib_set_point_at'
                                    539 ;------------------------------------------------------------
                                    540 ;sloc0         Allocated with name '_calib_set_point_at_sloc0_1_0'
                                    541 ;sloc1         Allocated with name '_calib_set_point_at_sloc1_1_0'
                                    542 ;target_weight Allocated with name '_calib_set_point_at_PARM_2'
                                    543 ;index         Allocated with name '_calib_set_point_at_index_10000_60'
                                    544 ;current_adc   Allocated with name '_calib_set_point_at_current_adc_10000_61'
                                    545 ;status        Allocated with name '_calib_set_point_at_status_10000_61'
                                    546 ;__100000005   Allocated with name '_calib_set_point_at___100000005_1_0'
                                    547 ;------------------------------------------------------------
                                    548 ;	.\FwLib_STC8\user\calibration.c:6: cal_result_t calib_set_point_at(uint8_t index, int32_t target_weight) {
                                    549 ;	-----------------------------------------
                                    550 ;	 function calib_set_point_at
                                    551 ;	-----------------------------------------
      000000                        552 _calib_set_point_at:
                           000007   553 	ar7 = 0x07
                           000006   554 	ar6 = 0x06
                           000005   555 	ar5 = 0x05
                           000004   556 	ar4 = 0x04
                           000003   557 	ar3 = 0x03
                           000002   558 	ar2 = 0x02
                           000001   559 	ar1 = 0x01
                           000000   560 	ar0 = 0x00
      000000 E5 82            [12]  561 	mov	a,dpl
      000002 90r00r04         [24]  562 	mov	dptr,#_calib_set_point_at_index_10000_60
      000005 F0               [24]  563 	movx	@dptr,a
                                    564 ;	.\FwLib_STC8\user\calibration.c:7: int32_t current_adc = weight_get_filtered();
      000006 12r00r00         [24]  565 	lcall	_weight_get_filtered
      000009 AC 82            [24]  566 	mov	r4, dpl
      00000B AD 83            [24]  567 	mov	r5, dph
      00000D AE F0            [24]  568 	mov	r6, b
      00000F FF               [12]  569 	mov	r7, a
                                    570 ;	.\FwLib_STC8\user\calibration.c:8: weight_status_t status = weight_get_status();
      000010 C0 07            [24]  571 	push	ar7
      000012 C0 06            [24]  572 	push	ar6
      000014 C0 05            [24]  573 	push	ar5
      000016 C0 04            [24]  574 	push	ar4
      000018 74r09            [12]  575 	mov	a, #_calib_set_point_at___100000005_1_0
      00001A C0 E0            [24]  576 	push	acc
      00001C 74s00            [12]  577 	mov	a, #(_calib_set_point_at___100000005_1_0 >> 8)
      00001E C0 E0            [24]  578 	push	acc
      000020 E4               [12]  579 	clr	a
      000021 C0 E0            [24]  580 	push	acc
      000023 12r00r00         [24]  581 	lcall	_weight_get_status
      000026 15 81            [12]  582 	dec	sp
      000028 15 81            [12]  583 	dec	sp
      00002A 15 81            [12]  584 	dec	sp
      00002C 90r00r00         [24]  585 	mov	dptr,#___memcpy_PARM_2
      00002F 74r09            [12]  586 	mov	a,#_calib_set_point_at___100000005_1_0
      000031 F0               [24]  587 	movx	@dptr,a
      000032 74s00            [12]  588 	mov	a,#(_calib_set_point_at___100000005_1_0 >> 8)
      000034 A3               [24]  589 	inc	dptr
      000035 F0               [24]  590 	movx	@dptr,a
      000036 E4               [12]  591 	clr	a
      000037 A3               [24]  592 	inc	dptr
      000038 F0               [24]  593 	movx	@dptr,a
      000039 90r00r00         [24]  594 	mov	dptr,#___memcpy_PARM_3
      00003C 74 04            [12]  595 	mov	a,#0x04
      00003E F0               [24]  596 	movx	@dptr,a
      00003F E4               [12]  597 	clr	a
      000040 A3               [24]  598 	inc	dptr
      000041 F0               [24]  599 	movx	@dptr,a
      000042 90r00r05         [24]  600 	mov	dptr,#_calib_set_point_at_status_10000_61
      000045 F5 F0            [12]  601 	mov	b,a
      000047 12r00r00         [24]  602 	lcall	___memcpy
      00004A D0 04            [24]  603 	pop	ar4
      00004C D0 05            [24]  604 	pop	ar5
      00004E D0 06            [24]  605 	pop	ar6
      000050 D0 07            [24]  606 	pop	ar7
                                    607 ;	.\FwLib_STC8\user\calibration.c:14: if (index == 0) {
      000052 90r00r04         [24]  608 	mov	dptr,#_calib_set_point_at_index_10000_60
      000055 E0               [24]  609 	movx	a,@dptr
      000056 FB               [12]  610 	mov	r3,a
      000057 E0               [24]  611 	movx	a,@dptr
      000058 70 3F            [24]  612 	jnz	00102$
                                    613 ;	.\FwLib_STC8\user\calibration.c:16: reg_offset_val = current_adc;
      00005A 90r00r00         [24]  614 	mov	dptr,#_reg_offset_val
      00005D EC               [12]  615 	mov	a,r4
      00005E F0               [24]  616 	movx	@dptr,a
      00005F ED               [12]  617 	mov	a,r5
      000060 A3               [24]  618 	inc	dptr
      000061 F0               [24]  619 	movx	@dptr,a
      000062 EE               [12]  620 	mov	a,r6
      000063 A3               [24]  621 	inc	dptr
      000064 F0               [24]  622 	movx	@dptr,a
      000065 EF               [12]  623 	mov	a,r7
      000066 A3               [24]  624 	inc	dptr
      000067 F0               [24]  625 	movx	@dptr,a
                                    626 ;	.\FwLib_STC8\user\calibration.c:17: reg_avp[0] = 0;
      000068 90r00r00         [24]  627 	mov	dptr,#_reg_avp
      00006B E4               [12]  628 	clr	a
      00006C F0               [24]  629 	movx	@dptr,a
      00006D A3               [24]  630 	inc	dptr
      00006E F0               [24]  631 	movx	@dptr,a
      00006F A3               [24]  632 	inc	dptr
      000070 F0               [24]  633 	movx	@dptr,a
      000071 A3               [24]  634 	inc	dptr
      000072 F0               [24]  635 	movx	@dptr,a
                                    636 ;	.\FwLib_STC8\user\calibration.c:18: reg_pvp[0] = target_weight; 
      000073 90r00r00         [24]  637 	mov	dptr,#_calib_set_point_at_PARM_2
      000076 E0               [24]  638 	movx	a,@dptr
      000077 F5*00            [12]  639 	mov	_calib_set_point_at_sloc0_1_0,a
      000079 A3               [24]  640 	inc	dptr
      00007A E0               [24]  641 	movx	a,@dptr
      00007B F5*01            [12]  642 	mov	(_calib_set_point_at_sloc0_1_0 + 1),a
      00007D A3               [24]  643 	inc	dptr
      00007E E0               [24]  644 	movx	a,@dptr
      00007F F5*02            [12]  645 	mov	(_calib_set_point_at_sloc0_1_0 + 2),a
      000081 A3               [24]  646 	inc	dptr
      000082 E0               [24]  647 	movx	a,@dptr
      000083 F5*03            [12]  648 	mov	(_calib_set_point_at_sloc0_1_0 + 3),a
      000085 90r00r00         [24]  649 	mov	dptr,#_reg_pvp
      000088 E5*00            [12]  650 	mov	a,_calib_set_point_at_sloc0_1_0
      00008A F0               [24]  651 	movx	@dptr,a
      00008B E5*01            [12]  652 	mov	a,(_calib_set_point_at_sloc0_1_0 + 1)
      00008D A3               [24]  653 	inc	dptr
      00008E F0               [24]  654 	movx	@dptr,a
      00008F E5*02            [12]  655 	mov	a,(_calib_set_point_at_sloc0_1_0 + 2)
      000091 A3               [24]  656 	inc	dptr
      000092 F0               [24]  657 	movx	@dptr,a
      000093 E5*03            [12]  658 	mov	a,(_calib_set_point_at_sloc0_1_0 + 3)
      000095 A3               [24]  659 	inc	dptr
      000096 F0               [24]  660 	movx	@dptr,a
      000097 80 67            [24]  661 	sjmp	00103$
      000099                        662 00102$:
                                    663 ;	.\FwLib_STC8\user\calibration.c:21: reg_avp[index] = current_adc - reg_offset_val;
      000099 EB               [12]  664 	mov	a,r3
      00009A 75 F0 04         [24]  665 	mov	b,#0x04
      00009D A4               [48]  666 	mul	ab
      00009E F5*04            [12]  667 	mov	_calib_set_point_at_sloc1_1_0,a
      0000A0 85 F0*05         [24]  668 	mov	(_calib_set_point_at_sloc1_1_0 + 1),b
      0000A3 24r00            [12]  669 	add	a, #_reg_avp
      0000A5 F5*00            [12]  670 	mov	_calib_set_point_at_sloc0_1_0,a
      0000A7 E5*05            [12]  671 	mov	a,(_calib_set_point_at_sloc1_1_0 + 1)
      0000A9 34s00            [12]  672 	addc	a, #(_reg_avp >> 8)
      0000AB F5*01            [12]  673 	mov	(_calib_set_point_at_sloc0_1_0 + 1),a
      0000AD 90r00r00         [24]  674 	mov	dptr,#_reg_offset_val
      0000B0 E0               [24]  675 	movx	a,@dptr
      0000B1 F8               [12]  676 	mov	r0,a
      0000B2 A3               [24]  677 	inc	dptr
      0000B3 E0               [24]  678 	movx	a,@dptr
      0000B4 F9               [12]  679 	mov	r1,a
      0000B5 A3               [24]  680 	inc	dptr
      0000B6 E0               [24]  681 	movx	a,@dptr
      0000B7 FA               [12]  682 	mov	r2,a
      0000B8 A3               [24]  683 	inc	dptr
      0000B9 E0               [24]  684 	movx	a,@dptr
      0000BA FB               [12]  685 	mov	r3,a
      0000BB EC               [12]  686 	mov	a,r4
      0000BC C3               [12]  687 	clr	c
      0000BD 98               [12]  688 	subb	a,r0
      0000BE FC               [12]  689 	mov	r4,a
      0000BF ED               [12]  690 	mov	a,r5
      0000C0 99               [12]  691 	subb	a,r1
      0000C1 FD               [12]  692 	mov	r5,a
      0000C2 EE               [12]  693 	mov	a,r6
      0000C3 9A               [12]  694 	subb	a,r2
      0000C4 FE               [12]  695 	mov	r6,a
      0000C5 EF               [12]  696 	mov	a,r7
      0000C6 9B               [12]  697 	subb	a,r3
      0000C7 FF               [12]  698 	mov	r7,a
      0000C8 85*00 82         [24]  699 	mov	dpl,_calib_set_point_at_sloc0_1_0
      0000CB 85*01 83         [24]  700 	mov	dph,(_calib_set_point_at_sloc0_1_0 + 1)
      0000CE EC               [12]  701 	mov	a,r4
      0000CF F0               [24]  702 	movx	@dptr,a
      0000D0 ED               [12]  703 	mov	a,r5
      0000D1 A3               [24]  704 	inc	dptr
      0000D2 F0               [24]  705 	movx	@dptr,a
      0000D3 EE               [12]  706 	mov	a,r6
      0000D4 A3               [24]  707 	inc	dptr
      0000D5 F0               [24]  708 	movx	@dptr,a
      0000D6 EF               [12]  709 	mov	a,r7
      0000D7 A3               [24]  710 	inc	dptr
      0000D8 F0               [24]  711 	movx	@dptr,a
                                    712 ;	.\FwLib_STC8\user\calibration.c:22: reg_pvp[index] = target_weight;
      0000D9 E5*04            [12]  713 	mov	a,_calib_set_point_at_sloc1_1_0
      0000DB 24r00            [12]  714 	add	a, #_reg_pvp
      0000DD FE               [12]  715 	mov	r6,a
      0000DE E5*05            [12]  716 	mov	a,(_calib_set_point_at_sloc1_1_0 + 1)
      0000E0 34s00            [12]  717 	addc	a, #(_reg_pvp >> 8)
      0000E2 FF               [12]  718 	mov	r7,a
      0000E3 90r00r00         [24]  719 	mov	dptr,#_calib_set_point_at_PARM_2
      0000E6 E0               [24]  720 	movx	a,@dptr
      0000E7 FA               [12]  721 	mov	r2,a
      0000E8 A3               [24]  722 	inc	dptr
      0000E9 E0               [24]  723 	movx	a,@dptr
      0000EA FB               [12]  724 	mov	r3,a
      0000EB A3               [24]  725 	inc	dptr
      0000EC E0               [24]  726 	movx	a,@dptr
      0000ED FC               [12]  727 	mov	r4,a
      0000EE A3               [24]  728 	inc	dptr
      0000EF E0               [24]  729 	movx	a,@dptr
      0000F0 FD               [12]  730 	mov	r5,a
      0000F1 8E 82            [24]  731 	mov	dpl,r6
      0000F3 8F 83            [24]  732 	mov	dph,r7
      0000F5 EA               [12]  733 	mov	a,r2
      0000F6 F0               [24]  734 	movx	@dptr,a
      0000F7 EB               [12]  735 	mov	a,r3
      0000F8 A3               [24]  736 	inc	dptr
      0000F9 F0               [24]  737 	movx	@dptr,a
      0000FA EC               [12]  738 	mov	a,r4
      0000FB A3               [24]  739 	inc	dptr
      0000FC F0               [24]  740 	movx	@dptr,a
      0000FD ED               [12]  741 	mov	a,r5
      0000FE A3               [24]  742 	inc	dptr
      0000FF F0               [24]  743 	movx	@dptr,a
      000100                        744 00103$:
                                    745 ;	.\FwLib_STC8\user\calibration.c:26: if (index >= reg_cal_points_num) {
      000100 90r00r04         [24]  746 	mov	dptr,#_calib_set_point_at_index_10000_60
      000103 E0               [24]  747 	movx	a,@dptr
      000104 FF               [12]  748 	mov	r7,a
      000105 90r00r00         [24]  749 	mov	dptr,#_reg_cal_points_num
      000108 E0               [24]  750 	movx	a,@dptr
      000109 F5*00            [12]  751 	mov	_calib_set_point_at_sloc0_1_0,a
      00010B A3               [24]  752 	inc	dptr
      00010C E0               [24]  753 	movx	a,@dptr
      00010D F5*01            [12]  754 	mov	(_calib_set_point_at_sloc0_1_0 + 1),a
      00010F A3               [24]  755 	inc	dptr
      000110 E0               [24]  756 	movx	a,@dptr
      000111 F5*02            [12]  757 	mov	(_calib_set_point_at_sloc0_1_0 + 2),a
      000113 A3               [24]  758 	inc	dptr
      000114 E0               [24]  759 	movx	a,@dptr
      000115 F5*03            [12]  760 	mov	(_calib_set_point_at_sloc0_1_0 + 3),a
      000117 8F 00            [24]  761 	mov	ar0,r7
      000119 79 00            [12]  762 	mov	r1,#0x00
      00011B 7A 00            [12]  763 	mov	r2,#0x00
      00011D 7E 00            [12]  764 	mov	r6,#0x00
      00011F C3               [12]  765 	clr	c
      000120 E8               [12]  766 	mov	a,r0
      000121 95*00            [12]  767 	subb	a,_calib_set_point_at_sloc0_1_0
      000123 E9               [12]  768 	mov	a,r1
      000124 95*01            [12]  769 	subb	a,(_calib_set_point_at_sloc0_1_0 + 1)
      000126 EA               [12]  770 	mov	a,r2
      000127 95*02            [12]  771 	subb	a,(_calib_set_point_at_sloc0_1_0 + 2)
      000129 EE               [12]  772 	mov	a,r6
      00012A 64 80            [12]  773 	xrl	a,#0x80
      00012C 85*03 F0         [24]  774 	mov	b,(_calib_set_point_at_sloc0_1_0 + 3)
      00012F 63 F0 80         [24]  775 	xrl	b,#0x80
      000132 95 F0            [12]  776 	subb	a,b
      000134 40 17            [24]  777 	jc	00105$
                                    778 ;	.\FwLib_STC8\user\calibration.c:27: reg_cal_points_num = index + 1;
      000136 7E 00            [12]  779 	mov	r6,#0x00
      000138 0F               [12]  780 	inc	r7
      000139 BF 00 01         [24]  781 	cjne	r7,#0x00,00122$
      00013C 0E               [12]  782 	inc	r6
      00013D                        783 00122$:
      00013D 90r00r00         [24]  784 	mov	dptr,#_reg_cal_points_num
      000140 EF               [12]  785 	mov	a,r7
      000141 F0               [24]  786 	movx	@dptr,a
      000142 EE               [12]  787 	mov	a,r6
      000143 A3               [24]  788 	inc	dptr
      000144 F0               [24]  789 	movx	@dptr,a
      000145 EE               [12]  790 	mov	a,r6
      000146 33               [12]  791 	rlc	a
      000147 95 E0            [12]  792 	subb	a,acc
      000149 A3               [24]  793 	inc	dptr
      00014A F0               [24]  794 	movx	@dptr,a
      00014B A3               [24]  795 	inc	dptr
      00014C F0               [24]  796 	movx	@dptr,a
      00014D                        797 00105$:
                                    798 ;	.\FwLib_STC8\user\calibration.c:30: reg_save_all();
      00014D 12r00r00         [24]  799 	lcall	_reg_save_all
                                    800 ;	.\FwLib_STC8\user\calibration.c:31: return CAL_OK;
      000150 75 82 00         [24]  801 	mov	dpl, #0x00
                                    802 ;	.\FwLib_STC8\user\calibration.c:32: }
      000153 22               [24]  803 	ret
                                    804 ;------------------------------------------------------------
                                    805 ;Allocation info for local variables in function 'calib_clear_all'
                                    806 ;------------------------------------------------------------
                                    807 ;i             Allocated with name '_calib_clear_all_i_10000_66'
                                    808 ;------------------------------------------------------------
                                    809 ;	.\FwLib_STC8\user\calibration.c:34: void calib_clear_all(void) {
                                    810 ;	-----------------------------------------
                                    811 ;	 function calib_clear_all
                                    812 ;	-----------------------------------------
      000154                        813 _calib_clear_all:
                                    814 ;	.\FwLib_STC8\user\calibration.c:36: reg_offset_val = 0;
      000154 90r00r00         [24]  815 	mov	dptr,#_reg_offset_val
      000157 E4               [12]  816 	clr	a
      000158 F0               [24]  817 	movx	@dptr,a
      000159 A3               [24]  818 	inc	dptr
      00015A F0               [24]  819 	movx	@dptr,a
      00015B A3               [24]  820 	inc	dptr
      00015C F0               [24]  821 	movx	@dptr,a
      00015D A3               [24]  822 	inc	dptr
      00015E F0               [24]  823 	movx	@dptr,a
                                    824 ;	.\FwLib_STC8\user\calibration.c:37: reg_cal_points_num = 0;
      00015F 90r00r00         [24]  825 	mov	dptr,#_reg_cal_points_num
      000162 F0               [24]  826 	movx	@dptr,a
      000163 A3               [24]  827 	inc	dptr
      000164 F0               [24]  828 	movx	@dptr,a
      000165 A3               [24]  829 	inc	dptr
      000166 F0               [24]  830 	movx	@dptr,a
      000167 A3               [24]  831 	inc	dptr
      000168 F0               [24]  832 	movx	@dptr,a
                                    833 ;	.\FwLib_STC8\user\calibration.c:38: for (i = 0; i < 9; i++) {
      000169 FF               [12]  834 	mov	r7,a
      00016A                        835 00102$:
                                    836 ;	.\FwLib_STC8\user\calibration.c:39: reg_avp[i] = 0;
      00016A EF               [12]  837 	mov	a,r7
      00016B 75 F0 04         [24]  838 	mov	b,#0x04
      00016E A4               [48]  839 	mul	ab
      00016F FD               [12]  840 	mov	r5,a
      000170 AE F0            [24]  841 	mov	r6,b
      000172 24r00            [12]  842 	add	a, #_reg_avp
      000174 F5 82            [12]  843 	mov	dpl,a
      000176 EE               [12]  844 	mov	a,r6
      000177 34s00            [12]  845 	addc	a, #(_reg_avp >> 8)
      000179 F5 83            [12]  846 	mov	dph,a
      00017B E4               [12]  847 	clr	a
      00017C F0               [24]  848 	movx	@dptr,a
      00017D A3               [24]  849 	inc	dptr
      00017E F0               [24]  850 	movx	@dptr,a
      00017F A3               [24]  851 	inc	dptr
      000180 F0               [24]  852 	movx	@dptr,a
      000181 A3               [24]  853 	inc	dptr
      000182 F0               [24]  854 	movx	@dptr,a
                                    855 ;	.\FwLib_STC8\user\calibration.c:40: reg_pvp[i] = 0;
      000183 ED               [12]  856 	mov	a,r5
      000184 24r00            [12]  857 	add	a, #_reg_pvp
      000186 F5 82            [12]  858 	mov	dpl,a
      000188 EE               [12]  859 	mov	a,r6
      000189 34s00            [12]  860 	addc	a, #(_reg_pvp >> 8)
      00018B F5 83            [12]  861 	mov	dph,a
      00018D E4               [12]  862 	clr	a
      00018E F0               [24]  863 	movx	@dptr,a
      00018F A3               [24]  864 	inc	dptr
      000190 F0               [24]  865 	movx	@dptr,a
      000191 A3               [24]  866 	inc	dptr
      000192 F0               [24]  867 	movx	@dptr,a
      000193 A3               [24]  868 	inc	dptr
      000194 F0               [24]  869 	movx	@dptr,a
                                    870 ;	.\FwLib_STC8\user\calibration.c:38: for (i = 0; i < 9; i++) {
      000195 0F               [12]  871 	inc	r7
      000196 BF 09 00         [24]  872 	cjne	r7,#0x09,00119$
      000199                        873 00119$:
      000199 40 CF            [24]  874 	jc	00102$
                                    875 ;	.\FwLib_STC8\user\calibration.c:42: reg_save_all();
                                    876 ;	.\FwLib_STC8\user\calibration.c:43: }
      00019B 02r00r00         [24]  877 	ljmp	_reg_save_all
                                    878 ;------------------------------------------------------------
                                    879 ;Allocation info for local variables in function 'calib_solve_weight'
                                    880 ;------------------------------------------------------------
                                    881 ;sloc0         Allocated with name '_calib_solve_weight_sloc0_1_0'
                                    882 ;sloc1         Allocated with name '_calib_solve_weight_sloc1_1_0'
                                    883 ;sloc2         Allocated with name '_calib_solve_weight_sloc2_1_0'
                                    884 ;sloc3         Allocated with name '_calib_solve_weight_sloc3_1_0'
                                    885 ;sloc4         Allocated with name '_calib_solve_weight_sloc4_1_0'
                                    886 ;sloc5         Allocated with name '_calib_solve_weight_sloc5_1_0'
                                    887 ;current_adc   Allocated with name '_calib_solve_weight_current_adc_10000_69'
                                    888 ;i             Allocated with name '_calib_solve_weight_i_10000_70'
                                    889 ;x0            Allocated with name '_calib_solve_weight_x0_10000_70'
                                    890 ;x1            Allocated with name '_calib_solve_weight_x1_10000_70'
                                    891 ;y0            Allocated with name '_calib_solve_weight_y0_10000_70'
                                    892 ;y1            Allocated with name '_calib_solve_weight_y1_10000_70'
                                    893 ;x             Allocated with name '_calib_solve_weight_x_10000_70'
                                    894 ;dx            Allocated with name '_calib_solve_weight_dx_20000_75'
                                    895 ;dy            Allocated with name '_calib_solve_weight_dy_20000_75'
                                    896 ;run           Allocated with name '_calib_solve_weight_run_20000_75'
                                    897 ;------------------------------------------------------------
                                    898 ;	.\FwLib_STC8\user\calibration.c:45: int32_t calib_solve_weight(int32_t current_adc) {
                                    899 ;	-----------------------------------------
                                    900 ;	 function calib_solve_weight
                                    901 ;	-----------------------------------------
      00019E                        902 _calib_solve_weight:
      00019E AF 82            [24]  903 	mov	r7,dpl
      0001A0 AE 83            [24]  904 	mov	r6,dph
      0001A2 AD F0            [24]  905 	mov	r5,b
      0001A4 FC               [12]  906 	mov	r4,a
      0001A5 90r00r0D         [24]  907 	mov	dptr,#_calib_solve_weight_current_adc_10000_69
      0001A8 EF               [12]  908 	mov	a,r7
      0001A9 F0               [24]  909 	movx	@dptr,a
      0001AA EE               [12]  910 	mov	a,r6
      0001AB A3               [24]  911 	inc	dptr
      0001AC F0               [24]  912 	movx	@dptr,a
      0001AD ED               [12]  913 	mov	a,r5
      0001AE A3               [24]  914 	inc	dptr
      0001AF F0               [24]  915 	movx	@dptr,a
      0001B0 EC               [12]  916 	mov	a,r4
      0001B1 A3               [24]  917 	inc	dptr
      0001B2 F0               [24]  918 	movx	@dptr,a
                                    919 ;	.\FwLib_STC8\user\calibration.c:48: int32_t x = current_adc - reg_offset_val;
      0001B3 90r00r00         [24]  920 	mov	dptr,#_reg_offset_val
      0001B6 E0               [24]  921 	movx	a,@dptr
      0001B7 FC               [12]  922 	mov	r4,a
      0001B8 A3               [24]  923 	inc	dptr
      0001B9 E0               [24]  924 	movx	a,@dptr
      0001BA FD               [12]  925 	mov	r5,a
      0001BB A3               [24]  926 	inc	dptr
      0001BC E0               [24]  927 	movx	a,@dptr
      0001BD FE               [12]  928 	mov	r6,a
      0001BE A3               [24]  929 	inc	dptr
      0001BF E0               [24]  930 	movx	a,@dptr
      0001C0 FF               [12]  931 	mov	r7,a
      0001C1 90r00r0D         [24]  932 	mov	dptr,#_calib_solve_weight_current_adc_10000_69
      0001C4 E0               [24]  933 	movx	a,@dptr
      0001C5 F8               [12]  934 	mov	r0,a
      0001C6 A3               [24]  935 	inc	dptr
      0001C7 E0               [24]  936 	movx	a,@dptr
      0001C8 F9               [12]  937 	mov	r1,a
      0001C9 A3               [24]  938 	inc	dptr
      0001CA E0               [24]  939 	movx	a,@dptr
      0001CB FA               [12]  940 	mov	r2,a
      0001CC A3               [24]  941 	inc	dptr
      0001CD E0               [24]  942 	movx	a,@dptr
      0001CE FB               [12]  943 	mov	r3,a
      0001CF E8               [12]  944 	mov	a,r0
      0001D0 C3               [12]  945 	clr	c
      0001D1 9C               [12]  946 	subb	a,r4
      0001D2 FC               [12]  947 	mov	r4,a
      0001D3 E9               [12]  948 	mov	a,r1
      0001D4 9D               [12]  949 	subb	a,r5
      0001D5 FD               [12]  950 	mov	r5,a
      0001D6 EA               [12]  951 	mov	a,r2
      0001D7 9E               [12]  952 	subb	a,r6
      0001D8 FE               [12]  953 	mov	r6,a
      0001D9 EB               [12]  954 	mov	a,r3
      0001DA 9F               [12]  955 	subb	a,r7
      0001DB FF               [12]  956 	mov	r7,a
                                    957 ;	.\FwLib_STC8\user\calibration.c:50: if (reg_cal_points_num < 2) {
      0001DC 90r00r00         [24]  958 	mov	dptr,#_reg_cal_points_num
      0001DF E0               [24]  959 	movx	a,@dptr
      0001E0 F8               [12]  960 	mov	r0,a
      0001E1 A3               [24]  961 	inc	dptr
      0001E2 E0               [24]  962 	movx	a,@dptr
      0001E3 F9               [12]  963 	mov	r1,a
      0001E4 A3               [24]  964 	inc	dptr
      0001E5 E0               [24]  965 	movx	a,@dptr
      0001E6 FA               [12]  966 	mov	r2,a
      0001E7 A3               [24]  967 	inc	dptr
      0001E8 E0               [24]  968 	movx	a,@dptr
      0001E9 FB               [12]  969 	mov	r3,a
      0001EA C3               [12]  970 	clr	c
      0001EB E8               [12]  971 	mov	a,r0
      0001EC 94 02            [12]  972 	subb	a,#0x02
      0001EE E9               [12]  973 	mov	a,r1
      0001EF 94 00            [12]  974 	subb	a,#0x00
      0001F1 EA               [12]  975 	mov	a,r2
      0001F2 94 00            [12]  976 	subb	a,#0x00
      0001F4 EB               [12]  977 	mov	a,r3
      0001F5 64 80            [12]  978 	xrl	a,#0x80
      0001F7 94 80            [12]  979 	subb	a,#0x80
      0001F9 50 07            [24]  980 	jnc	00126$
                                    981 ;	.\FwLib_STC8\user\calibration.c:51: return 0; 
      0001FB 90 00 00         [24]  982 	mov	dptr,#0x0000
      0001FE E4               [12]  983 	clr	a
      0001FF F5 F0            [12]  984 	mov	b,a
      000201 22               [24]  985 	ret
                                    986 ;	.\FwLib_STC8\user\calibration.c:54: for (i = 0; i < (reg_cal_points_num - 1); i++) {
      000202                        987 00126$:
      000202 E8               [12]  988 	mov	a,r0
      000203 24 FF            [12]  989 	add	a,#0xff
      000205 F5*06            [12]  990 	mov	_calib_solve_weight_sloc0_1_0,a
      000207 E9               [12]  991 	mov	a,r1
      000208 34 FF            [12]  992 	addc	a,#0xff
      00020A F5*07            [12]  993 	mov	(_calib_solve_weight_sloc0_1_0 + 1),a
      00020C EA               [12]  994 	mov	a,r2
      00020D 34 FF            [12]  995 	addc	a,#0xff
      00020F F5*08            [12]  996 	mov	(_calib_solve_weight_sloc0_1_0 + 2),a
      000211 EB               [12]  997 	mov	a,r3
      000212 34 FF            [12]  998 	addc	a,#0xff
      000214 F5*09            [12]  999 	mov	(_calib_solve_weight_sloc0_1_0 + 3),a
      000216 75*0A 00         [24] 1000 	mov	_calib_solve_weight_sloc1_1_0,#0x00
      000219                       1001 00119$:
      000219 C0 00            [24] 1002 	push	ar0
      00021B C0 01            [24] 1003 	push	ar1
      00021D C0 02            [24] 1004 	push	ar2
      00021F C0 03            [24] 1005 	push	ar3
      000221 A8*0A            [24] 1006 	mov	r0,_calib_solve_weight_sloc1_1_0
      000223 79 00            [12] 1007 	mov	r1,#0x00
      000225 7A 00            [12] 1008 	mov	r2,#0x00
      000227 7B 00            [12] 1009 	mov	r3,#0x00
      000229 C3               [12] 1010 	clr	c
      00022A E8               [12] 1011 	mov	a,r0
      00022B 95*06            [12] 1012 	subb	a,_calib_solve_weight_sloc0_1_0
      00022D E9               [12] 1013 	mov	a,r1
      00022E 95*07            [12] 1014 	subb	a,(_calib_solve_weight_sloc0_1_0 + 1)
      000230 EA               [12] 1015 	mov	a,r2
      000231 95*08            [12] 1016 	subb	a,(_calib_solve_weight_sloc0_1_0 + 2)
      000233 EB               [12] 1017 	mov	a,r3
      000234 64 80            [12] 1018 	xrl	a,#0x80
      000236 85*09 F0         [24] 1019 	mov	b,(_calib_solve_weight_sloc0_1_0 + 3)
      000239 63 F0 80         [24] 1020 	xrl	b,#0x80
      00023C 95 F0            [12] 1021 	subb	a,b
      00023E D0 03            [24] 1022 	pop	ar3
      000240 D0 02            [24] 1023 	pop	ar2
      000242 D0 01            [24] 1024 	pop	ar1
      000244 D0 00            [24] 1025 	pop	ar0
      000246 40 03            [24] 1026 	jc	00183$
      000248 02r03rE4         [24] 1027 	ljmp	00108$
      00024B                       1028 00183$:
                                   1029 ;	.\FwLib_STC8\user\calibration.c:56: if (reg_avp[i+1] <= reg_avp[i]) continue; 
      00024B C0 00            [24] 1030 	push	ar0
      00024D C0 01            [24] 1031 	push	ar1
      00024F C0 02            [24] 1032 	push	ar2
      000251 C0 03            [24] 1033 	push	ar3
      000253 E5*0A            [12] 1034 	mov	a,_calib_solve_weight_sloc1_1_0
      000255 F5*0B            [12] 1035 	mov	_calib_solve_weight_sloc2_1_0,a
      000257 04               [12] 1036 	inc	a
      000258 FB               [12] 1037 	mov	r3,a
      000259 C2 D5            [12] 1038 	clr	F0
      00025B 75 F0 04         [24] 1039 	mov	b,#0x04
      00025E EB               [12] 1040 	mov	a,r3
      00025F 30 E7 04         [24] 1041 	jnb	acc.7,00184$
      000262 B2 D5            [12] 1042 	cpl	F0
      000264 F4               [12] 1043 	cpl	a
      000265 04               [12] 1044 	inc	a
      000266                       1045 00184$:
      000266 A4               [48] 1046 	mul	ab
      000267 30 D5 0A         [24] 1047 	jnb	F0,00185$
      00026A F4               [12] 1048 	cpl	a
      00026B 24 01            [12] 1049 	add	a,#0x01
      00026D C5 F0            [12] 1050 	xch	a,b
      00026F F4               [12] 1051 	cpl	a
      000270 34 00            [12] 1052 	addc	a,#0x00
      000272 C5 F0            [12] 1053 	xch	a,b
      000274                       1054 00185$:
      000274 24r00            [12] 1055 	add	a, #_reg_avp
      000276 F5 82            [12] 1056 	mov	dpl,a
      000278 74s00            [12] 1057 	mov	a,#(_reg_avp >> 8)
      00027A 35 F0            [12] 1058 	addc	a, b
      00027C F5 83            [12] 1059 	mov	dph,a
      00027E E0               [24] 1060 	movx	a,@dptr
      00027F F8               [12] 1061 	mov	r0,a
      000280 A3               [24] 1062 	inc	dptr
      000281 E0               [24] 1063 	movx	a,@dptr
      000282 F9               [12] 1064 	mov	r1,a
      000283 A3               [24] 1065 	inc	dptr
      000284 E0               [24] 1066 	movx	a,@dptr
      000285 FA               [12] 1067 	mov	r2,a
      000286 A3               [24] 1068 	inc	dptr
      000287 E0               [24] 1069 	movx	a,@dptr
      000288 FB               [12] 1070 	mov	r3,a
      000289 E5*0A            [12] 1071 	mov	a,_calib_solve_weight_sloc1_1_0
      00028B 75 F0 04         [24] 1072 	mov	b,#0x04
      00028E A4               [48] 1073 	mul	ab
      00028F F5*0C            [12] 1074 	mov	_calib_solve_weight_sloc3_1_0,a
      000291 85 F0*0D         [24] 1075 	mov	(_calib_solve_weight_sloc3_1_0 + 1),b
      000294 24r00            [12] 1076 	add	a, #_reg_avp
      000296 F5 82            [12] 1077 	mov	dpl,a
      000298 E5*0D            [12] 1078 	mov	a,(_calib_solve_weight_sloc3_1_0 + 1)
      00029A 34s00            [12] 1079 	addc	a, #(_reg_avp >> 8)
      00029C F5 83            [12] 1080 	mov	dph,a
      00029E E0               [24] 1081 	movx	a,@dptr
      00029F F5*0E            [12] 1082 	mov	_calib_solve_weight_sloc4_1_0,a
      0002A1 A3               [24] 1083 	inc	dptr
      0002A2 E0               [24] 1084 	movx	a,@dptr
      0002A3 F5*0F            [12] 1085 	mov	(_calib_solve_weight_sloc4_1_0 + 1),a
      0002A5 A3               [24] 1086 	inc	dptr
      0002A6 E0               [24] 1087 	movx	a,@dptr
      0002A7 F5*10            [12] 1088 	mov	(_calib_solve_weight_sloc4_1_0 + 2),a
      0002A9 A3               [24] 1089 	inc	dptr
      0002AA E0               [24] 1090 	movx	a,@dptr
      0002AB F5*11            [12] 1091 	mov	(_calib_solve_weight_sloc4_1_0 + 3),a
      0002AD C3               [12] 1092 	clr	c
      0002AE E5*0E            [12] 1093 	mov	a,_calib_solve_weight_sloc4_1_0
      0002B0 98               [12] 1094 	subb	a,r0
      0002B1 E5*0F            [12] 1095 	mov	a,(_calib_solve_weight_sloc4_1_0 + 1)
      0002B3 99               [12] 1096 	subb	a,r1
      0002B4 E5*10            [12] 1097 	mov	a,(_calib_solve_weight_sloc4_1_0 + 2)
      0002B6 9A               [12] 1098 	subb	a,r2
      0002B7 E5*11            [12] 1099 	mov	a,(_calib_solve_weight_sloc4_1_0 + 3)
      0002B9 64 80            [12] 1100 	xrl	a,#0x80
      0002BB 8B F0            [24] 1101 	mov	b,r3
      0002BD 63 F0 80         [24] 1102 	xrl	b,#0x80
      0002C0 95 F0            [12] 1103 	subb	a,b
      0002C2 D0 03            [24] 1104 	pop	ar3
      0002C4 D0 02            [24] 1105 	pop	ar2
      0002C6 D0 01            [24] 1106 	pop	ar1
      0002C8 D0 00            [24] 1107 	pop	ar0
      0002CA 40 03            [24] 1108 	jc	00186$
      0002CC 02r03rDF         [24] 1109 	ljmp	00107$
      0002CF                       1110 00186$:
                                   1111 ;	.\FwLib_STC8\user\calibration.c:58: if (x <= reg_avp[i + 1]) {
      0002CF C0 00            [24] 1112 	push	ar0
      0002D1 C0 01            [24] 1113 	push	ar1
      0002D3 C0 02            [24] 1114 	push	ar2
      0002D5 C0 03            [24] 1115 	push	ar3
      0002D7 E5*0B            [12] 1116 	mov	a,_calib_solve_weight_sloc2_1_0
      0002D9 04               [12] 1117 	inc	a
      0002DA FB               [12] 1118 	mov	r3,a
      0002DB C2 D5            [12] 1119 	clr	F0
      0002DD 75 F0 04         [24] 1120 	mov	b,#0x04
      0002E0 EB               [12] 1121 	mov	a,r3
      0002E1 30 E7 04         [24] 1122 	jnb	acc.7,00187$
      0002E4 B2 D5            [12] 1123 	cpl	F0
      0002E6 F4               [12] 1124 	cpl	a
      0002E7 04               [12] 1125 	inc	a
      0002E8                       1126 00187$:
      0002E8 A4               [48] 1127 	mul	ab
      0002E9 30 D5 0A         [24] 1128 	jnb	F0,00188$
      0002EC F4               [12] 1129 	cpl	a
      0002ED 24 01            [12] 1130 	add	a,#0x01
      0002EF C5 F0            [12] 1131 	xch	a,b
      0002F1 F4               [12] 1132 	cpl	a
      0002F2 34 00            [12] 1133 	addc	a,#0x00
      0002F4 C5 F0            [12] 1134 	xch	a,b
      0002F6                       1135 00188$:
      0002F6 24r00            [12] 1136 	add	a, #_reg_avp
      0002F8 F5 82            [12] 1137 	mov	dpl,a
      0002FA 74s00            [12] 1138 	mov	a,#(_reg_avp >> 8)
      0002FC 35 F0            [12] 1139 	addc	a, b
      0002FE F5 83            [12] 1140 	mov	dph,a
      000300 E0               [24] 1141 	movx	a,@dptr
      000301 F8               [12] 1142 	mov	r0,a
      000302 A3               [24] 1143 	inc	dptr
      000303 E0               [24] 1144 	movx	a,@dptr
      000304 F9               [12] 1145 	mov	r1,a
      000305 A3               [24] 1146 	inc	dptr
      000306 E0               [24] 1147 	movx	a,@dptr
      000307 FA               [12] 1148 	mov	r2,a
      000308 A3               [24] 1149 	inc	dptr
      000309 E0               [24] 1150 	movx	a,@dptr
      00030A FB               [12] 1151 	mov	r3,a
      00030B C3               [12] 1152 	clr	c
      00030C E8               [12] 1153 	mov	a,r0
      00030D 9C               [12] 1154 	subb	a,r4
      00030E E9               [12] 1155 	mov	a,r1
      00030F 9D               [12] 1156 	subb	a,r5
      000310 EA               [12] 1157 	mov	a,r2
      000311 9E               [12] 1158 	subb	a,r6
      000312 EB               [12] 1159 	mov	a,r3
      000313 64 80            [12] 1160 	xrl	a,#0x80
      000315 8F F0            [24] 1161 	mov	b,r7
      000317 63 F0 80         [24] 1162 	xrl	b,#0x80
      00031A 95 F0            [12] 1163 	subb	a,b
      00031C D0 03            [24] 1164 	pop	ar3
      00031E D0 02            [24] 1165 	pop	ar2
      000320 D0 01            [24] 1166 	pop	ar1
      000322 D0 00            [24] 1167 	pop	ar0
      000324 50 03            [24] 1168 	jnc	00189$
      000326 02r03rDF         [24] 1169 	ljmp	00107$
      000329                       1170 00189$:
                                   1171 ;	.\FwLib_STC8\user\calibration.c:59: x0 = reg_avp[i];
      000329 C0 04            [24] 1172 	push	ar4
      00032B C0 05            [24] 1173 	push	ar5
      00032D C0 06            [24] 1174 	push	ar6
      00032F C0 07            [24] 1175 	push	ar7
      000331 90r00r11         [24] 1176 	mov	dptr,#_calib_solve_weight_x0_10000_70
      000334 E5*0E            [12] 1177 	mov	a,_calib_solve_weight_sloc4_1_0
      000336 F0               [24] 1178 	movx	@dptr,a
      000337 E5*0F            [12] 1179 	mov	a,(_calib_solve_weight_sloc4_1_0 + 1)
      000339 A3               [24] 1180 	inc	dptr
      00033A F0               [24] 1181 	movx	@dptr,a
      00033B E5*10            [12] 1182 	mov	a,(_calib_solve_weight_sloc4_1_0 + 2)
      00033D A3               [24] 1183 	inc	dptr
      00033E F0               [24] 1184 	movx	@dptr,a
      00033F E5*11            [12] 1185 	mov	a,(_calib_solve_weight_sloc4_1_0 + 3)
      000341 A3               [24] 1186 	inc	dptr
      000342 F0               [24] 1187 	movx	@dptr,a
                                   1188 ;	.\FwLib_STC8\user\calibration.c:60: x1 = reg_avp[i + 1];
      000343 E5*0B            [12] 1189 	mov	a,_calib_solve_weight_sloc2_1_0
      000345 04               [12] 1190 	inc	a
      000346 FF               [12] 1191 	mov	r7,a
      000347 C2 D5            [12] 1192 	clr	F0
      000349 75 F0 04         [24] 1193 	mov	b,#0x04
      00034C EF               [12] 1194 	mov	a,r7
      00034D 30 E7 04         [24] 1195 	jnb	acc.7,00190$
      000350 B2 D5            [12] 1196 	cpl	F0
      000352 F4               [12] 1197 	cpl	a
      000353 04               [12] 1198 	inc	a
      000354                       1199 00190$:
      000354 A4               [48] 1200 	mul	ab
      000355 30 D5 0A         [24] 1201 	jnb	F0,00191$
      000358 F4               [12] 1202 	cpl	a
      000359 24 01            [12] 1203 	add	a,#0x01
      00035B C5 F0            [12] 1204 	xch	a,b
      00035D F4               [12] 1205 	cpl	a
      00035E 34 00            [12] 1206 	addc	a,#0x00
      000360 C5 F0            [12] 1207 	xch	a,b
      000362                       1208 00191$:
      000362 F5*0E            [12] 1209 	mov	_calib_solve_weight_sloc4_1_0,a
      000364 85 F0*0F         [24] 1210 	mov	(_calib_solve_weight_sloc4_1_0 + 1),b
      000367 24r00            [12] 1211 	add	a, #_reg_avp
      000369 F5 82            [12] 1212 	mov	dpl,a
      00036B E5*0F            [12] 1213 	mov	a,(_calib_solve_weight_sloc4_1_0 + 1)
      00036D 34s00            [12] 1214 	addc	a, #(_reg_avp >> 8)
      00036F F5 83            [12] 1215 	mov	dph,a
      000371 E0               [24] 1216 	movx	a,@dptr
      000372 FC               [12] 1217 	mov	r4,a
      000373 A3               [24] 1218 	inc	dptr
      000374 E0               [24] 1219 	movx	a,@dptr
      000375 FD               [12] 1220 	mov	r5,a
      000376 A3               [24] 1221 	inc	dptr
      000377 E0               [24] 1222 	movx	a,@dptr
      000378 FE               [12] 1223 	mov	r6,a
      000379 A3               [24] 1224 	inc	dptr
      00037A E0               [24] 1225 	movx	a,@dptr
      00037B FF               [12] 1226 	mov	r7,a
      00037C 90r00r15         [24] 1227 	mov	dptr,#_calib_solve_weight_x1_10000_70
      00037F EC               [12] 1228 	mov	a,r4
      000380 F0               [24] 1229 	movx	@dptr,a
      000381 ED               [12] 1230 	mov	a,r5
      000382 A3               [24] 1231 	inc	dptr
      000383 F0               [24] 1232 	movx	@dptr,a
      000384 EE               [12] 1233 	mov	a,r6
      000385 A3               [24] 1234 	inc	dptr
      000386 F0               [24] 1235 	movx	@dptr,a
      000387 EF               [12] 1236 	mov	a,r7
      000388 A3               [24] 1237 	inc	dptr
      000389 F0               [24] 1238 	movx	@dptr,a
                                   1239 ;	.\FwLib_STC8\user\calibration.c:61: y0 = reg_pvp[i];
      00038A E5*0C            [12] 1240 	mov	a,_calib_solve_weight_sloc3_1_0
      00038C 24r00            [12] 1241 	add	a, #_reg_pvp
      00038E F5 82            [12] 1242 	mov	dpl,a
      000390 E5*0D            [12] 1243 	mov	a,(_calib_solve_weight_sloc3_1_0 + 1)
      000392 34s00            [12] 1244 	addc	a, #(_reg_pvp >> 8)
      000394 F5 83            [12] 1245 	mov	dph,a
      000396 E0               [24] 1246 	movx	a,@dptr
      000397 FC               [12] 1247 	mov	r4,a
      000398 A3               [24] 1248 	inc	dptr
      000399 E0               [24] 1249 	movx	a,@dptr
      00039A FD               [12] 1250 	mov	r5,a
      00039B A3               [24] 1251 	inc	dptr
      00039C E0               [24] 1252 	movx	a,@dptr
      00039D FE               [12] 1253 	mov	r6,a
      00039E A3               [24] 1254 	inc	dptr
      00039F E0               [24] 1255 	movx	a,@dptr
      0003A0 FF               [12] 1256 	mov	r7,a
      0003A1 90r00r19         [24] 1257 	mov	dptr,#_calib_solve_weight_y0_10000_70
      0003A4 EC               [12] 1258 	mov	a,r4
      0003A5 F0               [24] 1259 	movx	@dptr,a
      0003A6 ED               [12] 1260 	mov	a,r5
      0003A7 A3               [24] 1261 	inc	dptr
      0003A8 F0               [24] 1262 	movx	@dptr,a
      0003A9 EE               [12] 1263 	mov	a,r6
      0003AA A3               [24] 1264 	inc	dptr
      0003AB F0               [24] 1265 	movx	@dptr,a
      0003AC EF               [12] 1266 	mov	a,r7
      0003AD A3               [24] 1267 	inc	dptr
      0003AE F0               [24] 1268 	movx	@dptr,a
                                   1269 ;	.\FwLib_STC8\user\calibration.c:62: y1 = reg_pvp[i + 1];
      0003AF E5*0E            [12] 1270 	mov	a,_calib_solve_weight_sloc4_1_0
      0003B1 24r00            [12] 1271 	add	a, #_reg_pvp
      0003B3 F5 82            [12] 1272 	mov	dpl,a
      0003B5 E5*0F            [12] 1273 	mov	a,(_calib_solve_weight_sloc4_1_0 + 1)
      0003B7 34s00            [12] 1274 	addc	a, #(_reg_pvp >> 8)
      0003B9 F5 83            [12] 1275 	mov	dph,a
      0003BB E0               [24] 1276 	movx	a,@dptr
      0003BC FC               [12] 1277 	mov	r4,a
      0003BD A3               [24] 1278 	inc	dptr
      0003BE E0               [24] 1279 	movx	a,@dptr
      0003BF FD               [12] 1280 	mov	r5,a
      0003C0 A3               [24] 1281 	inc	dptr
      0003C1 E0               [24] 1282 	movx	a,@dptr
      0003C2 FE               [12] 1283 	mov	r6,a
      0003C3 A3               [24] 1284 	inc	dptr
      0003C4 E0               [24] 1285 	movx	a,@dptr
      0003C5 FF               [12] 1286 	mov	r7,a
      0003C6 90r00r1D         [24] 1287 	mov	dptr,#_calib_solve_weight_y1_10000_70
      0003C9 EC               [12] 1288 	mov	a,r4
      0003CA F0               [24] 1289 	movx	@dptr,a
      0003CB ED               [12] 1290 	mov	a,r5
      0003CC A3               [24] 1291 	inc	dptr
      0003CD F0               [24] 1292 	movx	@dptr,a
      0003CE EE               [12] 1293 	mov	a,r6
      0003CF A3               [24] 1294 	inc	dptr
      0003D0 F0               [24] 1295 	movx	@dptr,a
      0003D1 EF               [12] 1296 	mov	a,r7
      0003D2 A3               [24] 1297 	inc	dptr
      0003D3 F0               [24] 1298 	movx	@dptr,a
                                   1299 ;	.\FwLib_STC8\user\calibration.c:63: goto calculate;
      0003D4 D0 07            [24] 1300 	pop	ar7
      0003D6 D0 06            [24] 1301 	pop	ar6
      0003D8 D0 05            [24] 1302 	pop	ar5
      0003DA D0 04            [24] 1303 	pop	ar4
      0003DC 02r04rC8         [24] 1304 	ljmp	00109$
      0003DF                       1305 00107$:
                                   1306 ;	.\FwLib_STC8\user\calibration.c:54: for (i = 0; i < (reg_cal_points_num - 1); i++) {
      0003DF 05*0A            [12] 1307 	inc	_calib_solve_weight_sloc1_1_0
      0003E1 02r02r19         [24] 1308 	ljmp	00119$
      0003E4                       1309 00108$:
                                   1310 ;	.\FwLib_STC8\user\calibration.c:68: i = reg_cal_points_num - 2;
      0003E4 C0 04            [24] 1311 	push	ar4
      0003E6 C0 05            [24] 1312 	push	ar5
      0003E8 C0 06            [24] 1313 	push	ar6
      0003EA C0 07            [24] 1314 	push	ar7
      0003EC 18               [12] 1315 	dec	r0
      0003ED 18               [12] 1316 	dec	r0
                                   1317 ;	.\FwLib_STC8\user\calibration.c:69: x0 = reg_avp[i];
      0003EE 88 E0            [24] 1318 	mov	acc,r0
      0003F0 75 F0 04         [24] 1319 	mov	b,#0x04
      0003F3 A4               [48] 1320 	mul	ab
      0003F4 24r00            [12] 1321 	add	a, #_reg_avp
      0003F6 F5 82            [12] 1322 	mov	dpl,a
      0003F8 74s00            [12] 1323 	mov	a,#(_reg_avp >> 8)
      0003FA 35 F0            [12] 1324 	addc	a, b
      0003FC F5 83            [12] 1325 	mov	dph,a
      0003FE E0               [24] 1326 	movx	a,@dptr
      0003FF F9               [12] 1327 	mov	r1,a
      000400 A3               [24] 1328 	inc	dptr
      000401 E0               [24] 1329 	movx	a,@dptr
      000402 FA               [12] 1330 	mov	r2,a
      000403 A3               [24] 1331 	inc	dptr
      000404 E0               [24] 1332 	movx	a,@dptr
      000405 FB               [12] 1333 	mov	r3,a
      000406 A3               [24] 1334 	inc	dptr
      000407 E0               [24] 1335 	movx	a,@dptr
      000408 FF               [12] 1336 	mov	r7,a
      000409 90r00r11         [24] 1337 	mov	dptr,#_calib_solve_weight_x0_10000_70
      00040C E9               [12] 1338 	mov	a,r1
      00040D F0               [24] 1339 	movx	@dptr,a
      00040E EA               [12] 1340 	mov	a,r2
      00040F A3               [24] 1341 	inc	dptr
      000410 F0               [24] 1342 	movx	@dptr,a
      000411 EB               [12] 1343 	mov	a,r3
      000412 A3               [24] 1344 	inc	dptr
      000413 F0               [24] 1345 	movx	@dptr,a
      000414 EF               [12] 1346 	mov	a,r7
      000415 A3               [24] 1347 	inc	dptr
      000416 F0               [24] 1348 	movx	@dptr,a
                                   1349 ;	.\FwLib_STC8\user\calibration.c:70: x1 = reg_avp[i + 1];
      000417 88 07            [24] 1350 	mov	ar7,r0
      000419 0F               [12] 1351 	inc	r7
      00041A C2 D5            [12] 1352 	clr	F0
      00041C 75 F0 04         [24] 1353 	mov	b,#0x04
      00041F EF               [12] 1354 	mov	a,r7
      000420 30 E7 04         [24] 1355 	jnb	acc.7,00192$
      000423 B2 D5            [12] 1356 	cpl	F0
      000425 F4               [12] 1357 	cpl	a
      000426 04               [12] 1358 	inc	a
      000427                       1359 00192$:
      000427 A4               [48] 1360 	mul	ab
      000428 30 D5 0A         [24] 1361 	jnb	F0,00193$
      00042B F4               [12] 1362 	cpl	a
      00042C 24 01            [12] 1363 	add	a,#0x01
      00042E C5 F0            [12] 1364 	xch	a,b
      000430 F4               [12] 1365 	cpl	a
      000431 34 00            [12] 1366 	addc	a,#0x00
      000433 C5 F0            [12] 1367 	xch	a,b
      000435                       1368 00193$:
      000435 24r00            [12] 1369 	add	a, #_reg_avp
      000437 F5 82            [12] 1370 	mov	dpl,a
      000439 74s00            [12] 1371 	mov	a,#(_reg_avp >> 8)
      00043B 35 F0            [12] 1372 	addc	a, b
      00043D F5 83            [12] 1373 	mov	dph,a
      00043F E0               [24] 1374 	movx	a,@dptr
      000440 FC               [12] 1375 	mov	r4,a
      000441 A3               [24] 1376 	inc	dptr
      000442 E0               [24] 1377 	movx	a,@dptr
      000443 FD               [12] 1378 	mov	r5,a
      000444 A3               [24] 1379 	inc	dptr
      000445 E0               [24] 1380 	movx	a,@dptr
      000446 FE               [12] 1381 	mov	r6,a
      000447 A3               [24] 1382 	inc	dptr
      000448 E0               [24] 1383 	movx	a,@dptr
      000449 FF               [12] 1384 	mov	r7,a
      00044A 90r00r15         [24] 1385 	mov	dptr,#_calib_solve_weight_x1_10000_70
      00044D EC               [12] 1386 	mov	a,r4
      00044E F0               [24] 1387 	movx	@dptr,a
      00044F ED               [12] 1388 	mov	a,r5
      000450 A3               [24] 1389 	inc	dptr
      000451 F0               [24] 1390 	movx	@dptr,a
      000452 EE               [12] 1391 	mov	a,r6
      000453 A3               [24] 1392 	inc	dptr
      000454 F0               [24] 1393 	movx	@dptr,a
      000455 EF               [12] 1394 	mov	a,r7
      000456 A3               [24] 1395 	inc	dptr
      000457 F0               [24] 1396 	movx	@dptr,a
                                   1397 ;	.\FwLib_STC8\user\calibration.c:71: y0 = reg_pvp[i];
      000458 88 E0            [24] 1398 	mov	acc,r0
      00045A 75 F0 04         [24] 1399 	mov	b,#0x04
      00045D A4               [48] 1400 	mul	ab
      00045E 24r00            [12] 1401 	add	a, #_reg_pvp
      000460 F5 82            [12] 1402 	mov	dpl,a
      000462 74s00            [12] 1403 	mov	a,#(_reg_pvp >> 8)
      000464 35 F0            [12] 1404 	addc	a, b
      000466 F5 83            [12] 1405 	mov	dph,a
      000468 E0               [24] 1406 	movx	a,@dptr
      000469 FC               [12] 1407 	mov	r4,a
      00046A A3               [24] 1408 	inc	dptr
      00046B E0               [24] 1409 	movx	a,@dptr
      00046C FD               [12] 1410 	mov	r5,a
      00046D A3               [24] 1411 	inc	dptr
      00046E E0               [24] 1412 	movx	a,@dptr
      00046F FE               [12] 1413 	mov	r6,a
      000470 A3               [24] 1414 	inc	dptr
      000471 E0               [24] 1415 	movx	a,@dptr
      000472 FF               [12] 1416 	mov	r7,a
      000473 90r00r19         [24] 1417 	mov	dptr,#_calib_solve_weight_y0_10000_70
      000476 EC               [12] 1418 	mov	a,r4
      000477 F0               [24] 1419 	movx	@dptr,a
      000478 ED               [12] 1420 	mov	a,r5
      000479 A3               [24] 1421 	inc	dptr
      00047A F0               [24] 1422 	movx	@dptr,a
      00047B EE               [12] 1423 	mov	a,r6
      00047C A3               [24] 1424 	inc	dptr
      00047D F0               [24] 1425 	movx	@dptr,a
      00047E EF               [12] 1426 	mov	a,r7
      00047F A3               [24] 1427 	inc	dptr
      000480 F0               [24] 1428 	movx	@dptr,a
                                   1429 ;	.\FwLib_STC8\user\calibration.c:72: y1 = reg_pvp[i + 1];
      000481 08               [12] 1430 	inc	r0
      000482 C2 D5            [12] 1431 	clr	F0
      000484 75 F0 04         [24] 1432 	mov	b,#0x04
      000487 E8               [12] 1433 	mov	a,r0
      000488 30 E7 04         [24] 1434 	jnb	acc.7,00194$
      00048B B2 D5            [12] 1435 	cpl	F0
      00048D F4               [12] 1436 	cpl	a
      00048E 04               [12] 1437 	inc	a
      00048F                       1438 00194$:
      00048F A4               [48] 1439 	mul	ab
      000490 30 D5 0A         [24] 1440 	jnb	F0,00195$
      000493 F4               [12] 1441 	cpl	a
      000494 24 01            [12] 1442 	add	a,#0x01
      000496 C5 F0            [12] 1443 	xch	a,b
      000498 F4               [12] 1444 	cpl	a
      000499 34 00            [12] 1445 	addc	a,#0x00
      00049B C5 F0            [12] 1446 	xch	a,b
      00049D                       1447 00195$:
      00049D 24r00            [12] 1448 	add	a, #_reg_pvp
      00049F F5 82            [12] 1449 	mov	dpl,a
      0004A1 74s00            [12] 1450 	mov	a,#(_reg_pvp >> 8)
      0004A3 35 F0            [12] 1451 	addc	a, b
      0004A5 F5 83            [12] 1452 	mov	dph,a
      0004A7 E0               [24] 1453 	movx	a,@dptr
      0004A8 FC               [12] 1454 	mov	r4,a
      0004A9 A3               [24] 1455 	inc	dptr
      0004AA E0               [24] 1456 	movx	a,@dptr
      0004AB FD               [12] 1457 	mov	r5,a
      0004AC A3               [24] 1458 	inc	dptr
      0004AD E0               [24] 1459 	movx	a,@dptr
      0004AE FE               [12] 1460 	mov	r6,a
      0004AF A3               [24] 1461 	inc	dptr
      0004B0 E0               [24] 1462 	movx	a,@dptr
      0004B1 FF               [12] 1463 	mov	r7,a
      0004B2 90r00r1D         [24] 1464 	mov	dptr,#_calib_solve_weight_y1_10000_70
      0004B5 EC               [12] 1465 	mov	a,r4
      0004B6 F0               [24] 1466 	movx	@dptr,a
      0004B7 ED               [12] 1467 	mov	a,r5
      0004B8 A3               [24] 1468 	inc	dptr
      0004B9 F0               [24] 1469 	movx	@dptr,a
      0004BA EE               [12] 1470 	mov	a,r6
      0004BB A3               [24] 1471 	inc	dptr
      0004BC F0               [24] 1472 	movx	@dptr,a
      0004BD EF               [12] 1473 	mov	a,r7
      0004BE A3               [24] 1474 	inc	dptr
      0004BF F0               [24] 1475 	movx	@dptr,a
                                   1476 ;	.\FwLib_STC8\user\calibration.c:94: return y0 + (int32_t)(((float)dx * dy) / run);
      0004C0 D0 07            [24] 1477 	pop	ar7
      0004C2 D0 06            [24] 1478 	pop	ar6
      0004C4 D0 05            [24] 1479 	pop	ar5
      0004C6 D0 04            [24] 1480 	pop	ar4
                                   1481 ;	.\FwLib_STC8\user\calibration.c:74: calculate:
      0004C8                       1482 00109$:
                                   1483 ;	.\FwLib_STC8\user\calibration.c:75: if (x1 == x0) return y0;
      0004C8 90r00r15         [24] 1484 	mov	dptr,#_calib_solve_weight_x1_10000_70
      0004CB E0               [24] 1485 	movx	a,@dptr
      0004CC F5*12            [12] 1486 	mov	_calib_solve_weight_sloc5_1_0,a
      0004CE A3               [24] 1487 	inc	dptr
      0004CF E0               [24] 1488 	movx	a,@dptr
      0004D0 F5*13            [12] 1489 	mov	(_calib_solve_weight_sloc5_1_0 + 1),a
      0004D2 A3               [24] 1490 	inc	dptr
      0004D3 E0               [24] 1491 	movx	a,@dptr
      0004D4 F5*14            [12] 1492 	mov	(_calib_solve_weight_sloc5_1_0 + 2),a
      0004D6 A3               [24] 1493 	inc	dptr
      0004D7 E0               [24] 1494 	movx	a,@dptr
      0004D8 F5*15            [12] 1495 	mov	(_calib_solve_weight_sloc5_1_0 + 3),a
      0004DA 90r00r11         [24] 1496 	mov	dptr,#_calib_solve_weight_x0_10000_70
      0004DD E0               [24] 1497 	movx	a,@dptr
      0004DE F5*0E            [12] 1498 	mov	_calib_solve_weight_sloc4_1_0,a
      0004E0 A3               [24] 1499 	inc	dptr
      0004E1 E0               [24] 1500 	movx	a,@dptr
      0004E2 F5*0F            [12] 1501 	mov	(_calib_solve_weight_sloc4_1_0 + 1),a
      0004E4 A3               [24] 1502 	inc	dptr
      0004E5 E0               [24] 1503 	movx	a,@dptr
      0004E6 F5*10            [12] 1504 	mov	(_calib_solve_weight_sloc4_1_0 + 2),a
      0004E8 A3               [24] 1505 	inc	dptr
      0004E9 E0               [24] 1506 	movx	a,@dptr
      0004EA F5*11            [12] 1507 	mov	(_calib_solve_weight_sloc4_1_0 + 3),a
      0004EC E5*0E            [12] 1508 	mov	a,_calib_solve_weight_sloc4_1_0
      0004EE B5*12 2B         [24] 1509 	cjne	a,_calib_solve_weight_sloc5_1_0,00111$
      0004F1 E5*0F            [12] 1510 	mov	a,(_calib_solve_weight_sloc4_1_0 + 1)
      0004F3 B5*13 26         [24] 1511 	cjne	a,(_calib_solve_weight_sloc5_1_0 + 1),00111$
      0004F6 E5*10            [12] 1512 	mov	a,(_calib_solve_weight_sloc4_1_0 + 2)
      0004F8 B5*14 21         [24] 1513 	cjne	a,(_calib_solve_weight_sloc5_1_0 + 2),00111$
      0004FB E5*11            [12] 1514 	mov	a,(_calib_solve_weight_sloc4_1_0 + 3)
      0004FD B5*15 1C         [24] 1515 	cjne	a,(_calib_solve_weight_sloc5_1_0 + 3),00111$
      000500 90r00r19         [24] 1516 	mov	dptr,#_calib_solve_weight_y0_10000_70
      000503 E0               [24] 1517 	movx	a,@dptr
      000504 F5*06            [12] 1518 	mov	_calib_solve_weight_sloc0_1_0,a
      000506 A3               [24] 1519 	inc	dptr
      000507 E0               [24] 1520 	movx	a,@dptr
      000508 F5*07            [12] 1521 	mov	(_calib_solve_weight_sloc0_1_0 + 1),a
      00050A A3               [24] 1522 	inc	dptr
      00050B E0               [24] 1523 	movx	a,@dptr
      00050C F5*08            [12] 1524 	mov	(_calib_solve_weight_sloc0_1_0 + 2),a
      00050E A3               [24] 1525 	inc	dptr
      00050F E0               [24] 1526 	movx	a,@dptr
      000510 F5*09            [12] 1527 	mov	(_calib_solve_weight_sloc0_1_0 + 3),a
      000512 85*06 82         [24] 1528 	mov	dpl,_calib_solve_weight_sloc0_1_0
      000515 85*07 83         [24] 1529 	mov	dph,(_calib_solve_weight_sloc0_1_0 + 1)
      000518 85*08 F0         [24] 1530 	mov	b,(_calib_solve_weight_sloc0_1_0 + 2)
      00051B 22               [24] 1531 	ret
      00051C                       1532 00111$:
                                   1533 ;	.\FwLib_STC8\user\calibration.c:83: int32_t dx = x - x0;
      00051C EC               [12] 1534 	mov	a,r4
      00051D C3               [12] 1535 	clr	c
      00051E 95*0E            [12] 1536 	subb	a,_calib_solve_weight_sloc4_1_0
      000520 FC               [12] 1537 	mov	r4,a
      000521 ED               [12] 1538 	mov	a,r5
      000522 95*0F            [12] 1539 	subb	a,(_calib_solve_weight_sloc4_1_0 + 1)
      000524 FD               [12] 1540 	mov	r5,a
      000525 EE               [12] 1541 	mov	a,r6
      000526 95*10            [12] 1542 	subb	a,(_calib_solve_weight_sloc4_1_0 + 2)
      000528 FE               [12] 1543 	mov	r6,a
      000529 EF               [12] 1544 	mov	a,r7
      00052A 95*11            [12] 1545 	subb	a,(_calib_solve_weight_sloc4_1_0 + 3)
      00052C FF               [12] 1546 	mov	r7,a
                                   1547 ;	.\FwLib_STC8\user\calibration.c:84: int32_t dy = y1 - y0;
      00052D 90r00r19         [24] 1548 	mov	dptr,#_calib_solve_weight_y0_10000_70
      000530 E0               [24] 1549 	movx	a,@dptr
      000531 F5*06            [12] 1550 	mov	_calib_solve_weight_sloc0_1_0,a
      000533 A3               [24] 1551 	inc	dptr
      000534 E0               [24] 1552 	movx	a,@dptr
      000535 F5*07            [12] 1553 	mov	(_calib_solve_weight_sloc0_1_0 + 1),a
      000537 A3               [24] 1554 	inc	dptr
      000538 E0               [24] 1555 	movx	a,@dptr
      000539 F5*08            [12] 1556 	mov	(_calib_solve_weight_sloc0_1_0 + 2),a
      00053B A3               [24] 1557 	inc	dptr
      00053C E0               [24] 1558 	movx	a,@dptr
      00053D F5*09            [12] 1559 	mov	(_calib_solve_weight_sloc0_1_0 + 3),a
      00053F 90r00r1D         [24] 1560 	mov	dptr,#_calib_solve_weight_y1_10000_70
      000542 E0               [24] 1561 	movx	a,@dptr
      000543 F8               [12] 1562 	mov	r0,a
      000544 A3               [24] 1563 	inc	dptr
      000545 E0               [24] 1564 	movx	a,@dptr
      000546 F9               [12] 1565 	mov	r1,a
      000547 A3               [24] 1566 	inc	dptr
      000548 E0               [24] 1567 	movx	a,@dptr
      000549 FA               [12] 1568 	mov	r2,a
      00054A A3               [24] 1569 	inc	dptr
      00054B E0               [24] 1570 	movx	a,@dptr
      00054C FB               [12] 1571 	mov	r3,a
      00054D E8               [12] 1572 	mov	a,r0
      00054E C3               [12] 1573 	clr	c
      00054F 95*06            [12] 1574 	subb	a,_calib_solve_weight_sloc0_1_0
      000551 F8               [12] 1575 	mov	r0,a
      000552 E9               [12] 1576 	mov	a,r1
      000553 95*07            [12] 1577 	subb	a,(_calib_solve_weight_sloc0_1_0 + 1)
      000555 F9               [12] 1578 	mov	r1,a
      000556 EA               [12] 1579 	mov	a,r2
      000557 95*08            [12] 1580 	subb	a,(_calib_solve_weight_sloc0_1_0 + 2)
      000559 FA               [12] 1581 	mov	r2,a
      00055A EB               [12] 1582 	mov	a,r3
      00055B 95*09            [12] 1583 	subb	a,(_calib_solve_weight_sloc0_1_0 + 3)
      00055D FB               [12] 1584 	mov	r3,a
                                   1585 ;	.\FwLib_STC8\user\calibration.c:85: int32_t run = x1 - x0;
      00055E E5*12            [12] 1586 	mov	a,_calib_solve_weight_sloc5_1_0
      000560 C3               [12] 1587 	clr	c
      000561 95*0E            [12] 1588 	subb	a,_calib_solve_weight_sloc4_1_0
      000563 F5*12            [12] 1589 	mov	_calib_solve_weight_sloc5_1_0,a
      000565 E5*13            [12] 1590 	mov	a,(_calib_solve_weight_sloc5_1_0 + 1)
      000567 95*0F            [12] 1591 	subb	a,(_calib_solve_weight_sloc4_1_0 + 1)
      000569 F5*13            [12] 1592 	mov	(_calib_solve_weight_sloc5_1_0 + 1),a
      00056B E5*14            [12] 1593 	mov	a,(_calib_solve_weight_sloc5_1_0 + 2)
      00056D 95*10            [12] 1594 	subb	a,(_calib_solve_weight_sloc4_1_0 + 2)
      00056F F5*14            [12] 1595 	mov	(_calib_solve_weight_sloc5_1_0 + 2),a
      000571 E5*15            [12] 1596 	mov	a,(_calib_solve_weight_sloc5_1_0 + 3)
      000573 95*11            [12] 1597 	subb	a,(_calib_solve_weight_sloc4_1_0 + 3)
      000575 F5*15            [12] 1598 	mov	(_calib_solve_weight_sloc5_1_0 + 3),a
                                   1599 ;	.\FwLib_STC8\user\calibration.c:89: if (dx < 32767 && dx > -32768 && dy < 32767 && dy > -32768) {
      000577 C3               [12] 1600 	clr	c
      000578 EC               [12] 1601 	mov	a,r4
      000579 94 FF            [12] 1602 	subb	a,#0xff
      00057B ED               [12] 1603 	mov	a,r5
      00057C 94 7F            [12] 1604 	subb	a,#0x7f
      00057E EE               [12] 1605 	mov	a,r6
      00057F 94 00            [12] 1606 	subb	a,#0x00
      000581 EF               [12] 1607 	mov	a,r7
      000582 64 80            [12] 1608 	xrl	a,#0x80
      000584 94 80            [12] 1609 	subb	a,#0x80
      000586 40 03            [24] 1610 	jc	00198$
      000588 02r06r3A         [24] 1611 	ljmp	00113$
      00058B                       1612 00198$:
      00058B C3               [12] 1613 	clr	c
      00058C E4               [12] 1614 	clr	a
      00058D 9C               [12] 1615 	subb	a,r4
      00058E 74 80            [12] 1616 	mov	a,#0x80
      000590 9D               [12] 1617 	subb	a,r5
      000591 74 FF            [12] 1618 	mov	a,#0xff
      000593 9E               [12] 1619 	subb	a,r6
      000594 74 7F            [12] 1620 	mov	a,#(0xff ^ 0x80)
      000596 8F F0            [24] 1621 	mov	b,r7
      000598 63 F0 80         [24] 1622 	xrl	b,#0x80
      00059B 95 F0            [12] 1623 	subb	a,b
      00059D 40 03            [24] 1624 	jc	00199$
      00059F 02r06r3A         [24] 1625 	ljmp	00113$
      0005A2                       1626 00199$:
      0005A2 C3               [12] 1627 	clr	c
      0005A3 E8               [12] 1628 	mov	a,r0
      0005A4 94 FF            [12] 1629 	subb	a,#0xff
      0005A6 E9               [12] 1630 	mov	a,r1
      0005A7 94 7F            [12] 1631 	subb	a,#0x7f
      0005A9 EA               [12] 1632 	mov	a,r2
      0005AA 94 00            [12] 1633 	subb	a,#0x00
      0005AC EB               [12] 1634 	mov	a,r3
      0005AD 64 80            [12] 1635 	xrl	a,#0x80
      0005AF 94 80            [12] 1636 	subb	a,#0x80
      0005B1 40 03            [24] 1637 	jc	00200$
      0005B3 02r06r3A         [24] 1638 	ljmp	00113$
      0005B6                       1639 00200$:
      0005B6 C3               [12] 1640 	clr	c
      0005B7 E4               [12] 1641 	clr	a
      0005B8 98               [12] 1642 	subb	a,r0
      0005B9 74 80            [12] 1643 	mov	a,#0x80
      0005BB 99               [12] 1644 	subb	a,r1
      0005BC 74 FF            [12] 1645 	mov	a,#0xff
      0005BE 9A               [12] 1646 	subb	a,r2
      0005BF 74 7F            [12] 1647 	mov	a,#(0xff ^ 0x80)
      0005C1 8B F0            [24] 1648 	mov	b,r3
      0005C3 63 F0 80         [24] 1649 	xrl	b,#0x80
      0005C6 95 F0            [12] 1650 	subb	a,b
      0005C8 50 70            [24] 1651 	jnc	00113$
                                   1652 ;	.\FwLib_STC8\user\calibration.c:90: return y0 + (dx * dy) / run;
      0005CA 90r00r00         [24] 1653 	mov	dptr,#__mullong_PARM_2
      0005CD E8               [12] 1654 	mov	a,r0
      0005CE F0               [24] 1655 	movx	@dptr,a
      0005CF E9               [12] 1656 	mov	a,r1
      0005D0 A3               [24] 1657 	inc	dptr
      0005D1 F0               [24] 1658 	movx	@dptr,a
      0005D2 EA               [12] 1659 	mov	a,r2
      0005D3 A3               [24] 1660 	inc	dptr
      0005D4 F0               [24] 1661 	movx	@dptr,a
      0005D5 EB               [12] 1662 	mov	a,r3
      0005D6 A3               [24] 1663 	inc	dptr
      0005D7 F0               [24] 1664 	movx	@dptr,a
      0005D8 8C 82            [24] 1665 	mov	dpl, r4
      0005DA 8D 83            [24] 1666 	mov	dph, r5
      0005DC 8E F0            [24] 1667 	mov	b, r6
      0005DE EF               [12] 1668 	mov	a, r7
      0005DF 12r00r00         [24] 1669 	lcall	__mullong
      0005E2 85 82*0E         [24] 1670 	mov	_calib_solve_weight_sloc4_1_0,dpl
      0005E5 85 83*0F         [24] 1671 	mov	(_calib_solve_weight_sloc4_1_0 + 1),dph
      0005E8 85 F0*10         [24] 1672 	mov	(_calib_solve_weight_sloc4_1_0 + 2),b
      0005EB F5*11            [12] 1673 	mov	(_calib_solve_weight_sloc4_1_0 + 3),a
      0005ED 90r00r00         [24] 1674 	mov	dptr,#__divslong_PARM_2
      0005F0 E5*12            [12] 1675 	mov	a,_calib_solve_weight_sloc5_1_0
      0005F2 F0               [24] 1676 	movx	@dptr,a
      0005F3 E5*13            [12] 1677 	mov	a,(_calib_solve_weight_sloc5_1_0 + 1)
      0005F5 A3               [24] 1678 	inc	dptr
      0005F6 F0               [24] 1679 	movx	@dptr,a
      0005F7 E5*14            [12] 1680 	mov	a,(_calib_solve_weight_sloc5_1_0 + 2)
      0005F9 A3               [24] 1681 	inc	dptr
      0005FA F0               [24] 1682 	movx	@dptr,a
      0005FB E5*15            [12] 1683 	mov	a,(_calib_solve_weight_sloc5_1_0 + 3)
      0005FD A3               [24] 1684 	inc	dptr
      0005FE F0               [24] 1685 	movx	@dptr,a
      0005FF 85*0E 82         [24] 1686 	mov	dpl, _calib_solve_weight_sloc4_1_0
      000602 85*0F 83         [24] 1687 	mov	dph, (_calib_solve_weight_sloc4_1_0 + 1)
      000605 85*10 F0         [24] 1688 	mov	b, (_calib_solve_weight_sloc4_1_0 + 2)
      000608 E5*11            [12] 1689 	mov	a, (_calib_solve_weight_sloc4_1_0 + 3)
      00060A 12r00r00         [24] 1690 	lcall	__divslong
      00060D 85 82*0E         [24] 1691 	mov	_calib_solve_weight_sloc4_1_0,dpl
      000610 85 83*0F         [24] 1692 	mov	(_calib_solve_weight_sloc4_1_0 + 1),dph
      000613 85 F0*10         [24] 1693 	mov	(_calib_solve_weight_sloc4_1_0 + 2),b
      000616 F5*11            [12] 1694 	mov	(_calib_solve_weight_sloc4_1_0 + 3),a
      000618 E5*0E            [12] 1695 	mov	a,_calib_solve_weight_sloc4_1_0
      00061A 25*06            [12] 1696 	add	a, _calib_solve_weight_sloc0_1_0
      00061C F5*0E            [12] 1697 	mov	_calib_solve_weight_sloc4_1_0,a
      00061E E5*0F            [12] 1698 	mov	a,(_calib_solve_weight_sloc4_1_0 + 1)
      000620 35*07            [12] 1699 	addc	a, (_calib_solve_weight_sloc0_1_0 + 1)
      000622 F5*0F            [12] 1700 	mov	(_calib_solve_weight_sloc4_1_0 + 1),a
      000624 E5*10            [12] 1701 	mov	a,(_calib_solve_weight_sloc4_1_0 + 2)
      000626 35*08            [12] 1702 	addc	a, (_calib_solve_weight_sloc0_1_0 + 2)
      000628 F5*10            [12] 1703 	mov	(_calib_solve_weight_sloc4_1_0 + 2),a
      00062A E5*11            [12] 1704 	mov	a,(_calib_solve_weight_sloc4_1_0 + 3)
      00062C 35*09            [12] 1705 	addc	a, (_calib_solve_weight_sloc0_1_0 + 3)
      00062E F5*11            [12] 1706 	mov	(_calib_solve_weight_sloc4_1_0 + 3),a
      000630 85*0E 82         [24] 1707 	mov	dpl,_calib_solve_weight_sloc4_1_0
      000633 85*0F 83         [24] 1708 	mov	dph,(_calib_solve_weight_sloc4_1_0 + 1)
      000636 85*10 F0         [24] 1709 	mov	b,(_calib_solve_weight_sloc4_1_0 + 2)
      000639 22               [24] 1710 	ret
      00063A                       1711 00113$:
                                   1712 ;	.\FwLib_STC8\user\calibration.c:94: return y0 + (int32_t)(((float)dx * dy) / run);
      00063A 8C 82            [24] 1713 	mov	dpl, r4
      00063C 8D 83            [24] 1714 	mov	dph, r5
      00063E 8E F0            [24] 1715 	mov	b, r6
      000640 EF               [12] 1716 	mov	a, r7
      000641 C0 03            [24] 1717 	push	ar3
      000643 C0 02            [24] 1718 	push	ar2
      000645 C0 01            [24] 1719 	push	ar1
      000647 C0 00            [24] 1720 	push	ar0
      000649 12r00r00         [24] 1721 	lcall	___slong2fs
      00064C AC 82            [24] 1722 	mov	r4, dpl
      00064E AD 83            [24] 1723 	mov	r5, dph
      000650 AE F0            [24] 1724 	mov	r6, b
      000652 FF               [12] 1725 	mov	r7, a
      000653 D0 00            [24] 1726 	pop	ar0
      000655 D0 01            [24] 1727 	pop	ar1
      000657 D0 02            [24] 1728 	pop	ar2
      000659 D0 03            [24] 1729 	pop	ar3
      00065B 88 82            [24] 1730 	mov	dpl, r0
      00065D 89 83            [24] 1731 	mov	dph, r1
      00065F 8A F0            [24] 1732 	mov	b, r2
      000661 EB               [12] 1733 	mov	a, r3
      000662 C0 07            [24] 1734 	push	ar7
      000664 C0 06            [24] 1735 	push	ar6
      000666 C0 05            [24] 1736 	push	ar5
      000668 C0 04            [24] 1737 	push	ar4
      00066A 12r00r00         [24] 1738 	lcall	___slong2fs
      00066D A8 82            [24] 1739 	mov	r0, dpl
      00066F A9 83            [24] 1740 	mov	r1, dph
      000671 AA F0            [24] 1741 	mov	r2, b
      000673 FB               [12] 1742 	mov	r3, a
      000674 D0 04            [24] 1743 	pop	ar4
      000676 D0 05            [24] 1744 	pop	ar5
      000678 D0 06            [24] 1745 	pop	ar6
      00067A D0 07            [24] 1746 	pop	ar7
      00067C C0 00            [24] 1747 	push	ar0
      00067E C0 01            [24] 1748 	push	ar1
      000680 C0 02            [24] 1749 	push	ar2
      000682 C0 03            [24] 1750 	push	ar3
      000684 8C 82            [24] 1751 	mov	dpl, r4
      000686 8D 83            [24] 1752 	mov	dph, r5
      000688 8E F0            [24] 1753 	mov	b, r6
      00068A EF               [12] 1754 	mov	a, r7
      00068B 12r00r00         [24] 1755 	lcall	___fsmul
      00068E AC 82            [24] 1756 	mov	r4, dpl
      000690 AD 83            [24] 1757 	mov	r5, dph
      000692 AE F0            [24] 1758 	mov	r6, b
      000694 FF               [12] 1759 	mov	r7, a
      000695 E5 81            [12] 1760 	mov	a,sp
      000697 24 FC            [12] 1761 	add	a,#0xfc
      000699 F5 81            [12] 1762 	mov	sp,a
      00069B 85*12 82         [24] 1763 	mov	dpl, _calib_solve_weight_sloc5_1_0
      00069E 85*13 83         [24] 1764 	mov	dph, (_calib_solve_weight_sloc5_1_0 + 1)
      0006A1 85*14 F0         [24] 1765 	mov	b, (_calib_solve_weight_sloc5_1_0 + 2)
      0006A4 E5*15            [12] 1766 	mov	a, (_calib_solve_weight_sloc5_1_0 + 3)
      0006A6 C0 07            [24] 1767 	push	ar7
      0006A8 C0 06            [24] 1768 	push	ar6
      0006AA C0 05            [24] 1769 	push	ar5
      0006AC C0 04            [24] 1770 	push	ar4
      0006AE 12r00r00         [24] 1771 	lcall	___slong2fs
      0006B1 A8 82            [24] 1772 	mov	r0, dpl
      0006B3 A9 83            [24] 1773 	mov	r1, dph
      0006B5 AA F0            [24] 1774 	mov	r2, b
      0006B7 FB               [12] 1775 	mov	r3, a
      0006B8 D0 04            [24] 1776 	pop	ar4
      0006BA D0 05            [24] 1777 	pop	ar5
      0006BC D0 06            [24] 1778 	pop	ar6
      0006BE D0 07            [24] 1779 	pop	ar7
      0006C0 C0 00            [24] 1780 	push	ar0
      0006C2 C0 01            [24] 1781 	push	ar1
      0006C4 C0 02            [24] 1782 	push	ar2
      0006C6 C0 03            [24] 1783 	push	ar3
      0006C8 8C 82            [24] 1784 	mov	dpl, r4
      0006CA 8D 83            [24] 1785 	mov	dph, r5
      0006CC 8E F0            [24] 1786 	mov	b, r6
      0006CE EF               [12] 1787 	mov	a, r7
      0006CF 12r00r00         [24] 1788 	lcall	___fsdiv
      0006D2 AC 82            [24] 1789 	mov	r4, dpl
      0006D4 AD 83            [24] 1790 	mov	r5, dph
      0006D6 AE F0            [24] 1791 	mov	r6, b
      0006D8 FF               [12] 1792 	mov	r7, a
      0006D9 E5 81            [12] 1793 	mov	a,sp
      0006DB 24 FC            [12] 1794 	add	a,#0xfc
      0006DD F5 81            [12] 1795 	mov	sp,a
      0006DF 8C 82            [24] 1796 	mov	dpl, r4
      0006E1 8D 83            [24] 1797 	mov	dph, r5
      0006E3 8E F0            [24] 1798 	mov	b, r6
      0006E5 EF               [12] 1799 	mov	a, r7
      0006E6 12r00r00         [24] 1800 	lcall	___fs2slong
      0006E9 AC 82            [24] 1801 	mov	r4, dpl
      0006EB AD 83            [24] 1802 	mov	r5, dph
      0006ED AE F0            [24] 1803 	mov	r6, b
      0006EF FF               [12] 1804 	mov	r7, a
      0006F0 90r00r19         [24] 1805 	mov	dptr,#_calib_solve_weight_y0_10000_70
      0006F3 E0               [24] 1806 	movx	a,@dptr
      0006F4 F8               [12] 1807 	mov	r0,a
      0006F5 A3               [24] 1808 	inc	dptr
      0006F6 E0               [24] 1809 	movx	a,@dptr
      0006F7 F9               [12] 1810 	mov	r1,a
      0006F8 A3               [24] 1811 	inc	dptr
      0006F9 E0               [24] 1812 	movx	a,@dptr
      0006FA FA               [12] 1813 	mov	r2,a
      0006FB A3               [24] 1814 	inc	dptr
      0006FC E0               [24] 1815 	movx	a,@dptr
      0006FD FB               [12] 1816 	mov	r3,a
      0006FE EC               [12] 1817 	mov	a,r4
      0006FF 28               [12] 1818 	add	a, r0
      000700 FC               [12] 1819 	mov	r4,a
      000701 ED               [12] 1820 	mov	a,r5
      000702 39               [12] 1821 	addc	a, r1
      000703 FD               [12] 1822 	mov	r5,a
      000704 EE               [12] 1823 	mov	a,r6
      000705 3A               [12] 1824 	addc	a, r2
      000706 FE               [12] 1825 	mov	r6,a
      000707 EF               [12] 1826 	mov	a,r7
      000708 3B               [12] 1827 	addc	a, r3
      000709 8C 82            [24] 1828 	mov	dpl,r4
      00070B 8D 83            [24] 1829 	mov	dph,r5
      00070D 8E F0            [24] 1830 	mov	b,r6
                                   1831 ;	.\FwLib_STC8\user\calibration.c:97: }
      00070F 22               [24] 1832 	ret
                                   1833 	.area CSEG    (CODE)
                                   1834 	.area CONST   (CODE)
                                   1835 	.area XINIT   (CODE)
                                   1836 	.area CABS    (ABS,CODE)
