                                      1 ;--------------------------------------------------------
                                      2 ; File Created by SDCC : free open source ISO C Compiler
                                      3 ; Version 4.5.0 #15242 (MINGW64)
                                      4 ;--------------------------------------------------------
                                      5 	.module measurement
                                      6 	
                                      7 	.optsdcc -mmcs51 --model-large
                                      8 ;--------------------------------------------------------
                                      9 ; Public variables in this module
                                     10 ;--------------------------------------------------------
                                     11 	.globl _Read_HX71708_Raw
                                     12 	.globl _reg_save_all
                                     13 	.globl _P77
                                     14 	.globl _P76
                                     15 	.globl _P75
                                     16 	.globl _P74
                                     17 	.globl _P73
                                     18 	.globl _P72
                                     19 	.globl _P71
                                     20 	.globl _P70
                                     21 	.globl _P67
                                     22 	.globl _P66
                                     23 	.globl _P65
                                     24 	.globl _P64
                                     25 	.globl _P63
                                     26 	.globl _P62
                                     27 	.globl _P61
                                     28 	.globl _P60
                                     29 	.globl _P
                                     30 	.globl _F1
                                     31 	.globl _OV
                                     32 	.globl _RS0
                                     33 	.globl _RS1
                                     34 	.globl _F0
                                     35 	.globl _AC
                                     36 	.globl _CY
                                     37 	.globl _P57
                                     38 	.globl _P56
                                     39 	.globl _P55
                                     40 	.globl _P54
                                     41 	.globl _P53
                                     42 	.globl _P52
                                     43 	.globl _P51
                                     44 	.globl _P50
                                     45 	.globl _P47
                                     46 	.globl _P46
                                     47 	.globl _P45
                                     48 	.globl _P44
                                     49 	.globl _P43
                                     50 	.globl _P42
                                     51 	.globl _P41
                                     52 	.globl _P40
                                     53 	.globl _PX0
                                     54 	.globl _PT0
                                     55 	.globl _PX1
                                     56 	.globl _PT1
                                     57 	.globl _PS
                                     58 	.globl _PADC
                                     59 	.globl _PLVD
                                     60 	.globl _PPCA
                                     61 	.globl _P37
                                     62 	.globl _P36
                                     63 	.globl _P35
                                     64 	.globl _P34
                                     65 	.globl _P33
                                     66 	.globl _P32
                                     67 	.globl _P31
                                     68 	.globl _P30
                                     69 	.globl _EX0
                                     70 	.globl _ET0
                                     71 	.globl _EX1
                                     72 	.globl _ET1
                                     73 	.globl _ES
                                     74 	.globl _EADC
                                     75 	.globl _ELVD
                                     76 	.globl _EA
                                     77 	.globl _P27
                                     78 	.globl _P26
                                     79 	.globl _P25
                                     80 	.globl _P24
                                     81 	.globl _P23
                                     82 	.globl _P22
                                     83 	.globl _P21
                                     84 	.globl _P20
                                     85 	.globl _RI
                                     86 	.globl _TI
                                     87 	.globl _RB8
                                     88 	.globl _TB8
                                     89 	.globl _REN
                                     90 	.globl _SM2
                                     91 	.globl _SM1
                                     92 	.globl _SM0
                                     93 	.globl _P17
                                     94 	.globl _P16
                                     95 	.globl _P15
                                     96 	.globl _P14
                                     97 	.globl _P13
                                     98 	.globl _P12
                                     99 	.globl _P11
                                    100 	.globl _P10
                                    101 	.globl _IT0
                                    102 	.globl _IE0
                                    103 	.globl _IT1
                                    104 	.globl _IE1
                                    105 	.globl _TR0
                                    106 	.globl _TF0
                                    107 	.globl _TR1
                                    108 	.globl _TF1
                                    109 	.globl _P07
                                    110 	.globl _P06
                                    111 	.globl _P05
                                    112 	.globl _P04
                                    113 	.globl _P03
                                    114 	.globl _P02
                                    115 	.globl _P01
                                    116 	.globl _P00
                                    117 	.globl _RSTCFG
                                    118 	.globl _USBADR
                                    119 	.globl _IAP_TPS
                                    120 	.globl _USBCON
                                    121 	.globl _AUXINTIF
                                    122 	.globl _IP3H
                                    123 	.globl _USBDAT
                                    124 	.globl _CMPCR2
                                    125 	.globl _CMPCR1
                                    126 	.globl _DPH1
                                    127 	.globl _DPL1
                                    128 	.globl _DPS
                                    129 	.globl _P7M0
                                    130 	.globl _P7M1
                                    131 	.globl _IP3
                                    132 	.globl _ADCCFG
                                    133 	.globl _USBCLK
                                    134 	.globl _VRTRIM
                                    135 	.globl _P7
                                    136 	.globl _B
                                    137 	.globl _P6
                                    138 	.globl _ACC
                                    139 	.globl _T2L
                                    140 	.globl _T2H
                                    141 	.globl _T3L
                                    142 	.globl _T3H
                                    143 	.globl _T4L
                                    144 	.globl _T4H
                                    145 	.globl _T4T3M
                                    146 	.globl _PSW
                                    147 	.globl _SPDAT
                                    148 	.globl _SPCTL
                                    149 	.globl _SPSTAT
                                    150 	.globl _P6M0
                                    151 	.globl _P6M1
                                    152 	.globl _P5M0
                                    153 	.globl _P5M1
                                    154 	.globl _P5
                                    155 	.globl _IAP_CONTR
                                    156 	.globl _IAP_TRIG
                                    157 	.globl _IAP_CMD
                                    158 	.globl _IAP_ADDRL
                                    159 	.globl _IAP_ADDRH
                                    160 	.globl _IAP_DATA
                                    161 	.globl _WDT_CONTR
                                    162 	.globl _P4
                                    163 	.globl _ADC_RESL
                                    164 	.globl _ADC_RES
                                    165 	.globl _ADC_CONTR
                                    166 	.globl _P_SW2
                                    167 	.globl _SADEN
                                    168 	.globl _IP
                                    169 	.globl _IPH
                                    170 	.globl _IP2H
                                    171 	.globl _IP2
                                    172 	.globl _P4M0
                                    173 	.globl _P4M1
                                    174 	.globl _P3M0
                                    175 	.globl _P3M1
                                    176 	.globl _P3
                                    177 	.globl _IE2
                                    178 	.globl _TA
                                    179 	.globl _S3BUF
                                    180 	.globl _S3CON
                                    181 	.globl _WKTCH
                                    182 	.globl _WKTCL
                                    183 	.globl _SADDR
                                    184 	.globl _IE
                                    185 	.globl _P_SW1
                                    186 	.globl _BUS_SPEED
                                    187 	.globl _P2
                                    188 	.globl _IRTRIM
                                    189 	.globl _LIRTRIM
                                    190 	.globl _IRCBAND
                                    191 	.globl _S2BUF
                                    192 	.globl _S2CON
                                    193 	.globl _SBUF
                                    194 	.globl _SCON
                                    195 	.globl _P2M0
                                    196 	.globl _P2M1
                                    197 	.globl _P0M0
                                    198 	.globl _P0M1
                                    199 	.globl _P1M0
                                    200 	.globl _P1M1
                                    201 	.globl _P1
                                    202 	.globl _INTCLKO
                                    203 	.globl _AUXR
                                    204 	.globl _TH1
                                    205 	.globl _TH0
                                    206 	.globl _TL1
                                    207 	.globl _TL0
                                    208 	.globl _TMOD
                                    209 	.globl _TCON
                                    210 	.globl _PCON
                                    211 	.globl _S4BUF
                                    212 	.globl _S4CON
                                    213 	.globl _DPH
                                    214 	.globl _DPL
                                    215 	.globl _SP
                                    216 	.globl _P0
                                    217 	.globl _MEAS_Init
                                    218 	.globl _scale_value
                                    219 	.globl _MEAS_Process
                                    220 	.globl _MEAS_SetZero
                                    221 ;--------------------------------------------------------
                                    222 ; special function registers
                                    223 ;--------------------------------------------------------
                                    224 	.area RSEG    (ABS,DATA)
      000000                        225 	.org 0x0000
                           000080   226 _P0	=	0x0080
                           000081   227 _SP	=	0x0081
                           000082   228 _DPL	=	0x0082
                           000083   229 _DPH	=	0x0083
                           000084   230 _S4CON	=	0x0084
                           000085   231 _S4BUF	=	0x0085
                           000087   232 _PCON	=	0x0087
                           000088   233 _TCON	=	0x0088
                           000089   234 _TMOD	=	0x0089
                           00008A   235 _TL0	=	0x008a
                           00008B   236 _TL1	=	0x008b
                           00008C   237 _TH0	=	0x008c
                           00008D   238 _TH1	=	0x008d
                           00008E   239 _AUXR	=	0x008e
                           00008F   240 _INTCLKO	=	0x008f
                           000090   241 _P1	=	0x0090
                           000091   242 _P1M1	=	0x0091
                           000092   243 _P1M0	=	0x0092
                           000093   244 _P0M1	=	0x0093
                           000094   245 _P0M0	=	0x0094
                           000095   246 _P2M1	=	0x0095
                           000096   247 _P2M0	=	0x0096
                           000098   248 _SCON	=	0x0098
                           000099   249 _SBUF	=	0x0099
                           00009A   250 _S2CON	=	0x009a
                           00009B   251 _S2BUF	=	0x009b
                           00009D   252 _IRCBAND	=	0x009d
                           00009E   253 _LIRTRIM	=	0x009e
                           00009F   254 _IRTRIM	=	0x009f
                           0000A0   255 _P2	=	0x00a0
                           0000A1   256 _BUS_SPEED	=	0x00a1
                           0000A2   257 _P_SW1	=	0x00a2
                           0000A8   258 _IE	=	0x00a8
                           0000A9   259 _SADDR	=	0x00a9
                           0000AA   260 _WKTCL	=	0x00aa
                           0000AB   261 _WKTCH	=	0x00ab
                           0000AC   262 _S3CON	=	0x00ac
                           0000AD   263 _S3BUF	=	0x00ad
                           0000AE   264 _TA	=	0x00ae
                           0000AF   265 _IE2	=	0x00af
                           0000B0   266 _P3	=	0x00b0
                           0000B1   267 _P3M1	=	0x00b1
                           0000B2   268 _P3M0	=	0x00b2
                           0000B3   269 _P4M1	=	0x00b3
                           0000B4   270 _P4M0	=	0x00b4
                           0000B5   271 _IP2	=	0x00b5
                           0000B6   272 _IP2H	=	0x00b6
                           0000B7   273 _IPH	=	0x00b7
                           0000B8   274 _IP	=	0x00b8
                           0000B9   275 _SADEN	=	0x00b9
                           0000BA   276 _P_SW2	=	0x00ba
                           0000BC   277 _ADC_CONTR	=	0x00bc
                           0000BD   278 _ADC_RES	=	0x00bd
                           0000BE   279 _ADC_RESL	=	0x00be
                           0000C0   280 _P4	=	0x00c0
                           0000C1   281 _WDT_CONTR	=	0x00c1
                           0000C2   282 _IAP_DATA	=	0x00c2
                           0000C3   283 _IAP_ADDRH	=	0x00c3
                           0000C4   284 _IAP_ADDRL	=	0x00c4
                           0000C5   285 _IAP_CMD	=	0x00c5
                           0000C6   286 _IAP_TRIG	=	0x00c6
                           0000C7   287 _IAP_CONTR	=	0x00c7
                           0000C8   288 _P5	=	0x00c8
                           0000C9   289 _P5M1	=	0x00c9
                           0000CA   290 _P5M0	=	0x00ca
                           0000CB   291 _P6M1	=	0x00cb
                           0000CC   292 _P6M0	=	0x00cc
                           0000CD   293 _SPSTAT	=	0x00cd
                           0000CE   294 _SPCTL	=	0x00ce
                           0000CF   295 _SPDAT	=	0x00cf
                           0000D0   296 _PSW	=	0x00d0
                           0000D1   297 _T4T3M	=	0x00d1
                           0000D2   298 _T4H	=	0x00d2
                           0000D3   299 _T4L	=	0x00d3
                           0000D4   300 _T3H	=	0x00d4
                           0000D5   301 _T3L	=	0x00d5
                           0000D6   302 _T2H	=	0x00d6
                           0000D7   303 _T2L	=	0x00d7
                           0000E0   304 _ACC	=	0x00e0
                           0000E8   305 _P6	=	0x00e8
                           0000F0   306 _B	=	0x00f0
                           0000F8   307 _P7	=	0x00f8
                           0000A6   308 _VRTRIM	=	0x00a6
                           0000DC   309 _USBCLK	=	0x00dc
                           0000DE   310 _ADCCFG	=	0x00de
                           0000DF   311 _IP3	=	0x00df
                           0000E1   312 _P7M1	=	0x00e1
                           0000E2   313 _P7M0	=	0x00e2
                           0000E3   314 _DPS	=	0x00e3
                           0000E4   315 _DPL1	=	0x00e4
                           0000E5   316 _DPH1	=	0x00e5
                           0000E6   317 _CMPCR1	=	0x00e6
                           0000E7   318 _CMPCR2	=	0x00e7
                           0000EC   319 _USBDAT	=	0x00ec
                           0000EE   320 _IP3H	=	0x00ee
                           0000EF   321 _AUXINTIF	=	0x00ef
                           0000F4   322 _USBCON	=	0x00f4
                           0000F5   323 _IAP_TPS	=	0x00f5
                           0000FC   324 _USBADR	=	0x00fc
                           0000FF   325 _RSTCFG	=	0x00ff
                                    326 ;--------------------------------------------------------
                                    327 ; special function bits
                                    328 ;--------------------------------------------------------
                                    329 	.area RSEG    (ABS,DATA)
      000000                        330 	.org 0x0000
                           000080   331 _P00	=	0x0080
                           000081   332 _P01	=	0x0081
                           000082   333 _P02	=	0x0082
                           000083   334 _P03	=	0x0083
                           000084   335 _P04	=	0x0084
                           000085   336 _P05	=	0x0085
                           000086   337 _P06	=	0x0086
                           000087   338 _P07	=	0x0087
                           00008F   339 _TF1	=	0x008f
                           00008E   340 _TR1	=	0x008e
                           00008D   341 _TF0	=	0x008d
                           00008C   342 _TR0	=	0x008c
                           00008B   343 _IE1	=	0x008b
                           00008A   344 _IT1	=	0x008a
                           000089   345 _IE0	=	0x0089
                           000088   346 _IT0	=	0x0088
                           000090   347 _P10	=	0x0090
                           000091   348 _P11	=	0x0091
                           000092   349 _P12	=	0x0092
                           000093   350 _P13	=	0x0093
                           000094   351 _P14	=	0x0094
                           000095   352 _P15	=	0x0095
                           000096   353 _P16	=	0x0096
                           000097   354 _P17	=	0x0097
                           00009F   355 _SM0	=	0x009f
                           00009E   356 _SM1	=	0x009e
                           00009D   357 _SM2	=	0x009d
                           00009C   358 _REN	=	0x009c
                           00009B   359 _TB8	=	0x009b
                           00009A   360 _RB8	=	0x009a
                           000099   361 _TI	=	0x0099
                           000098   362 _RI	=	0x0098
                           0000A0   363 _P20	=	0x00a0
                           0000A1   364 _P21	=	0x00a1
                           0000A2   365 _P22	=	0x00a2
                           0000A3   366 _P23	=	0x00a3
                           0000A4   367 _P24	=	0x00a4
                           0000A5   368 _P25	=	0x00a5
                           0000A6   369 _P26	=	0x00a6
                           0000A7   370 _P27	=	0x00a7
                           0000AF   371 _EA	=	0x00af
                           0000AE   372 _ELVD	=	0x00ae
                           0000AD   373 _EADC	=	0x00ad
                           0000AC   374 _ES	=	0x00ac
                           0000AB   375 _ET1	=	0x00ab
                           0000AA   376 _EX1	=	0x00aa
                           0000A9   377 _ET0	=	0x00a9
                           0000A8   378 _EX0	=	0x00a8
                           0000B0   379 _P30	=	0x00b0
                           0000B1   380 _P31	=	0x00b1
                           0000B2   381 _P32	=	0x00b2
                           0000B3   382 _P33	=	0x00b3
                           0000B4   383 _P34	=	0x00b4
                           0000B5   384 _P35	=	0x00b5
                           0000B6   385 _P36	=	0x00b6
                           0000B7   386 _P37	=	0x00b7
                           0000BF   387 _PPCA	=	0x00bf
                           0000BE   388 _PLVD	=	0x00be
                           0000BD   389 _PADC	=	0x00bd
                           0000BC   390 _PS	=	0x00bc
                           0000BB   391 _PT1	=	0x00bb
                           0000BA   392 _PX1	=	0x00ba
                           0000B9   393 _PT0	=	0x00b9
                           0000B8   394 _PX0	=	0x00b8
                           0000C0   395 _P40	=	0x00c0
                           0000C1   396 _P41	=	0x00c1
                           0000C2   397 _P42	=	0x00c2
                           0000C3   398 _P43	=	0x00c3
                           0000C4   399 _P44	=	0x00c4
                           0000C5   400 _P45	=	0x00c5
                           0000C6   401 _P46	=	0x00c6
                           0000C7   402 _P47	=	0x00c7
                           0000C8   403 _P50	=	0x00c8
                           0000C9   404 _P51	=	0x00c9
                           0000CA   405 _P52	=	0x00ca
                           0000CB   406 _P53	=	0x00cb
                           0000CC   407 _P54	=	0x00cc
                           0000CD   408 _P55	=	0x00cd
                           0000CE   409 _P56	=	0x00ce
                           0000CF   410 _P57	=	0x00cf
                           0000D7   411 _CY	=	0x00d7
                           0000D6   412 _AC	=	0x00d6
                           0000D5   413 _F0	=	0x00d5
                           0000D4   414 _RS1	=	0x00d4
                           0000D3   415 _RS0	=	0x00d3
                           0000D2   416 _OV	=	0x00d2
                           0000D1   417 _F1	=	0x00d1
                           0000D0   418 _P	=	0x00d0
                           0000E8   419 _P60	=	0x00e8
                           0000E9   420 _P61	=	0x00e9
                           0000EA   421 _P62	=	0x00ea
                           0000EB   422 _P63	=	0x00eb
                           0000EC   423 _P64	=	0x00ec
                           0000ED   424 _P65	=	0x00ed
                           0000EE   425 _P66	=	0x00ee
                           0000EF   426 _P67	=	0x00ef
                           0000F8   427 _P70	=	0x00f8
                           0000F9   428 _P71	=	0x00f9
                           0000FA   429 _P72	=	0x00fa
                           0000FB   430 _P73	=	0x00fb
                           0000FC   431 _P74	=	0x00fc
                           0000FD   432 _P75	=	0x00fd
                           0000FE   433 _P76	=	0x00fe
                           0000FF   434 _P77	=	0x00ff
                                    435 ;--------------------------------------------------------
                                    436 ; overlayable register banks
                                    437 ;--------------------------------------------------------
                                    438 	.area REG_BANK_0	(REL,OVR,DATA)
      000000                        439 	.ds 8
                                    440 ;--------------------------------------------------------
                                    441 ; internal ram data
                                    442 ;--------------------------------------------------------
                                    443 	.area DSEG    (DATA)
      000000                        444 _scale_value_sloc0_1_0:
      000000                        445 	.ds 1
      000001                        446 _scale_value_sloc1_1_0:
      000001                        447 	.ds 1
      000002                        448 _scale_value_sloc2_1_0:
      000002                        449 	.ds 4
      000006                        450 _scale_value_sloc3_1_0:
      000006                        451 	.ds 4
      00000A                        452 _scale_value_sloc4_1_0:
      00000A                        453 	.ds 4
      00000E                        454 _scale_value_sloc5_1_0:
      00000E                        455 	.ds 4
      000012                        456 _MEAS_Process_sloc0_1_0:
      000012                        457 	.ds 4
      000016                        458 _MEAS_Process_sloc1_1_0:
      000016                        459 	.ds 4
      00001A                        460 _MEAS_Process_sloc2_1_0:
      00001A                        461 	.ds 4
                                    462 ;--------------------------------------------------------
                                    463 ; overlayable items in internal ram
                                    464 ;--------------------------------------------------------
                                    465 ;--------------------------------------------------------
                                    466 ; indirectly addressable internal ram data
                                    467 ;--------------------------------------------------------
                                    468 	.area ISEG    (DATA)
                                    469 ;--------------------------------------------------------
                                    470 ; absolute internal ram data
                                    471 ;--------------------------------------------------------
                                    472 	.area IABS    (ABS,DATA)
                                    473 	.area IABS    (ABS,DATA)
                                    474 ;--------------------------------------------------------
                                    475 ; bit data
                                    476 ;--------------------------------------------------------
                                    477 	.area BSEG    (BIT)
                                    478 ;--------------------------------------------------------
                                    479 ; paged external ram data
                                    480 ;--------------------------------------------------------
                                    481 	.area PSEG    (PAG,XDATA)
                                    482 ;--------------------------------------------------------
                                    483 ; uninitialized external ram data
                                    484 ;--------------------------------------------------------
                                    485 	.area XSEG    (XDATA)
      000000                        486 _scale_value_raw_adc_10000_62:
      000000                        487 	.ds 4
      000004                        488 _scale_value_i_10000_63:
      000004                        489 	.ds 1
      000005                        490 _scale_value_x0_10000_63:
      000005                        491 	.ds 4
      000009                        492 _scale_value_x1_10000_63:
      000009                        493 	.ds 4
      00000D                        494 _scale_value_y0_10000_63:
      00000D                        495 	.ds 4
      000011                        496 _scale_value_y1_10000_63:
      000011                        497 	.ds 4
      000015                        498 _MEAS_Process_raw_adc_10000_67:
      000015                        499 	.ds 4
      000019                        500 _MEAS_Process_current_weight_10000_67:
      000019                        501 	.ds 4
      00001D                        502 _MEAS_Process_diff_10000_67:
      00001D                        503 	.ds 4
      000021                        504 _MEAS_Process_stable_diff_10000_67:
      000021                        505 	.ds 4
                                    506 ;--------------------------------------------------------
                                    507 ; absolute external ram data
                                    508 ;--------------------------------------------------------
                                    509 	.area XABS    (ABS,XDATA)
                                    510 ;--------------------------------------------------------
                                    511 ; initialized external ram data
                                    512 ;--------------------------------------------------------
                                    513 	.area XISEG   (XDATA)
      000000                        514 _filtered_adc:
      000000                        515 	.ds 4
      000004                        516 _zero_track_cnt:
      000004                        517 	.ds 2
      000006                        518 _stable_cnt:
      000006                        519 	.ds 2
      000008                        520 _last_stable_val:
      000008                        521 	.ds 4
                                    522 	.area HOME    (CODE)
                                    523 	.area GSINIT0 (CODE)
                                    524 	.area GSINIT1 (CODE)
                                    525 	.area GSINIT2 (CODE)
                                    526 	.area GSINIT3 (CODE)
                                    527 	.area GSINIT4 (CODE)
                                    528 	.area GSINIT5 (CODE)
                                    529 	.area GSINIT  (CODE)
                                    530 	.area GSFINAL (CODE)
                                    531 	.area CSEG    (CODE)
                                    532 ;--------------------------------------------------------
                                    533 ; global & static initialisations
                                    534 ;--------------------------------------------------------
                                    535 	.area HOME    (CODE)
                                    536 	.area GSINIT  (CODE)
                                    537 	.area GSFINAL (CODE)
                                    538 	.area GSINIT  (CODE)
                                    539 ;--------------------------------------------------------
                                    540 ; Home
                                    541 ;--------------------------------------------------------
                                    542 	.area HOME    (CODE)
                                    543 	.area HOME    (CODE)
                                    544 ;--------------------------------------------------------
                                    545 ; code
                                    546 ;--------------------------------------------------------
                                    547 	.area CSEG    (CODE)
                                    548 ;------------------------------------------------------------
                                    549 ;Allocation info for local variables in function 'MEAS_Init'
                                    550 ;------------------------------------------------------------
                                    551 ;	.\FwLib_STC8\user\measurement.c:11: void MEAS_Init(void) {
                                    552 ;	-----------------------------------------
                                    553 ;	 function MEAS_Init
                                    554 ;	-----------------------------------------
      000000                        555 _MEAS_Init:
                           000007   556 	ar7 = 0x07
                           000006   557 	ar6 = 0x06
                           000005   558 	ar5 = 0x05
                           000004   559 	ar4 = 0x04
                           000003   560 	ar3 = 0x03
                           000002   561 	ar2 = 0x02
                           000001   562 	ar1 = 0x01
                           000000   563 	ar0 = 0x00
                                    564 ;	.\FwLib_STC8\user\measurement.c:12: filtered_adc = Read_HX71708_Raw();
      000000 12r00r00         [24]  565 	lcall	_Read_HX71708_Raw
      000003 AC 82            [24]  566 	mov	r4, dpl
      000005 AD 83            [24]  567 	mov	r5, dph
      000007 AE F0            [24]  568 	mov	r6, b
      000009 FF               [12]  569 	mov	r7, a
      00000A 90r00r00         [24]  570 	mov	dptr,#_filtered_adc
      00000D EC               [12]  571 	mov	a,r4
      00000E F0               [24]  572 	movx	@dptr,a
      00000F ED               [12]  573 	mov	a,r5
      000010 A3               [24]  574 	inc	dptr
      000011 F0               [24]  575 	movx	@dptr,a
      000012 EE               [12]  576 	mov	a,r6
      000013 A3               [24]  577 	inc	dptr
      000014 F0               [24]  578 	movx	@dptr,a
      000015 EF               [12]  579 	mov	a,r7
      000016 A3               [24]  580 	inc	dptr
      000017 F0               [24]  581 	movx	@dptr,a
                                    582 ;	.\FwLib_STC8\user\measurement.c:13: last_stable_val = 0;
      000018 90r00r08         [24]  583 	mov	dptr,#_last_stable_val
      00001B E4               [12]  584 	clr	a
      00001C F0               [24]  585 	movx	@dptr,a
      00001D A3               [24]  586 	inc	dptr
      00001E F0               [24]  587 	movx	@dptr,a
      00001F A3               [24]  588 	inc	dptr
      000020 F0               [24]  589 	movx	@dptr,a
      000021 A3               [24]  590 	inc	dptr
      000022 F0               [24]  591 	movx	@dptr,a
                                    592 ;	.\FwLib_STC8\user\measurement.c:14: stable_cnt = 0;
      000023 90r00r06         [24]  593 	mov	dptr,#_stable_cnt
      000026 F0               [24]  594 	movx	@dptr,a
      000027 A3               [24]  595 	inc	dptr
      000028 F0               [24]  596 	movx	@dptr,a
                                    597 ;	.\FwLib_STC8\user\measurement.c:15: zero_track_cnt = 0;
      000029 90r00r04         [24]  598 	mov	dptr,#_zero_track_cnt
      00002C F0               [24]  599 	movx	@dptr,a
      00002D A3               [24]  600 	inc	dptr
      00002E F0               [24]  601 	movx	@dptr,a
                                    602 ;	.\FwLib_STC8\user\measurement.c:16: }
      00002F 22               [24]  603 	ret
                                    604 ;------------------------------------------------------------
                                    605 ;Allocation info for local variables in function 'scale_value'
                                    606 ;------------------------------------------------------------
                                    607 ;sloc0         Allocated with name '_scale_value_sloc0_1_0'
                                    608 ;sloc1         Allocated with name '_scale_value_sloc1_1_0'
                                    609 ;sloc2         Allocated with name '_scale_value_sloc2_1_0'
                                    610 ;sloc3         Allocated with name '_scale_value_sloc3_1_0'
                                    611 ;sloc4         Allocated with name '_scale_value_sloc4_1_0'
                                    612 ;sloc5         Allocated with name '_scale_value_sloc5_1_0'
                                    613 ;raw_adc       Allocated with name '_scale_value_raw_adc_10000_62'
                                    614 ;i             Allocated with name '_scale_value_i_10000_63'
                                    615 ;x0            Allocated with name '_scale_value_x0_10000_63'
                                    616 ;x1            Allocated with name '_scale_value_x1_10000_63'
                                    617 ;y0            Allocated with name '_scale_value_y0_10000_63'
                                    618 ;y1            Allocated with name '_scale_value_y1_10000_63'
                                    619 ;------------------------------------------------------------
                                    620 ;	.\FwLib_STC8\user\measurement.c:22: int32_t scale_value(int32_t raw_adc) {
                                    621 ;	-----------------------------------------
                                    622 ;	 function scale_value
                                    623 ;	-----------------------------------------
      000030                        624 _scale_value:
      000030 AF 82            [24]  625 	mov	r7,dpl
      000032 AE 83            [24]  626 	mov	r6,dph
      000034 AD F0            [24]  627 	mov	r5,b
      000036 FC               [12]  628 	mov	r4,a
      000037 90r00r00         [24]  629 	mov	dptr,#_scale_value_raw_adc_10000_62
      00003A EF               [12]  630 	mov	a,r7
      00003B F0               [24]  631 	movx	@dptr,a
      00003C EE               [12]  632 	mov	a,r6
      00003D A3               [24]  633 	inc	dptr
      00003E F0               [24]  634 	movx	@dptr,a
      00003F ED               [12]  635 	mov	a,r5
      000040 A3               [24]  636 	inc	dptr
      000041 F0               [24]  637 	movx	@dptr,a
      000042 EC               [12]  638 	mov	a,r4
      000043 A3               [24]  639 	inc	dptr
      000044 F0               [24]  640 	movx	@dptr,a
                                    641 ;	.\FwLib_STC8\user\measurement.c:26: if (reg_cal_points_num < 2) return 0;
      000045 90r00r00         [24]  642 	mov	dptr,#_reg_cal_points_num
      000048 E0               [24]  643 	movx	a,@dptr
      000049 FC               [12]  644 	mov	r4,a
      00004A A3               [24]  645 	inc	dptr
      00004B E0               [24]  646 	movx	a,@dptr
      00004C FD               [12]  647 	mov	r5,a
      00004D A3               [24]  648 	inc	dptr
      00004E E0               [24]  649 	movx	a,@dptr
      00004F FE               [12]  650 	mov	r6,a
      000050 A3               [24]  651 	inc	dptr
      000051 E0               [24]  652 	movx	a,@dptr
      000052 FF               [12]  653 	mov	r7,a
      000053 C3               [12]  654 	clr	c
      000054 EC               [12]  655 	mov	a,r4
      000055 94 02            [12]  656 	subb	a,#0x02
      000057 ED               [12]  657 	mov	a,r5
      000058 94 00            [12]  658 	subb	a,#0x00
      00005A EE               [12]  659 	mov	a,r6
      00005B 94 00            [12]  660 	subb	a,#0x00
      00005D EF               [12]  661 	mov	a,r7
      00005E 64 80            [12]  662 	xrl	a,#0x80
      000060 94 80            [12]  663 	subb	a,#0x80
      000062 50 07            [24]  664 	jnc	00102$
      000064 90 00 00         [24]  665 	mov	dptr,#0x0000
      000067 E4               [12]  666 	clr	a
      000068 F5 F0            [12]  667 	mov	b,a
      00006A 22               [24]  668 	ret
      00006B                        669 00102$:
                                    670 ;	.\FwLib_STC8\user\measurement.c:29: for (i = 0; i < (uint8_t)(reg_cal_points_num - 1); i++) {
      00006B 90r00r04         [24]  671 	mov	dptr,#_scale_value_i_10000_63
      00006E E4               [12]  672 	clr	a
      00006F F0               [24]  673 	movx	@dptr,a
      000070 90r00r00         [24]  674 	mov	dptr,#_scale_value_raw_adc_10000_62
      000073 E0               [24]  675 	movx	a,@dptr
      000074 F8               [12]  676 	mov	r0,a
      000075 A3               [24]  677 	inc	dptr
      000076 E0               [24]  678 	movx	a,@dptr
      000077 F9               [12]  679 	mov	r1,a
      000078 A3               [24]  680 	inc	dptr
      000079 E0               [24]  681 	movx	a,@dptr
      00007A FA               [12]  682 	mov	r2,a
      00007B A3               [24]  683 	inc	dptr
      00007C E0               [24]  684 	movx	a,@dptr
      00007D FB               [12]  685 	mov	r3,a
      00007E                        686 00111$:
      00007E C0 00            [24]  687 	push	ar0
      000080 C0 01            [24]  688 	push	ar1
      000082 C0 02            [24]  689 	push	ar2
      000084 C0 03            [24]  690 	push	ar3
      000086 EC               [12]  691 	mov	a,r4
      000087 F5*00            [12]  692 	mov	_scale_value_sloc0_1_0,a
      000089 14               [12]  693 	dec	a
      00008A FB               [12]  694 	mov	r3,a
      00008B 90r00r04         [24]  695 	mov	dptr,#_scale_value_i_10000_63
      00008E E0               [24]  696 	movx	a,@dptr
      00008F F5*01            [12]  697 	mov	_scale_value_sloc1_1_0,a
      000091 C3               [12]  698 	clr	c
      000092 9B               [12]  699 	subb	a,r3
      000093 D0 03            [24]  700 	pop	ar3
      000095 D0 02            [24]  701 	pop	ar2
      000097 D0 01            [24]  702 	pop	ar1
      000099 D0 00            [24]  703 	pop	ar0
      00009B 50 5F            [24]  704 	jnc	00105$
                                    705 ;	.\FwLib_STC8\user\measurement.c:30: if (raw_adc < reg_avp[i + 1]) break;
      00009D C0 04            [24]  706 	push	ar4
      00009F C0 05            [24]  707 	push	ar5
      0000A1 C0 06            [24]  708 	push	ar6
      0000A3 C0 07            [24]  709 	push	ar7
      0000A5 AF*01            [24]  710 	mov	r7,_scale_value_sloc1_1_0
      0000A7 0F               [12]  711 	inc	r7
      0000A8 C2 D5            [12]  712 	clr	F0
      0000AA 75 F0 04         [24]  713 	mov	b,#0x04
      0000AD EF               [12]  714 	mov	a,r7
      0000AE 30 E7 04         [24]  715 	jnb	acc.7,00153$
      0000B1 B2 D5            [12]  716 	cpl	F0
      0000B3 F4               [12]  717 	cpl	a
      0000B4 04               [12]  718 	inc	a
      0000B5                        719 00153$:
      0000B5 A4               [48]  720 	mul	ab
      0000B6 30 D5 0A         [24]  721 	jnb	F0,00154$
      0000B9 F4               [12]  722 	cpl	a
      0000BA 24 01            [12]  723 	add	a,#0x01
      0000BC C5 F0            [12]  724 	xch	a,b
      0000BE F4               [12]  725 	cpl	a
      0000BF 34 00            [12]  726 	addc	a,#0x00
      0000C1 C5 F0            [12]  727 	xch	a,b
      0000C3                        728 00154$:
      0000C3 24r00            [12]  729 	add	a, #_reg_avp
      0000C5 F5 82            [12]  730 	mov	dpl,a
      0000C7 74s00            [12]  731 	mov	a,#(_reg_avp >> 8)
      0000C9 35 F0            [12]  732 	addc	a, b
      0000CB F5 83            [12]  733 	mov	dph,a
      0000CD E0               [24]  734 	movx	a,@dptr
      0000CE FC               [12]  735 	mov	r4,a
      0000CF A3               [24]  736 	inc	dptr
      0000D0 E0               [24]  737 	movx	a,@dptr
      0000D1 FD               [12]  738 	mov	r5,a
      0000D2 A3               [24]  739 	inc	dptr
      0000D3 E0               [24]  740 	movx	a,@dptr
      0000D4 FE               [12]  741 	mov	r6,a
      0000D5 A3               [24]  742 	inc	dptr
      0000D6 E0               [24]  743 	movx	a,@dptr
      0000D7 FF               [12]  744 	mov	r7,a
      0000D8 C3               [12]  745 	clr	c
      0000D9 E8               [12]  746 	mov	a,r0
      0000DA 9C               [12]  747 	subb	a,r4
      0000DB E9               [12]  748 	mov	a,r1
      0000DC 9D               [12]  749 	subb	a,r5
      0000DD EA               [12]  750 	mov	a,r2
      0000DE 9E               [12]  751 	subb	a,r6
      0000DF EB               [12]  752 	mov	a,r3
      0000E0 64 80            [12]  753 	xrl	a,#0x80
      0000E2 8F F0            [24]  754 	mov	b,r7
      0000E4 63 F0 80         [24]  755 	xrl	b,#0x80
      0000E7 95 F0            [12]  756 	subb	a,b
      0000E9 D0 07            [24]  757 	pop	ar7
      0000EB D0 06            [24]  758 	pop	ar6
      0000ED D0 05            [24]  759 	pop	ar5
      0000EF D0 04            [24]  760 	pop	ar4
      0000F1 40 09            [24]  761 	jc	00105$
                                    762 ;	.\FwLib_STC8\user\measurement.c:29: for (i = 0; i < (uint8_t)(reg_cal_points_num - 1); i++) {
      0000F3 90r00r04         [24]  763 	mov	dptr,#_scale_value_i_10000_63
      0000F6 E5*01            [12]  764 	mov	a,_scale_value_sloc1_1_0
      0000F8 04               [12]  765 	inc	a
      0000F9 F0               [24]  766 	movx	@dptr,a
      0000FA 80 82            [24]  767 	sjmp	00111$
      0000FC                        768 00105$:
                                    769 ;	.\FwLib_STC8\user\measurement.c:33: if (i >= (reg_cal_points_num - 1)) i = reg_cal_points_num - 2;
      0000FC 1C               [12]  770 	dec	r4
      0000FD BC FF 09         [24]  771 	cjne	r4,#0xff,00156$
      000100 1D               [12]  772 	dec	r5
      000101 BD FF 05         [24]  773 	cjne	r5,#0xff,00156$
      000104 1E               [12]  774 	dec	r6
      000105 BE FF 01         [24]  775 	cjne	r6,#0xff,00156$
      000108 1F               [12]  776 	dec	r7
      000109                        777 00156$:
      000109 90r00r04         [24]  778 	mov	dptr,#_scale_value_i_10000_63
      00010C E0               [24]  779 	movx	a,@dptr
      00010D F8               [12]  780 	mov	r0,a
      00010E 79 00            [12]  781 	mov	r1,#0x00
      000110 7A 00            [12]  782 	mov	r2,#0x00
      000112 7B 00            [12]  783 	mov	r3,#0x00
      000114 C3               [12]  784 	clr	c
      000115 E8               [12]  785 	mov	a,r0
      000116 9C               [12]  786 	subb	a,r4
      000117 E9               [12]  787 	mov	a,r1
      000118 9D               [12]  788 	subb	a,r5
      000119 EA               [12]  789 	mov	a,r2
      00011A 9E               [12]  790 	subb	a,r6
      00011B EB               [12]  791 	mov	a,r3
      00011C 64 80            [12]  792 	xrl	a,#0x80
      00011E 8F F0            [24]  793 	mov	b,r7
      000120 63 F0 80         [24]  794 	xrl	b,#0x80
      000123 95 F0            [12]  795 	subb	a,b
      000125 40 08            [24]  796 	jc	00107$
      000127 E5*00            [12]  797 	mov	a,_scale_value_sloc0_1_0
      000129 24 FE            [12]  798 	add	a,#0xfe
      00012B 90r00r04         [24]  799 	mov	dptr,#_scale_value_i_10000_63
      00012E F0               [24]  800 	movx	@dptr,a
      00012F                        801 00107$:
                                    802 ;	.\FwLib_STC8\user\measurement.c:35: x0 = reg_avp[i];     y0 = reg_pvp[i];
      00012F 90r00r04         [24]  803 	mov	dptr,#_scale_value_i_10000_63
      000132 E0               [24]  804 	movx	a,@dptr
      000133 FF               [12]  805 	mov	r7,a
      000134 75 F0 04         [24]  806 	mov	b,#0x04
      000137 A4               [48]  807 	mul	ab
      000138 FD               [12]  808 	mov	r5,a
      000139 AE F0            [24]  809 	mov	r6,b
      00013B 24r00            [12]  810 	add	a, #_reg_avp
      00013D F5 82            [12]  811 	mov	dpl,a
      00013F EE               [12]  812 	mov	a,r6
      000140 34s00            [12]  813 	addc	a, #(_reg_avp >> 8)
      000142 F5 83            [12]  814 	mov	dph,a
      000144 E0               [24]  815 	movx	a,@dptr
      000145 F9               [12]  816 	mov	r1,a
      000146 A3               [24]  817 	inc	dptr
      000147 E0               [24]  818 	movx	a,@dptr
      000148 FA               [12]  819 	mov	r2,a
      000149 A3               [24]  820 	inc	dptr
      00014A E0               [24]  821 	movx	a,@dptr
      00014B FB               [12]  822 	mov	r3,a
      00014C A3               [24]  823 	inc	dptr
      00014D E0               [24]  824 	movx	a,@dptr
      00014E FC               [12]  825 	mov	r4,a
      00014F 90r00r05         [24]  826 	mov	dptr,#_scale_value_x0_10000_63
      000152 E9               [12]  827 	mov	a,r1
      000153 F0               [24]  828 	movx	@dptr,a
      000154 EA               [12]  829 	mov	a,r2
      000155 A3               [24]  830 	inc	dptr
      000156 F0               [24]  831 	movx	@dptr,a
      000157 EB               [12]  832 	mov	a,r3
      000158 A3               [24]  833 	inc	dptr
      000159 F0               [24]  834 	movx	@dptr,a
      00015A EC               [12]  835 	mov	a,r4
      00015B A3               [24]  836 	inc	dptr
      00015C F0               [24]  837 	movx	@dptr,a
      00015D ED               [12]  838 	mov	a,r5
      00015E 24r00            [12]  839 	add	a, #_reg_pvp
      000160 F5 82            [12]  840 	mov	dpl,a
      000162 EE               [12]  841 	mov	a,r6
      000163 34s00            [12]  842 	addc	a, #(_reg_pvp >> 8)
      000165 F5 83            [12]  843 	mov	dph,a
      000167 E0               [24]  844 	movx	a,@dptr
      000168 F5*02            [12]  845 	mov	_scale_value_sloc2_1_0,a
      00016A A3               [24]  846 	inc	dptr
      00016B E0               [24]  847 	movx	a,@dptr
      00016C F5*03            [12]  848 	mov	(_scale_value_sloc2_1_0 + 1),a
      00016E A3               [24]  849 	inc	dptr
      00016F E0               [24]  850 	movx	a,@dptr
      000170 F5*04            [12]  851 	mov	(_scale_value_sloc2_1_0 + 2),a
      000172 A3               [24]  852 	inc	dptr
      000173 E0               [24]  853 	movx	a,@dptr
      000174 F5*05            [12]  854 	mov	(_scale_value_sloc2_1_0 + 3),a
      000176 90r00r0D         [24]  855 	mov	dptr,#_scale_value_y0_10000_63
      000179 E5*02            [12]  856 	mov	a,_scale_value_sloc2_1_0
      00017B F0               [24]  857 	movx	@dptr,a
      00017C E5*03            [12]  858 	mov	a,(_scale_value_sloc2_1_0 + 1)
      00017E A3               [24]  859 	inc	dptr
      00017F F0               [24]  860 	movx	@dptr,a
      000180 E5*04            [12]  861 	mov	a,(_scale_value_sloc2_1_0 + 2)
      000182 A3               [24]  862 	inc	dptr
      000183 F0               [24]  863 	movx	@dptr,a
      000184 E5*05            [12]  864 	mov	a,(_scale_value_sloc2_1_0 + 3)
      000186 A3               [24]  865 	inc	dptr
      000187 F0               [24]  866 	movx	@dptr,a
                                    867 ;	.\FwLib_STC8\user\measurement.c:36: x1 = reg_avp[i + 1]; y1 = reg_pvp[i + 1];
      000188 0F               [12]  868 	inc	r7
      000189 C2 D5            [12]  869 	clr	F0
      00018B 75 F0 04         [24]  870 	mov	b,#0x04
      00018E EF               [12]  871 	mov	a,r7
      00018F 30 E7 04         [24]  872 	jnb	acc.7,00158$
      000192 B2 D5            [12]  873 	cpl	F0
      000194 F4               [12]  874 	cpl	a
      000195 04               [12]  875 	inc	a
      000196                        876 00158$:
      000196 A4               [48]  877 	mul	ab
      000197 30 D5 0A         [24]  878 	jnb	F0,00159$
      00019A F4               [12]  879 	cpl	a
      00019B 24 01            [12]  880 	add	a,#0x01
      00019D C5 F0            [12]  881 	xch	a,b
      00019F F4               [12]  882 	cpl	a
      0001A0 34 00            [12]  883 	addc	a,#0x00
      0001A2 C5 F0            [12]  884 	xch	a,b
      0001A4                        885 00159$:
      0001A4 FF               [12]  886 	mov	r7,a
      0001A5 AE F0            [24]  887 	mov	r6,b
      0001A7 24r00            [12]  888 	add	a, #_reg_avp
      0001A9 F5 82            [12]  889 	mov	dpl,a
      0001AB EE               [12]  890 	mov	a,r6
      0001AC 34s00            [12]  891 	addc	a, #(_reg_avp >> 8)
      0001AE F5 83            [12]  892 	mov	dph,a
      0001B0 E0               [24]  893 	movx	a,@dptr
      0001B1 F5*06            [12]  894 	mov	_scale_value_sloc3_1_0,a
      0001B3 A3               [24]  895 	inc	dptr
      0001B4 E0               [24]  896 	movx	a,@dptr
      0001B5 F5*07            [12]  897 	mov	(_scale_value_sloc3_1_0 + 1),a
      0001B7 A3               [24]  898 	inc	dptr
      0001B8 E0               [24]  899 	movx	a,@dptr
      0001B9 F5*08            [12]  900 	mov	(_scale_value_sloc3_1_0 + 2),a
      0001BB A3               [24]  901 	inc	dptr
      0001BC E0               [24]  902 	movx	a,@dptr
      0001BD F5*09            [12]  903 	mov	(_scale_value_sloc3_1_0 + 3),a
      0001BF 90r00r09         [24]  904 	mov	dptr,#_scale_value_x1_10000_63
      0001C2 E5*06            [12]  905 	mov	a,_scale_value_sloc3_1_0
      0001C4 F0               [24]  906 	movx	@dptr,a
      0001C5 E5*07            [12]  907 	mov	a,(_scale_value_sloc3_1_0 + 1)
      0001C7 A3               [24]  908 	inc	dptr
      0001C8 F0               [24]  909 	movx	@dptr,a
      0001C9 E5*08            [12]  910 	mov	a,(_scale_value_sloc3_1_0 + 2)
      0001CB A3               [24]  911 	inc	dptr
      0001CC F0               [24]  912 	movx	@dptr,a
      0001CD E5*09            [12]  913 	mov	a,(_scale_value_sloc3_1_0 + 3)
      0001CF A3               [24]  914 	inc	dptr
      0001D0 F0               [24]  915 	movx	@dptr,a
      0001D1 EF               [12]  916 	mov	a,r7
      0001D2 24r00            [12]  917 	add	a, #_reg_pvp
      0001D4 F5 82            [12]  918 	mov	dpl,a
      0001D6 EE               [12]  919 	mov	a,r6
      0001D7 34s00            [12]  920 	addc	a, #(_reg_pvp >> 8)
      0001D9 F5 83            [12]  921 	mov	dph,a
      0001DB E0               [24]  922 	movx	a,@dptr
      0001DC F5*0A            [12]  923 	mov	_scale_value_sloc4_1_0,a
      0001DE A3               [24]  924 	inc	dptr
      0001DF E0               [24]  925 	movx	a,@dptr
      0001E0 F5*0B            [12]  926 	mov	(_scale_value_sloc4_1_0 + 1),a
      0001E2 A3               [24]  927 	inc	dptr
      0001E3 E0               [24]  928 	movx	a,@dptr
      0001E4 F5*0C            [12]  929 	mov	(_scale_value_sloc4_1_0 + 2),a
      0001E6 A3               [24]  930 	inc	dptr
      0001E7 E0               [24]  931 	movx	a,@dptr
      0001E8 F5*0D            [12]  932 	mov	(_scale_value_sloc4_1_0 + 3),a
      0001EA 90r00r11         [24]  933 	mov	dptr,#_scale_value_y1_10000_63
      0001ED E5*0A            [12]  934 	mov	a,_scale_value_sloc4_1_0
      0001EF F0               [24]  935 	movx	@dptr,a
      0001F0 E5*0B            [12]  936 	mov	a,(_scale_value_sloc4_1_0 + 1)
      0001F2 A3               [24]  937 	inc	dptr
      0001F3 F0               [24]  938 	movx	@dptr,a
      0001F4 E5*0C            [12]  939 	mov	a,(_scale_value_sloc4_1_0 + 2)
      0001F6 A3               [24]  940 	inc	dptr
      0001F7 F0               [24]  941 	movx	@dptr,a
      0001F8 E5*0D            [12]  942 	mov	a,(_scale_value_sloc4_1_0 + 3)
      0001FA A3               [24]  943 	inc	dptr
      0001FB F0               [24]  944 	movx	@dptr,a
                                    945 ;	.\FwLib_STC8\user\measurement.c:38: if (x1 == x0) return y0;
      0001FC E9               [12]  946 	mov	a,r1
      0001FD B5*06 18         [24]  947 	cjne	a,_scale_value_sloc3_1_0,00109$
      000200 EA               [12]  948 	mov	a,r2
      000201 B5*07 14         [24]  949 	cjne	a,(_scale_value_sloc3_1_0 + 1),00109$
      000204 EB               [12]  950 	mov	a,r3
      000205 B5*08 10         [24]  951 	cjne	a,(_scale_value_sloc3_1_0 + 2),00109$
      000208 EC               [12]  952 	mov	a,r4
      000209 B5*09 0C         [24]  953 	cjne	a,(_scale_value_sloc3_1_0 + 3),00109$
      00020C 85*02 82         [24]  954 	mov	dpl, _scale_value_sloc2_1_0
      00020F 85*03 83         [24]  955 	mov	dph, (_scale_value_sloc2_1_0 + 1)
      000212 85*04 F0         [24]  956 	mov	b, (_scale_value_sloc2_1_0 + 2)
      000215 E5*05            [12]  957 	mov	a, (_scale_value_sloc2_1_0 + 3)
      000217 22               [24]  958 	ret
      000218                        959 00109$:
                                    960 ;	.\FwLib_STC8\user\measurement.c:42: return y0 + (int32_t)((float)(raw_adc - x0) * (y1 - y0) / (x1 - x0));
      000218 90r00r00         [24]  961 	mov	dptr,#_scale_value_raw_adc_10000_62
      00021B E0               [24]  962 	movx	a,@dptr
      00021C F8               [12]  963 	mov	r0,a
      00021D A3               [24]  964 	inc	dptr
      00021E E0               [24]  965 	movx	a,@dptr
      00021F FD               [12]  966 	mov	r5,a
      000220 A3               [24]  967 	inc	dptr
      000221 E0               [24]  968 	movx	a,@dptr
      000222 FE               [12]  969 	mov	r6,a
      000223 A3               [24]  970 	inc	dptr
      000224 E0               [24]  971 	movx	a,@dptr
      000225 FF               [12]  972 	mov	r7,a
      000226 E8               [12]  973 	mov	a,r0
      000227 C3               [12]  974 	clr	c
      000228 99               [12]  975 	subb	a,r1
      000229 F8               [12]  976 	mov	r0,a
      00022A ED               [12]  977 	mov	a,r5
      00022B 9A               [12]  978 	subb	a,r2
      00022C FD               [12]  979 	mov	r5,a
      00022D EE               [12]  980 	mov	a,r6
      00022E 9B               [12]  981 	subb	a,r3
      00022F FE               [12]  982 	mov	r6,a
      000230 EF               [12]  983 	mov	a,r7
      000231 9C               [12]  984 	subb	a,r4
      000232 88 82            [24]  985 	mov	dpl,r0
      000234 8D 83            [24]  986 	mov	dph,r5
      000236 8E F0            [24]  987 	mov	b,r6
      000238 C0 04            [24]  988 	push	ar4
      00023A C0 03            [24]  989 	push	ar3
      00023C C0 02            [24]  990 	push	ar2
      00023E C0 01            [24]  991 	push	ar1
      000240 12r00r00         [24]  992 	lcall	___slong2fs
      000243 85 82*0E         [24]  993 	mov	_scale_value_sloc5_1_0,dpl
      000246 85 83*0F         [24]  994 	mov	(_scale_value_sloc5_1_0 + 1),dph
      000249 85 F0*10         [24]  995 	mov	(_scale_value_sloc5_1_0 + 2),b
      00024C F5*11            [12]  996 	mov	(_scale_value_sloc5_1_0 + 3),a
      00024E E5*0A            [12]  997 	mov	a,_scale_value_sloc4_1_0
      000250 C3               [12]  998 	clr	c
      000251 95*02            [12]  999 	subb	a,_scale_value_sloc2_1_0
      000253 F8               [12] 1000 	mov	r0,a
      000254 E5*0B            [12] 1001 	mov	a,(_scale_value_sloc4_1_0 + 1)
      000256 95*03            [12] 1002 	subb	a,(_scale_value_sloc2_1_0 + 1)
      000258 FD               [12] 1003 	mov	r5,a
      000259 E5*0C            [12] 1004 	mov	a,(_scale_value_sloc4_1_0 + 2)
      00025B 95*04            [12] 1005 	subb	a,(_scale_value_sloc2_1_0 + 2)
      00025D FE               [12] 1006 	mov	r6,a
      00025E E5*0D            [12] 1007 	mov	a,(_scale_value_sloc4_1_0 + 3)
      000260 95*05            [12] 1008 	subb	a,(_scale_value_sloc2_1_0 + 3)
      000262 88 82            [24] 1009 	mov	dpl,r0
      000264 8D 83            [24] 1010 	mov	dph,r5
      000266 8E F0            [24] 1011 	mov	b,r6
      000268 12r00r00         [24] 1012 	lcall	___slong2fs
      00026B A8 82            [24] 1013 	mov	r0, dpl
      00026D AD 83            [24] 1014 	mov	r5, dph
      00026F AE F0            [24] 1015 	mov	r6, b
      000271 FF               [12] 1016 	mov	r7, a
      000272 C0 00            [24] 1017 	push	ar0
      000274 C0 05            [24] 1018 	push	ar5
      000276 C0 06            [24] 1019 	push	ar6
      000278 C0 07            [24] 1020 	push	ar7
      00027A 85*0E 82         [24] 1021 	mov	dpl, _scale_value_sloc5_1_0
      00027D 85*0F 83         [24] 1022 	mov	dph, (_scale_value_sloc5_1_0 + 1)
      000280 85*10 F0         [24] 1023 	mov	b, (_scale_value_sloc5_1_0 + 2)
      000283 E5*11            [12] 1024 	mov	a, (_scale_value_sloc5_1_0 + 3)
      000285 12r00r00         [24] 1025 	lcall	___fsmul
      000288 A8 82            [24] 1026 	mov	r0, dpl
      00028A AD 83            [24] 1027 	mov	r5, dph
      00028C AE F0            [24] 1028 	mov	r6, b
      00028E FF               [12] 1029 	mov	r7, a
      00028F E5 81            [12] 1030 	mov	a,sp
      000291 24 FC            [12] 1031 	add	a,#0xfc
      000293 F5 81            [12] 1032 	mov	sp,a
      000295 D0 01            [24] 1033 	pop	ar1
      000297 D0 02            [24] 1034 	pop	ar2
      000299 D0 03            [24] 1035 	pop	ar3
      00029B D0 04            [24] 1036 	pop	ar4
      00029D E5*06            [12] 1037 	mov	a,_scale_value_sloc3_1_0
      00029F C3               [12] 1038 	clr	c
      0002A0 99               [12] 1039 	subb	a,r1
      0002A1 F9               [12] 1040 	mov	r1,a
      0002A2 E5*07            [12] 1041 	mov	a,(_scale_value_sloc3_1_0 + 1)
      0002A4 9A               [12] 1042 	subb	a,r2
      0002A5 FA               [12] 1043 	mov	r2,a
      0002A6 E5*08            [12] 1044 	mov	a,(_scale_value_sloc3_1_0 + 2)
      0002A8 9B               [12] 1045 	subb	a,r3
      0002A9 FB               [12] 1046 	mov	r3,a
      0002AA E5*09            [12] 1047 	mov	a,(_scale_value_sloc3_1_0 + 3)
      0002AC 9C               [12] 1048 	subb	a,r4
      0002AD 89 82            [24] 1049 	mov	dpl,r1
      0002AF 8A 83            [24] 1050 	mov	dph,r2
      0002B1 8B F0            [24] 1051 	mov	b,r3
      0002B3 C0 07            [24] 1052 	push	ar7
      0002B5 C0 06            [24] 1053 	push	ar6
      0002B7 C0 05            [24] 1054 	push	ar5
      0002B9 C0 00            [24] 1055 	push	ar0
      0002BB 12r00r00         [24] 1056 	lcall	___slong2fs
      0002BE A9 82            [24] 1057 	mov	r1, dpl
      0002C0 AA 83            [24] 1058 	mov	r2, dph
      0002C2 AB F0            [24] 1059 	mov	r3, b
      0002C4 FC               [12] 1060 	mov	r4, a
      0002C5 D0 00            [24] 1061 	pop	ar0
      0002C7 D0 05            [24] 1062 	pop	ar5
      0002C9 D0 06            [24] 1063 	pop	ar6
      0002CB D0 07            [24] 1064 	pop	ar7
      0002CD C0 01            [24] 1065 	push	ar1
      0002CF C0 02            [24] 1066 	push	ar2
      0002D1 C0 03            [24] 1067 	push	ar3
      0002D3 C0 04            [24] 1068 	push	ar4
      0002D5 88 82            [24] 1069 	mov	dpl, r0
      0002D7 8D 83            [24] 1070 	mov	dph, r5
      0002D9 8E F0            [24] 1071 	mov	b, r6
      0002DB EF               [12] 1072 	mov	a, r7
      0002DC 12r00r00         [24] 1073 	lcall	___fsdiv
      0002DF AC 82            [24] 1074 	mov	r4, dpl
      0002E1 AD 83            [24] 1075 	mov	r5, dph
      0002E3 AE F0            [24] 1076 	mov	r6, b
      0002E5 FF               [12] 1077 	mov	r7, a
      0002E6 E5 81            [12] 1078 	mov	a,sp
      0002E8 24 FC            [12] 1079 	add	a,#0xfc
      0002EA F5 81            [12] 1080 	mov	sp,a
      0002EC 8C 82            [24] 1081 	mov	dpl, r4
      0002EE 8D 83            [24] 1082 	mov	dph, r5
      0002F0 8E F0            [24] 1083 	mov	b, r6
      0002F2 EF               [12] 1084 	mov	a, r7
      0002F3 12r00r00         [24] 1085 	lcall	___fs2slong
      0002F6 AC 82            [24] 1086 	mov	r4, dpl
      0002F8 AD 83            [24] 1087 	mov	r5, dph
      0002FA AE F0            [24] 1088 	mov	r6, b
      0002FC FF               [12] 1089 	mov	r7, a
      0002FD EC               [12] 1090 	mov	a,r4
      0002FE 25*02            [12] 1091 	add	a, _scale_value_sloc2_1_0
      000300 FC               [12] 1092 	mov	r4,a
      000301 ED               [12] 1093 	mov	a,r5
      000302 35*03            [12] 1094 	addc	a, (_scale_value_sloc2_1_0 + 1)
      000304 FD               [12] 1095 	mov	r5,a
      000305 EE               [12] 1096 	mov	a,r6
      000306 35*04            [12] 1097 	addc	a, (_scale_value_sloc2_1_0 + 2)
      000308 FE               [12] 1098 	mov	r6,a
      000309 EF               [12] 1099 	mov	a,r7
      00030A 35*05            [12] 1100 	addc	a, (_scale_value_sloc2_1_0 + 3)
      00030C 8C 82            [24] 1101 	mov	dpl,r4
      00030E 8D 83            [24] 1102 	mov	dph,r5
      000310 8E F0            [24] 1103 	mov	b,r6
                                   1104 ;	.\FwLib_STC8\user\measurement.c:43: }
      000312 22               [24] 1105 	ret
                                   1106 ;------------------------------------------------------------
                                   1107 ;Allocation info for local variables in function 'MEAS_Process'
                                   1108 ;------------------------------------------------------------
                                   1109 ;sloc0         Allocated with name '_MEAS_Process_sloc0_1_0'
                                   1110 ;sloc1         Allocated with name '_MEAS_Process_sloc1_1_0'
                                   1111 ;sloc2         Allocated with name '_MEAS_Process_sloc2_1_0'
                                   1112 ;raw_adc       Allocated with name '_MEAS_Process_raw_adc_10000_67'
                                   1113 ;current_weight Allocated with name '_MEAS_Process_current_weight_10000_67'
                                   1114 ;diff          Allocated with name '_MEAS_Process_diff_10000_67'
                                   1115 ;stable_diff   Allocated with name '_MEAS_Process_stable_diff_10000_67'
                                   1116 ;------------------------------------------------------------
                                   1117 ;	.\FwLib_STC8\user\measurement.c:47: void MEAS_Process(void) {
                                   1118 ;	-----------------------------------------
                                   1119 ;	 function MEAS_Process
                                   1120 ;	-----------------------------------------
      000313                       1121 _MEAS_Process:
                                   1122 ;	.\FwLib_STC8\user\measurement.c:52: reg_adc_raw_value = 0x12345678; // 强制写入一个固定值
      000313 90r00r00         [24] 1123 	mov	dptr,#_reg_adc_raw_value
      000316 74 78            [12] 1124 	mov	a,#0x78
      000318 F0               [24] 1125 	movx	@dptr,a
      000319 74 56            [12] 1126 	mov	a,#0x56
      00031B A3               [24] 1127 	inc	dptr
      00031C F0               [24] 1128 	movx	@dptr,a
      00031D 74 34            [12] 1129 	mov	a,#0x34
      00031F A3               [24] 1130 	inc	dptr
      000320 F0               [24] 1131 	movx	@dptr,a
      000321 74 12            [12] 1132 	mov	a,#0x12
      000323 A3               [24] 1133 	inc	dptr
      000324 F0               [24] 1134 	movx	@dptr,a
                                   1135 ;	.\FwLib_STC8\user\measurement.c:53: raw_adc = Read_HX71708_Raw();
      000325 12r00r00         [24] 1136 	lcall	_Read_HX71708_Raw
      000328 AC 82            [24] 1137 	mov	r4, dpl
      00032A AD 83            [24] 1138 	mov	r5, dph
      00032C AE F0            [24] 1139 	mov	r6, b
      00032E FF               [12] 1140 	mov	r7, a
      00032F 90r00r15         [24] 1141 	mov	dptr,#_MEAS_Process_raw_adc_10000_67
      000332 EC               [12] 1142 	mov	a,r4
      000333 F0               [24] 1143 	movx	@dptr,a
      000334 ED               [12] 1144 	mov	a,r5
      000335 A3               [24] 1145 	inc	dptr
      000336 F0               [24] 1146 	movx	@dptr,a
      000337 EE               [12] 1147 	mov	a,r6
      000338 A3               [24] 1148 	inc	dptr
      000339 F0               [24] 1149 	movx	@dptr,a
      00033A EF               [12] 1150 	mov	a,r7
      00033B A3               [24] 1151 	inc	dptr
      00033C F0               [24] 1152 	movx	@dptr,a
                                   1153 ;	.\FwLib_STC8\user\measurement.c:54: if (raw_adc == -1) return; 
      00033D BC FF 0A         [24] 1154 	cjne	r4,#0xff,00102$
      000340 BD FF 07         [24] 1155 	cjne	r5,#0xff,00102$
      000343 BE FF 04         [24] 1156 	cjne	r6,#0xff,00102$
      000346 BF FF 01         [24] 1157 	cjne	r7,#0xff,00102$
      000349 22               [24] 1158 	ret
      00034A                       1159 00102$:
                                   1160 ;	.\FwLib_STC8\user\measurement.c:56: reg_adc_raw_value = raw_adc;
      00034A 90r00r00         [24] 1161 	mov	dptr,#_reg_adc_raw_value
      00034D EC               [12] 1162 	mov	a,r4
      00034E F0               [24] 1163 	movx	@dptr,a
      00034F ED               [12] 1164 	mov	a,r5
      000350 A3               [24] 1165 	inc	dptr
      000351 F0               [24] 1166 	movx	@dptr,a
      000352 EE               [12] 1167 	mov	a,r6
      000353 A3               [24] 1168 	inc	dptr
      000354 F0               [24] 1169 	movx	@dptr,a
      000355 EF               [12] 1170 	mov	a,r7
      000356 A3               [24] 1171 	inc	dptr
      000357 F0               [24] 1172 	movx	@dptr,a
                                   1173 ;	.\FwLib_STC8\user\measurement.c:59: if (reg_filter_level == 0) {
      000358 90r00r00         [24] 1174 	mov	dptr,#_reg_filter_level
      00035B E0               [24] 1175 	movx	a,@dptr
      00035C F8               [12] 1176 	mov	r0,a
      00035D A3               [24] 1177 	inc	dptr
      00035E E0               [24] 1178 	movx	a,@dptr
      00035F F9               [12] 1179 	mov	r1,a
      000360 A3               [24] 1180 	inc	dptr
      000361 E0               [24] 1181 	movx	a,@dptr
      000362 FA               [12] 1182 	mov	r2,a
      000363 A3               [24] 1183 	inc	dptr
      000364 E0               [24] 1184 	movx	a,@dptr
      000365 FB               [12] 1185 	mov	r3,a
      000366 90r00r00         [24] 1186 	mov	dptr,#_reg_filter_level
      000369 E0               [24] 1187 	movx	a,@dptr
      00036A F5 F0            [12] 1188 	mov	b,a
      00036C A3               [24] 1189 	inc	dptr
      00036D E0               [24] 1190 	movx	a,@dptr
      00036E 42 F0            [12] 1191 	orl	b,a
      000370 A3               [24] 1192 	inc	dptr
      000371 E0               [24] 1193 	movx	a,@dptr
      000372 42 F0            [12] 1194 	orl	b,a
      000374 A3               [24] 1195 	inc	dptr
      000375 E0               [24] 1196 	movx	a,@dptr
      000376 45 F0            [12] 1197 	orl	a,b
      000378 70 11            [24] 1198 	jnz	00108$
                                   1199 ;	.\FwLib_STC8\user\measurement.c:60: filtered_adc = raw_adc;
      00037A 90r00r00         [24] 1200 	mov	dptr,#_filtered_adc
      00037D EC               [12] 1201 	mov	a,r4
      00037E F0               [24] 1202 	movx	@dptr,a
      00037F ED               [12] 1203 	mov	a,r5
      000380 A3               [24] 1204 	inc	dptr
      000381 F0               [24] 1205 	movx	@dptr,a
      000382 EE               [12] 1206 	mov	a,r6
      000383 A3               [24] 1207 	inc	dptr
      000384 F0               [24] 1208 	movx	@dptr,a
      000385 EF               [12] 1209 	mov	a,r7
      000386 A3               [24] 1210 	inc	dptr
      000387 F0               [24] 1211 	movx	@dptr,a
      000388 02r04r72         [24] 1212 	ljmp	00109$
      00038B                       1213 00108$:
                                   1214 ;	.\FwLib_STC8\user\measurement.c:62: diff = raw_adc - filtered_adc;
      00038B 90r00r00         [24] 1215 	mov	dptr,#_filtered_adc
      00038E E0               [24] 1216 	movx	a,@dptr
      00038F F5*12            [12] 1217 	mov	_MEAS_Process_sloc0_1_0,a
      000391 A3               [24] 1218 	inc	dptr
      000392 E0               [24] 1219 	movx	a,@dptr
      000393 F5*13            [12] 1220 	mov	(_MEAS_Process_sloc0_1_0 + 1),a
      000395 A3               [24] 1221 	inc	dptr
      000396 E0               [24] 1222 	movx	a,@dptr
      000397 F5*14            [12] 1223 	mov	(_MEAS_Process_sloc0_1_0 + 2),a
      000399 A3               [24] 1224 	inc	dptr
      00039A E0               [24] 1225 	movx	a,@dptr
      00039B F5*15            [12] 1226 	mov	(_MEAS_Process_sloc0_1_0 + 3),a
      00039D EC               [12] 1227 	mov	a,r4
      00039E C3               [12] 1228 	clr	c
      00039F 95*12            [12] 1229 	subb	a,_MEAS_Process_sloc0_1_0
      0003A1 F5*16            [12] 1230 	mov	_MEAS_Process_sloc1_1_0,a
      0003A3 ED               [12] 1231 	mov	a,r5
      0003A4 95*13            [12] 1232 	subb	a,(_MEAS_Process_sloc0_1_0 + 1)
      0003A6 F5*17            [12] 1233 	mov	(_MEAS_Process_sloc1_1_0 + 1),a
      0003A8 EE               [12] 1234 	mov	a,r6
      0003A9 95*14            [12] 1235 	subb	a,(_MEAS_Process_sloc0_1_0 + 2)
      0003AB F5*18            [12] 1236 	mov	(_MEAS_Process_sloc1_1_0 + 2),a
      0003AD EF               [12] 1237 	mov	a,r7
      0003AE 95*15            [12] 1238 	subb	a,(_MEAS_Process_sloc0_1_0 + 3)
      0003B0 F5*19            [12] 1239 	mov	(_MEAS_Process_sloc1_1_0 + 3),a
      0003B2 90r00r1D         [24] 1240 	mov	dptr,#_MEAS_Process_diff_10000_67
      0003B5 E5*16            [12] 1241 	mov	a,_MEAS_Process_sloc1_1_0
      0003B7 F0               [24] 1242 	movx	@dptr,a
      0003B8 E5*17            [12] 1243 	mov	a,(_MEAS_Process_sloc1_1_0 + 1)
      0003BA A3               [24] 1244 	inc	dptr
      0003BB F0               [24] 1245 	movx	@dptr,a
      0003BC E5*18            [12] 1246 	mov	a,(_MEAS_Process_sloc1_1_0 + 2)
      0003BE A3               [24] 1247 	inc	dptr
      0003BF F0               [24] 1248 	movx	@dptr,a
      0003C0 E5*19            [12] 1249 	mov	a,(_MEAS_Process_sloc1_1_0 + 3)
      0003C2 A3               [24] 1250 	inc	dptr
      0003C3 F0               [24] 1251 	movx	@dptr,a
                                   1252 ;	.\FwLib_STC8\user\measurement.c:64: if (diff > reg_filter_band || diff < -reg_filter_band) {
      0003C4 90r00r00         [24] 1253 	mov	dptr,#_reg_filter_band
      0003C7 E0               [24] 1254 	movx	a,@dptr
      0003C8 F5*1A            [12] 1255 	mov	_MEAS_Process_sloc2_1_0,a
      0003CA A3               [24] 1256 	inc	dptr
      0003CB E0               [24] 1257 	movx	a,@dptr
      0003CC F5*1B            [12] 1258 	mov	(_MEAS_Process_sloc2_1_0 + 1),a
      0003CE A3               [24] 1259 	inc	dptr
      0003CF E0               [24] 1260 	movx	a,@dptr
      0003D0 F5*1C            [12] 1261 	mov	(_MEAS_Process_sloc2_1_0 + 2),a
      0003D2 A3               [24] 1262 	inc	dptr
      0003D3 E0               [24] 1263 	movx	a,@dptr
      0003D4 F5*1D            [12] 1264 	mov	(_MEAS_Process_sloc2_1_0 + 3),a
      0003D6 C3               [12] 1265 	clr	c
      0003D7 E5*1A            [12] 1266 	mov	a,_MEAS_Process_sloc2_1_0
      0003D9 95*16            [12] 1267 	subb	a,_MEAS_Process_sloc1_1_0
      0003DB E5*1B            [12] 1268 	mov	a,(_MEAS_Process_sloc2_1_0 + 1)
      0003DD 95*17            [12] 1269 	subb	a,(_MEAS_Process_sloc1_1_0 + 1)
      0003DF E5*1C            [12] 1270 	mov	a,(_MEAS_Process_sloc2_1_0 + 2)
      0003E1 95*18            [12] 1271 	subb	a,(_MEAS_Process_sloc1_1_0 + 2)
      0003E3 E5*1D            [12] 1272 	mov	a,(_MEAS_Process_sloc2_1_0 + 3)
      0003E5 64 80            [12] 1273 	xrl	a,#0x80
      0003E7 85*19 F0         [24] 1274 	mov	b,(_MEAS_Process_sloc1_1_0 + 3)
      0003EA 63 F0 80         [24] 1275 	xrl	b,#0x80
      0003ED 95 F0            [12] 1276 	subb	a,b
      0003EF 40 38            [24] 1277 	jc	00103$
      0003F1 C0 00            [24] 1278 	push	ar0
      0003F3 C0 01            [24] 1279 	push	ar1
      0003F5 C0 02            [24] 1280 	push	ar2
      0003F7 C0 03            [24] 1281 	push	ar3
      0003F9 C3               [12] 1282 	clr	c
      0003FA E4               [12] 1283 	clr	a
      0003FB 95*1A            [12] 1284 	subb	a,_MEAS_Process_sloc2_1_0
      0003FD F8               [12] 1285 	mov	r0,a
      0003FE E4               [12] 1286 	clr	a
      0003FF 95*1B            [12] 1287 	subb	a,(_MEAS_Process_sloc2_1_0 + 1)
      000401 F9               [12] 1288 	mov	r1,a
      000402 E4               [12] 1289 	clr	a
      000403 95*1C            [12] 1290 	subb	a,(_MEAS_Process_sloc2_1_0 + 2)
      000405 FA               [12] 1291 	mov	r2,a
      000406 E4               [12] 1292 	clr	a
      000407 95*1D            [12] 1293 	subb	a,(_MEAS_Process_sloc2_1_0 + 3)
      000409 FB               [12] 1294 	mov	r3,a
      00040A C3               [12] 1295 	clr	c
      00040B E5*16            [12] 1296 	mov	a,_MEAS_Process_sloc1_1_0
      00040D 98               [12] 1297 	subb	a,r0
      00040E E5*17            [12] 1298 	mov	a,(_MEAS_Process_sloc1_1_0 + 1)
      000410 99               [12] 1299 	subb	a,r1
      000411 E5*18            [12] 1300 	mov	a,(_MEAS_Process_sloc1_1_0 + 2)
      000413 9A               [12] 1301 	subb	a,r2
      000414 E5*19            [12] 1302 	mov	a,(_MEAS_Process_sloc1_1_0 + 3)
      000416 64 80            [12] 1303 	xrl	a,#0x80
      000418 8B F0            [24] 1304 	mov	b,r3
      00041A 63 F0 80         [24] 1305 	xrl	b,#0x80
      00041D 95 F0            [12] 1306 	subb	a,b
      00041F D0 03            [24] 1307 	pop	ar3
      000421 D0 02            [24] 1308 	pop	ar2
      000423 D0 01            [24] 1309 	pop	ar1
      000425 D0 00            [24] 1310 	pop	ar0
      000427 50 10            [24] 1311 	jnc	00104$
      000429                       1312 00103$:
                                   1313 ;	.\FwLib_STC8\user\measurement.c:65: filtered_adc = raw_adc;
      000429 90r00r00         [24] 1314 	mov	dptr,#_filtered_adc
      00042C EC               [12] 1315 	mov	a,r4
      00042D F0               [24] 1316 	movx	@dptr,a
      00042E ED               [12] 1317 	mov	a,r5
      00042F A3               [24] 1318 	inc	dptr
      000430 F0               [24] 1319 	movx	@dptr,a
      000431 EE               [12] 1320 	mov	a,r6
      000432 A3               [24] 1321 	inc	dptr
      000433 F0               [24] 1322 	movx	@dptr,a
      000434 EF               [12] 1323 	mov	a,r7
      000435 A3               [24] 1324 	inc	dptr
      000436 F0               [24] 1325 	movx	@dptr,a
      000437 80 39            [24] 1326 	sjmp	00109$
      000439                       1327 00104$:
                                   1328 ;	.\FwLib_STC8\user\measurement.c:68: filtered_adc += (diff >> reg_filter_level);
      000439 88 F0            [24] 1329 	mov	b,r0
      00043B 05 F0            [12] 1330 	inc	b
      00043D A8*16            [24] 1331 	mov	r0,_MEAS_Process_sloc1_1_0
      00043F A9*17            [24] 1332 	mov	r1,(_MEAS_Process_sloc1_1_0 + 1)
      000441 AA*18            [24] 1333 	mov	r2,(_MEAS_Process_sloc1_1_0 + 2)
      000443 E5*19            [12] 1334 	mov	a,(_MEAS_Process_sloc1_1_0 + 3)
      000445 FB               [12] 1335 	mov	r3,a
      000446 33               [12] 1336 	rlc	a
      000447 92 D2            [24] 1337 	mov	ov,c
      000449 80 0E            [24] 1338 	sjmp	00217$
      00044B                       1339 00216$:
      00044B A2 D2            [12] 1340 	mov	c,ov
      00044D EB               [12] 1341 	mov	a,r3
      00044E 13               [12] 1342 	rrc	a
      00044F FB               [12] 1343 	mov	r3,a
      000450 EA               [12] 1344 	mov	a,r2
      000451 13               [12] 1345 	rrc	a
      000452 FA               [12] 1346 	mov	r2,a
      000453 E9               [12] 1347 	mov	a,r1
      000454 13               [12] 1348 	rrc	a
      000455 F9               [12] 1349 	mov	r1,a
      000456 E8               [12] 1350 	mov	a,r0
      000457 13               [12] 1351 	rrc	a
      000458 F8               [12] 1352 	mov	r0,a
      000459                       1353 00217$:
      000459 D5 F0 EF         [24] 1354 	djnz	b,00216$
      00045C 90r00r00         [24] 1355 	mov	dptr,#_filtered_adc
      00045F E8               [12] 1356 	mov	a,r0
      000460 25*12            [12] 1357 	add	a, _MEAS_Process_sloc0_1_0
      000462 F0               [24] 1358 	movx	@dptr,a
      000463 E9               [12] 1359 	mov	a,r1
      000464 35*13            [12] 1360 	addc	a, (_MEAS_Process_sloc0_1_0 + 1)
      000466 A3               [24] 1361 	inc	dptr
      000467 F0               [24] 1362 	movx	@dptr,a
      000468 EA               [12] 1363 	mov	a,r2
      000469 35*14            [12] 1364 	addc	a, (_MEAS_Process_sloc0_1_0 + 2)
      00046B A3               [24] 1365 	inc	dptr
      00046C F0               [24] 1366 	movx	@dptr,a
      00046D EB               [12] 1367 	mov	a,r3
      00046E 35*15            [12] 1368 	addc	a, (_MEAS_Process_sloc0_1_0 + 3)
      000470 A3               [24] 1369 	inc	dptr
      000471 F0               [24] 1370 	movx	@dptr,a
      000472                       1371 00109$:
                                   1372 ;	.\FwLib_STC8\user\measurement.c:73: current_weight = scale_value(filtered_adc);
      000472 90r00r00         [24] 1373 	mov	dptr,#_filtered_adc
      000475 E0               [24] 1374 	movx	a,@dptr
      000476 FC               [12] 1375 	mov	r4,a
      000477 A3               [24] 1376 	inc	dptr
      000478 E0               [24] 1377 	movx	a,@dptr
      000479 FD               [12] 1378 	mov	r5,a
      00047A A3               [24] 1379 	inc	dptr
      00047B E0               [24] 1380 	movx	a,@dptr
      00047C FE               [12] 1381 	mov	r6,a
      00047D A3               [24] 1382 	inc	dptr
      00047E E0               [24] 1383 	movx	a,@dptr
      00047F 8C 82            [24] 1384 	mov	dpl,r4
      000481 8D 83            [24] 1385 	mov	dph,r5
      000483 8E F0            [24] 1386 	mov	b,r6
      000485 12r00r30         [24] 1387 	lcall	_scale_value
      000488 AC 82            [24] 1388 	mov	r4, dpl
      00048A AD 83            [24] 1389 	mov	r5, dph
      00048C AE F0            [24] 1390 	mov	r6, b
      00048E FF               [12] 1391 	mov	r7, a
                                   1392 ;	.\FwLib_STC8\user\measurement.c:76: current_weight += reg_offset_val;
      00048F 90r00r00         [24] 1393 	mov	dptr,#_reg_offset_val
      000492 E0               [24] 1394 	movx	a,@dptr
      000493 F8               [12] 1395 	mov	r0,a
      000494 A3               [24] 1396 	inc	dptr
      000495 E0               [24] 1397 	movx	a,@dptr
      000496 F9               [12] 1398 	mov	r1,a
      000497 A3               [24] 1399 	inc	dptr
      000498 E0               [24] 1400 	movx	a,@dptr
      000499 FA               [12] 1401 	mov	r2,a
      00049A A3               [24] 1402 	inc	dptr
      00049B E0               [24] 1403 	movx	a,@dptr
      00049C FB               [12] 1404 	mov	r3,a
      00049D E8               [12] 1405 	mov	a,r0
      00049E 2C               [12] 1406 	add	a, r4
      00049F FC               [12] 1407 	mov	r4,a
      0004A0 E9               [12] 1408 	mov	a,r1
      0004A1 3D               [12] 1409 	addc	a, r5
      0004A2 FD               [12] 1410 	mov	r5,a
      0004A3 EA               [12] 1411 	mov	a,r2
      0004A4 3E               [12] 1412 	addc	a, r6
      0004A5 FE               [12] 1413 	mov	r6,a
      0004A6 EB               [12] 1414 	mov	a,r3
      0004A7 3F               [12] 1415 	addc	a, r7
      0004A8 FF               [12] 1416 	mov	r7,a
      0004A9 90r00r19         [24] 1417 	mov	dptr,#_MEAS_Process_current_weight_10000_67
      0004AC EC               [12] 1418 	mov	a,r4
      0004AD F0               [24] 1419 	movx	@dptr,a
      0004AE ED               [12] 1420 	mov	a,r5
      0004AF A3               [24] 1421 	inc	dptr
      0004B0 F0               [24] 1422 	movx	@dptr,a
      0004B1 EE               [12] 1423 	mov	a,r6
      0004B2 A3               [24] 1424 	inc	dptr
      0004B3 F0               [24] 1425 	movx	@dptr,a
      0004B4 EF               [12] 1426 	mov	a,r7
      0004B5 A3               [24] 1427 	inc	dptr
      0004B6 F0               [24] 1428 	movx	@dptr,a
                                   1429 ;	.\FwLib_STC8\user\measurement.c:79: if (reg_output_round > 1) {
      0004B7 90r00r00         [24] 1430 	mov	dptr,#_reg_output_round
      0004BA E0               [24] 1431 	movx	a,@dptr
      0004BB F5*1A            [12] 1432 	mov	_MEAS_Process_sloc2_1_0,a
      0004BD A3               [24] 1433 	inc	dptr
      0004BE E0               [24] 1434 	movx	a,@dptr
      0004BF F5*1B            [12] 1435 	mov	(_MEAS_Process_sloc2_1_0 + 1),a
      0004C1 A3               [24] 1436 	inc	dptr
      0004C2 E0               [24] 1437 	movx	a,@dptr
      0004C3 F5*1C            [12] 1438 	mov	(_MEAS_Process_sloc2_1_0 + 2),a
      0004C5 A3               [24] 1439 	inc	dptr
      0004C6 E0               [24] 1440 	movx	a,@dptr
      0004C7 F5*1D            [12] 1441 	mov	(_MEAS_Process_sloc2_1_0 + 3),a
      0004C9 C3               [12] 1442 	clr	c
      0004CA 74 01            [12] 1443 	mov	a,#0x01
      0004CC 95*1A            [12] 1444 	subb	a,_MEAS_Process_sloc2_1_0
      0004CE E4               [12] 1445 	clr	a
      0004CF 95*1B            [12] 1446 	subb	a,(_MEAS_Process_sloc2_1_0 + 1)
      0004D1 E4               [12] 1447 	clr	a
      0004D2 95*1C            [12] 1448 	subb	a,(_MEAS_Process_sloc2_1_0 + 2)
      0004D4 74 80            [12] 1449 	mov	a,#(0x00 ^ 0x80)
      0004D6 85*1D F0         [24] 1450 	mov	b,(_MEAS_Process_sloc2_1_0 + 3)
      0004D9 63 F0 80         [24] 1451 	xrl	b,#0x80
      0004DC 95 F0            [12] 1452 	subb	a,b
      0004DE 40 03            [24] 1453 	jc	00218$
      0004E0 02r06r42         [24] 1454 	ljmp	00114$
      0004E3                       1455 00218$:
                                   1456 ;	.\FwLib_STC8\user\measurement.c:80: if (current_weight >= 0) {
      0004E3 EF               [12] 1457 	mov	a,r7
      0004E4 30 E7 03         [24] 1458 	jnb	acc.7,00219$
      0004E7 02r05r8F         [24] 1459 	ljmp	00111$
      0004EA                       1460 00219$:
                                   1461 ;	.\FwLib_STC8\user\measurement.c:81: current_weight = (current_weight + (reg_output_round / 2)) / reg_output_round * reg_output_round;
      0004EA C0 00            [24] 1462 	push	ar0
      0004EC C0 01            [24] 1463 	push	ar1
      0004EE C0 02            [24] 1464 	push	ar2
      0004F0 C0 03            [24] 1465 	push	ar3
      0004F2 90r00r00         [24] 1466 	mov	dptr,#__divslong_PARM_2
      0004F5 74 02            [12] 1467 	mov	a,#0x02
      0004F7 F0               [24] 1468 	movx	@dptr,a
      0004F8 E4               [12] 1469 	clr	a
      0004F9 A3               [24] 1470 	inc	dptr
      0004FA F0               [24] 1471 	movx	@dptr,a
      0004FB A3               [24] 1472 	inc	dptr
      0004FC F0               [24] 1473 	movx	@dptr,a
      0004FD A3               [24] 1474 	inc	dptr
      0004FE F0               [24] 1475 	movx	@dptr,a
      0004FF 85*1A 82         [24] 1476 	mov	dpl, _MEAS_Process_sloc2_1_0
      000502 85*1B 83         [24] 1477 	mov	dph, (_MEAS_Process_sloc2_1_0 + 1)
      000505 85*1C F0         [24] 1478 	mov	b, (_MEAS_Process_sloc2_1_0 + 2)
      000508 E5*1D            [12] 1479 	mov	a, (_MEAS_Process_sloc2_1_0 + 3)
      00050A C0 07            [24] 1480 	push	ar7
      00050C C0 06            [24] 1481 	push	ar6
      00050E C0 05            [24] 1482 	push	ar5
      000510 C0 04            [24] 1483 	push	ar4
      000512 12r00r00         [24] 1484 	lcall	__divslong
      000515 A8 82            [24] 1485 	mov	r0, dpl
      000517 A9 83            [24] 1486 	mov	r1, dph
      000519 AA F0            [24] 1487 	mov	r2, b
      00051B FB               [12] 1488 	mov	r3, a
      00051C D0 04            [24] 1489 	pop	ar4
      00051E D0 05            [24] 1490 	pop	ar5
      000520 D0 06            [24] 1491 	pop	ar6
      000522 D0 07            [24] 1492 	pop	ar7
      000524 E8               [12] 1493 	mov	a,r0
      000525 2C               [12] 1494 	add	a, r4
      000526 F8               [12] 1495 	mov	r0,a
      000527 E9               [12] 1496 	mov	a,r1
      000528 3D               [12] 1497 	addc	a, r5
      000529 F9               [12] 1498 	mov	r1,a
      00052A EA               [12] 1499 	mov	a,r2
      00052B 3E               [12] 1500 	addc	a, r6
      00052C FA               [12] 1501 	mov	r2,a
      00052D EB               [12] 1502 	mov	a,r3
      00052E 3F               [12] 1503 	addc	a, r7
      00052F FB               [12] 1504 	mov	r3,a
      000530 90r00r00         [24] 1505 	mov	dptr,#__divslong_PARM_2
      000533 E5*1A            [12] 1506 	mov	a,_MEAS_Process_sloc2_1_0
      000535 F0               [24] 1507 	movx	@dptr,a
      000536 E5*1B            [12] 1508 	mov	a,(_MEAS_Process_sloc2_1_0 + 1)
      000538 A3               [24] 1509 	inc	dptr
      000539 F0               [24] 1510 	movx	@dptr,a
      00053A E5*1C            [12] 1511 	mov	a,(_MEAS_Process_sloc2_1_0 + 2)
      00053C A3               [24] 1512 	inc	dptr
      00053D F0               [24] 1513 	movx	@dptr,a
      00053E E5*1D            [12] 1514 	mov	a,(_MEAS_Process_sloc2_1_0 + 3)
      000540 A3               [24] 1515 	inc	dptr
      000541 F0               [24] 1516 	movx	@dptr,a
      000542 88 82            [24] 1517 	mov	dpl, r0
      000544 89 83            [24] 1518 	mov	dph, r1
      000546 8A F0            [24] 1519 	mov	b, r2
      000548 EB               [12] 1520 	mov	a, r3
      000549 12r00r00         [24] 1521 	lcall	__divslong
      00054C A8 82            [24] 1522 	mov	r0, dpl
      00054E A9 83            [24] 1523 	mov	r1, dph
      000550 AA F0            [24] 1524 	mov	r2, b
      000552 FB               [12] 1525 	mov	r3, a
      000553 90r00r00         [24] 1526 	mov	dptr,#__mullong_PARM_2
      000556 E5*1A            [12] 1527 	mov	a,_MEAS_Process_sloc2_1_0
      000558 F0               [24] 1528 	movx	@dptr,a
      000559 E5*1B            [12] 1529 	mov	a,(_MEAS_Process_sloc2_1_0 + 1)
      00055B A3               [24] 1530 	inc	dptr
      00055C F0               [24] 1531 	movx	@dptr,a
      00055D E5*1C            [12] 1532 	mov	a,(_MEAS_Process_sloc2_1_0 + 2)
      00055F A3               [24] 1533 	inc	dptr
      000560 F0               [24] 1534 	movx	@dptr,a
      000561 E5*1D            [12] 1535 	mov	a,(_MEAS_Process_sloc2_1_0 + 3)
      000563 A3               [24] 1536 	inc	dptr
      000564 F0               [24] 1537 	movx	@dptr,a
      000565 88 82            [24] 1538 	mov	dpl, r0
      000567 89 83            [24] 1539 	mov	dph, r1
      000569 8A F0            [24] 1540 	mov	b, r2
      00056B EB               [12] 1541 	mov	a, r3
      00056C 12r00r00         [24] 1542 	lcall	__mullong
      00056F A8 82            [24] 1543 	mov	r0, dpl
      000571 A9 83            [24] 1544 	mov	r1, dph
      000573 AA F0            [24] 1545 	mov	r2, b
      000575 FB               [12] 1546 	mov	r3, a
      000576 90r00r19         [24] 1547 	mov	dptr,#_MEAS_Process_current_weight_10000_67
      000579 E8               [12] 1548 	mov	a,r0
      00057A F0               [24] 1549 	movx	@dptr,a
      00057B E9               [12] 1550 	mov	a,r1
      00057C A3               [24] 1551 	inc	dptr
      00057D F0               [24] 1552 	movx	@dptr,a
      00057E EA               [12] 1553 	mov	a,r2
      00057F A3               [24] 1554 	inc	dptr
      000580 F0               [24] 1555 	movx	@dptr,a
      000581 EB               [12] 1556 	mov	a,r3
      000582 A3               [24] 1557 	inc	dptr
      000583 F0               [24] 1558 	movx	@dptr,a
      000584 D0 03            [24] 1559 	pop	ar3
      000586 D0 02            [24] 1560 	pop	ar2
      000588 D0 01            [24] 1561 	pop	ar1
      00058A D0 00            [24] 1562 	pop	ar0
      00058C 02r06r42         [24] 1563 	ljmp	00114$
      00058F                       1564 00111$:
                                   1565 ;	.\FwLib_STC8\user\measurement.c:83: current_weight = (current_weight - (reg_output_round / 2)) / reg_output_round * reg_output_round;
      00058F C0 00            [24] 1566 	push	ar0
      000591 C0 01            [24] 1567 	push	ar1
      000593 C0 02            [24] 1568 	push	ar2
      000595 C0 03            [24] 1569 	push	ar3
      000597 90r00r00         [24] 1570 	mov	dptr,#__divslong_PARM_2
      00059A 74 02            [12] 1571 	mov	a,#0x02
      00059C F0               [24] 1572 	movx	@dptr,a
      00059D E4               [12] 1573 	clr	a
      00059E A3               [24] 1574 	inc	dptr
      00059F F0               [24] 1575 	movx	@dptr,a
      0005A0 A3               [24] 1576 	inc	dptr
      0005A1 F0               [24] 1577 	movx	@dptr,a
      0005A2 A3               [24] 1578 	inc	dptr
      0005A3 F0               [24] 1579 	movx	@dptr,a
      0005A4 85*1A 82         [24] 1580 	mov	dpl, _MEAS_Process_sloc2_1_0
      0005A7 85*1B 83         [24] 1581 	mov	dph, (_MEAS_Process_sloc2_1_0 + 1)
      0005AA 85*1C F0         [24] 1582 	mov	b, (_MEAS_Process_sloc2_1_0 + 2)
      0005AD E5*1D            [12] 1583 	mov	a, (_MEAS_Process_sloc2_1_0 + 3)
      0005AF C0 07            [24] 1584 	push	ar7
      0005B1 C0 06            [24] 1585 	push	ar6
      0005B3 C0 05            [24] 1586 	push	ar5
      0005B5 C0 04            [24] 1587 	push	ar4
      0005B7 12r00r00         [24] 1588 	lcall	__divslong
      0005BA A8 82            [24] 1589 	mov	r0, dpl
      0005BC A9 83            [24] 1590 	mov	r1, dph
      0005BE AA F0            [24] 1591 	mov	r2, b
      0005C0 FB               [12] 1592 	mov	r3, a
      0005C1 D0 04            [24] 1593 	pop	ar4
      0005C3 D0 05            [24] 1594 	pop	ar5
      0005C5 D0 06            [24] 1595 	pop	ar6
      0005C7 D0 07            [24] 1596 	pop	ar7
      0005C9 EC               [12] 1597 	mov	a,r4
      0005CA C3               [12] 1598 	clr	c
      0005CB 98               [12] 1599 	subb	a,r0
      0005CC FC               [12] 1600 	mov	r4,a
      0005CD ED               [12] 1601 	mov	a,r5
      0005CE 99               [12] 1602 	subb	a,r1
      0005CF FD               [12] 1603 	mov	r5,a
      0005D0 EE               [12] 1604 	mov	a,r6
      0005D1 9A               [12] 1605 	subb	a,r2
      0005D2 FE               [12] 1606 	mov	r6,a
      0005D3 EF               [12] 1607 	mov	a,r7
      0005D4 9B               [12] 1608 	subb	a,r3
      0005D5 FF               [12] 1609 	mov	r7,a
      0005D6 90r00r00         [24] 1610 	mov	dptr,#__divslong_PARM_2
      0005D9 E5*1A            [12] 1611 	mov	a,_MEAS_Process_sloc2_1_0
      0005DB F0               [24] 1612 	movx	@dptr,a
      0005DC E5*1B            [12] 1613 	mov	a,(_MEAS_Process_sloc2_1_0 + 1)
      0005DE A3               [24] 1614 	inc	dptr
      0005DF F0               [24] 1615 	movx	@dptr,a
      0005E0 E5*1C            [12] 1616 	mov	a,(_MEAS_Process_sloc2_1_0 + 2)
      0005E2 A3               [24] 1617 	inc	dptr
      0005E3 F0               [24] 1618 	movx	@dptr,a
      0005E4 E5*1D            [12] 1619 	mov	a,(_MEAS_Process_sloc2_1_0 + 3)
      0005E6 A3               [24] 1620 	inc	dptr
      0005E7 F0               [24] 1621 	movx	@dptr,a
      0005E8 8C 82            [24] 1622 	mov	dpl, r4
      0005EA 8D 83            [24] 1623 	mov	dph, r5
      0005EC 8E F0            [24] 1624 	mov	b, r6
      0005EE EF               [12] 1625 	mov	a, r7
      0005EF C0 03            [24] 1626 	push	ar3
      0005F1 C0 02            [24] 1627 	push	ar2
      0005F3 C0 01            [24] 1628 	push	ar1
      0005F5 C0 00            [24] 1629 	push	ar0
      0005F7 12r00r00         [24] 1630 	lcall	__divslong
      0005FA AC 82            [24] 1631 	mov	r4, dpl
      0005FC AD 83            [24] 1632 	mov	r5, dph
      0005FE AE F0            [24] 1633 	mov	r6, b
      000600 FF               [12] 1634 	mov	r7, a
      000601 90r00r00         [24] 1635 	mov	dptr,#__mullong_PARM_2
      000604 E5*1A            [12] 1636 	mov	a,_MEAS_Process_sloc2_1_0
      000606 F0               [24] 1637 	movx	@dptr,a
      000607 E5*1B            [12] 1638 	mov	a,(_MEAS_Process_sloc2_1_0 + 1)
      000609 A3               [24] 1639 	inc	dptr
      00060A F0               [24] 1640 	movx	@dptr,a
      00060B E5*1C            [12] 1641 	mov	a,(_MEAS_Process_sloc2_1_0 + 2)
      00060D A3               [24] 1642 	inc	dptr
      00060E F0               [24] 1643 	movx	@dptr,a
      00060F E5*1D            [12] 1644 	mov	a,(_MEAS_Process_sloc2_1_0 + 3)
      000611 A3               [24] 1645 	inc	dptr
      000612 F0               [24] 1646 	movx	@dptr,a
      000613 8C 82            [24] 1647 	mov	dpl, r4
      000615 8D 83            [24] 1648 	mov	dph, r5
      000617 8E F0            [24] 1649 	mov	b, r6
      000619 EF               [12] 1650 	mov	a, r7
      00061A 12r00r00         [24] 1651 	lcall	__mullong
      00061D AC 82            [24] 1652 	mov	r4, dpl
      00061F AD 83            [24] 1653 	mov	r5, dph
      000621 AE F0            [24] 1654 	mov	r6, b
      000623 FF               [12] 1655 	mov	r7, a
      000624 D0 00            [24] 1656 	pop	ar0
      000626 D0 01            [24] 1657 	pop	ar1
      000628 D0 02            [24] 1658 	pop	ar2
      00062A D0 03            [24] 1659 	pop	ar3
      00062C 90r00r19         [24] 1660 	mov	dptr,#_MEAS_Process_current_weight_10000_67
      00062F EC               [12] 1661 	mov	a,r4
      000630 F0               [24] 1662 	movx	@dptr,a
      000631 ED               [12] 1663 	mov	a,r5
      000632 A3               [24] 1664 	inc	dptr
      000633 F0               [24] 1665 	movx	@dptr,a
      000634 EE               [12] 1666 	mov	a,r6
      000635 A3               [24] 1667 	inc	dptr
      000636 F0               [24] 1668 	movx	@dptr,a
      000637 EF               [12] 1669 	mov	a,r7
      000638 A3               [24] 1670 	inc	dptr
      000639 F0               [24] 1671 	movx	@dptr,a
                                   1672 ;	.\FwLib_STC8\user\measurement.c:111: reg_stable_mark = 0;
      00063A D0 03            [24] 1673 	pop	ar3
      00063C D0 02            [24] 1674 	pop	ar2
      00063E D0 01            [24] 1675 	pop	ar1
      000640 D0 00            [24] 1676 	pop	ar0
                                   1677 ;	.\FwLib_STC8\user\measurement.c:83: current_weight = (current_weight - (reg_output_round / 2)) / reg_output_round * reg_output_round;
      000642                       1678 00114$:
                                   1679 ;	.\FwLib_STC8\user\measurement.c:86: reg_measuring_val = current_weight;
      000642 90r00r19         [24] 1680 	mov	dptr,#_MEAS_Process_current_weight_10000_67
      000645 E0               [24] 1681 	movx	a,@dptr
      000646 FC               [12] 1682 	mov	r4,a
      000647 A3               [24] 1683 	inc	dptr
      000648 E0               [24] 1684 	movx	a,@dptr
      000649 FD               [12] 1685 	mov	r5,a
      00064A A3               [24] 1686 	inc	dptr
      00064B E0               [24] 1687 	movx	a,@dptr
      00064C FE               [12] 1688 	mov	r6,a
      00064D A3               [24] 1689 	inc	dptr
      00064E E0               [24] 1690 	movx	a,@dptr
      00064F FF               [12] 1691 	mov	r7,a
      000650 90r00r00         [24] 1692 	mov	dptr,#_reg_measuring_val
      000653 EC               [12] 1693 	mov	a,r4
      000654 F0               [24] 1694 	movx	@dptr,a
      000655 ED               [12] 1695 	mov	a,r5
      000656 A3               [24] 1696 	inc	dptr
      000657 F0               [24] 1697 	movx	@dptr,a
      000658 EE               [12] 1698 	mov	a,r6
      000659 A3               [24] 1699 	inc	dptr
      00065A F0               [24] 1700 	movx	@dptr,a
      00065B EF               [12] 1701 	mov	a,r7
      00065C A3               [24] 1702 	inc	dptr
      00065D F0               [24] 1703 	movx	@dptr,a
                                   1704 ;	.\FwLib_STC8\user\measurement.c:89: if (reg_zero_trace_band > 0) {
      00065E 90r00r00         [24] 1705 	mov	dptr,#_reg_zero_trace_band
      000661 E0               [24] 1706 	movx	a,@dptr
      000662 F5*1A            [12] 1707 	mov	_MEAS_Process_sloc2_1_0,a
      000664 A3               [24] 1708 	inc	dptr
      000665 E0               [24] 1709 	movx	a,@dptr
      000666 F5*1B            [12] 1710 	mov	(_MEAS_Process_sloc2_1_0 + 1),a
      000668 A3               [24] 1711 	inc	dptr
      000669 E0               [24] 1712 	movx	a,@dptr
      00066A F5*1C            [12] 1713 	mov	(_MEAS_Process_sloc2_1_0 + 2),a
      00066C A3               [24] 1714 	inc	dptr
      00066D E0               [24] 1715 	movx	a,@dptr
      00066E F5*1D            [12] 1716 	mov	(_MEAS_Process_sloc2_1_0 + 3),a
      000670 C3               [12] 1717 	clr	c
      000671 E4               [12] 1718 	clr	a
      000672 95*1A            [12] 1719 	subb	a,_MEAS_Process_sloc2_1_0
      000674 E4               [12] 1720 	clr	a
      000675 95*1B            [12] 1721 	subb	a,(_MEAS_Process_sloc2_1_0 + 1)
      000677 E4               [12] 1722 	clr	a
      000678 95*1C            [12] 1723 	subb	a,(_MEAS_Process_sloc2_1_0 + 2)
      00067A 74 80            [12] 1724 	mov	a,#(0x00 ^ 0x80)
      00067C 85*1D F0         [24] 1725 	mov	b,(_MEAS_Process_sloc2_1_0 + 3)
      00067F 63 F0 80         [24] 1726 	xrl	b,#0x80
      000682 95 F0            [12] 1727 	subb	a,b
      000684 40 03            [24] 1728 	jc	00220$
      000686 02r07r57         [24] 1729 	ljmp	00122$
      000689                       1730 00220$:
                                   1731 ;	.\FwLib_STC8\user\measurement.c:90: if (reg_measuring_val > -reg_zero_trace_band && reg_measuring_val < reg_zero_trace_band) {
      000689 C0 00            [24] 1732 	push	ar0
      00068B C0 01            [24] 1733 	push	ar1
      00068D C0 02            [24] 1734 	push	ar2
      00068F C0 03            [24] 1735 	push	ar3
      000691 C3               [12] 1736 	clr	c
      000692 E4               [12] 1737 	clr	a
      000693 95*1A            [12] 1738 	subb	a,_MEAS_Process_sloc2_1_0
      000695 F8               [12] 1739 	mov	r0,a
      000696 E4               [12] 1740 	clr	a
      000697 95*1B            [12] 1741 	subb	a,(_MEAS_Process_sloc2_1_0 + 1)
      000699 F9               [12] 1742 	mov	r1,a
      00069A E4               [12] 1743 	clr	a
      00069B 95*1C            [12] 1744 	subb	a,(_MEAS_Process_sloc2_1_0 + 2)
      00069D FA               [12] 1745 	mov	r2,a
      00069E E4               [12] 1746 	clr	a
      00069F 95*1D            [12] 1747 	subb	a,(_MEAS_Process_sloc2_1_0 + 3)
      0006A1 FB               [12] 1748 	mov	r3,a
      0006A2 C3               [12] 1749 	clr	c
      0006A3 E8               [12] 1750 	mov	a,r0
      0006A4 9C               [12] 1751 	subb	a,r4
      0006A5 E9               [12] 1752 	mov	a,r1
      0006A6 9D               [12] 1753 	subb	a,r5
      0006A7 EA               [12] 1754 	mov	a,r2
      0006A8 9E               [12] 1755 	subb	a,r6
      0006A9 EB               [12] 1756 	mov	a,r3
      0006AA 64 80            [12] 1757 	xrl	a,#0x80
      0006AC 8F F0            [24] 1758 	mov	b,r7
      0006AE 63 F0 80         [24] 1759 	xrl	b,#0x80
      0006B1 95 F0            [12] 1760 	subb	a,b
      0006B3 D0 03            [24] 1761 	pop	ar3
      0006B5 D0 02            [24] 1762 	pop	ar2
      0006B7 D0 01            [24] 1763 	pop	ar1
      0006B9 D0 00            [24] 1764 	pop	ar0
      0006BB 40 03            [24] 1765 	jc	00221$
      0006BD 02r07r50         [24] 1766 	ljmp	00118$
      0006C0                       1767 00221$:
      0006C0 C3               [12] 1768 	clr	c
      0006C1 EC               [12] 1769 	mov	a,r4
      0006C2 95*1A            [12] 1770 	subb	a,_MEAS_Process_sloc2_1_0
      0006C4 ED               [12] 1771 	mov	a,r5
      0006C5 95*1B            [12] 1772 	subb	a,(_MEAS_Process_sloc2_1_0 + 1)
      0006C7 EE               [12] 1773 	mov	a,r6
      0006C8 95*1C            [12] 1774 	subb	a,(_MEAS_Process_sloc2_1_0 + 2)
      0006CA EF               [12] 1775 	mov	a,r7
      0006CB 64 80            [12] 1776 	xrl	a,#0x80
      0006CD 85*1D F0         [24] 1777 	mov	b,(_MEAS_Process_sloc2_1_0 + 3)
      0006D0 63 F0 80         [24] 1778 	xrl	b,#0x80
      0006D3 95 F0            [12] 1779 	subb	a,b
      0006D5 50 79            [24] 1780 	jnc	00118$
                                   1781 ;	.\FwLib_STC8\user\measurement.c:92: if (++zero_track_cnt > (uint16_t)(reg_zero_trace_delay * 10)) {
      0006D7 C0 00            [24] 1782 	push	ar0
      0006D9 C0 01            [24] 1783 	push	ar1
      0006DB C0 02            [24] 1784 	push	ar2
      0006DD C0 03            [24] 1785 	push	ar3
      0006DF 90r00r04         [24] 1786 	mov	dptr,#_zero_track_cnt
      0006E2 E0               [24] 1787 	movx	a,@dptr
      0006E3 24 01            [12] 1788 	add	a, #0x01
      0006E5 F0               [24] 1789 	movx	@dptr,a
      0006E6 A3               [24] 1790 	inc	dptr
      0006E7 E0               [24] 1791 	movx	a,@dptr
      0006E8 34 00            [12] 1792 	addc	a, #0x00
      0006EA F0               [24] 1793 	movx	@dptr,a
      0006EB 90r00r00         [24] 1794 	mov	dptr,#_reg_zero_trace_delay
      0006EE E0               [24] 1795 	movx	a,@dptr
      0006EF FA               [12] 1796 	mov	r2,a
      0006F0 A3               [24] 1797 	inc	dptr
      0006F1 E0               [24] 1798 	movx	a,@dptr
      0006F2 FB               [12] 1799 	mov	r3,a
      0006F3 90r00r00         [24] 1800 	mov	dptr,#__mulint_PARM_2
      0006F6 EA               [12] 1801 	mov	a,r2
      0006F7 F0               [24] 1802 	movx	@dptr,a
      0006F8 EB               [12] 1803 	mov	a,r3
      0006F9 A3               [24] 1804 	inc	dptr
      0006FA F0               [24] 1805 	movx	@dptr,a
      0006FB 90 00 0A         [24] 1806 	mov	dptr,#0x000a
      0006FE C0 07            [24] 1807 	push	ar7
      000700 C0 06            [24] 1808 	push	ar6
      000702 C0 05            [24] 1809 	push	ar5
      000704 C0 04            [24] 1810 	push	ar4
      000706 C0 01            [24] 1811 	push	ar1
      000708 C0 00            [24] 1812 	push	ar0
      00070A 12r00r00         [24] 1813 	lcall	__mulint
      00070D AA 82            [24] 1814 	mov	r2, dpl
      00070F AB 83            [24] 1815 	mov	r3, dph
      000711 D0 00            [24] 1816 	pop	ar0
      000713 D0 01            [24] 1817 	pop	ar1
      000715 D0 04            [24] 1818 	pop	ar4
      000717 D0 05            [24] 1819 	pop	ar5
      000719 D0 06            [24] 1820 	pop	ar6
      00071B D0 07            [24] 1821 	pop	ar7
      00071D 90r00r04         [24] 1822 	mov	dptr,#_zero_track_cnt
      000720 E0               [24] 1823 	movx	a,@dptr
      000721 F8               [12] 1824 	mov	r0,a
      000722 A3               [24] 1825 	inc	dptr
      000723 E0               [24] 1826 	movx	a,@dptr
      000724 F9               [12] 1827 	mov	r1,a
      000725 C3               [12] 1828 	clr	c
      000726 EA               [12] 1829 	mov	a,r2
      000727 98               [12] 1830 	subb	a,r0
      000728 EB               [12] 1831 	mov	a,r3
      000729 99               [12] 1832 	subb	a,r1
      00072A D0 03            [24] 1833 	pop	ar3
      00072C D0 02            [24] 1834 	pop	ar2
      00072E D0 01            [24] 1835 	pop	ar1
      000730 D0 00            [24] 1836 	pop	ar0
      000732 50 23            [24] 1837 	jnc	00122$
                                   1838 ;	.\FwLib_STC8\user\measurement.c:93: reg_offset_val -= reg_measuring_val;
      000734 90r00r00         [24] 1839 	mov	dptr,#_reg_offset_val
      000737 E8               [12] 1840 	mov	a,r0
      000738 C3               [12] 1841 	clr	c
      000739 9C               [12] 1842 	subb	a,r4
      00073A F0               [24] 1843 	movx	@dptr,a
      00073B E9               [12] 1844 	mov	a,r1
      00073C 9D               [12] 1845 	subb	a,r5
      00073D A3               [24] 1846 	inc	dptr
      00073E F0               [24] 1847 	movx	@dptr,a
      00073F EA               [12] 1848 	mov	a,r2
      000740 9E               [12] 1849 	subb	a,r6
      000741 A3               [24] 1850 	inc	dptr
      000742 F0               [24] 1851 	movx	@dptr,a
      000743 EB               [12] 1852 	mov	a,r3
      000744 9F               [12] 1853 	subb	a,r7
      000745 A3               [24] 1854 	inc	dptr
      000746 F0               [24] 1855 	movx	@dptr,a
                                   1856 ;	.\FwLib_STC8\user\measurement.c:94: zero_track_cnt = 0;
      000747 90r00r04         [24] 1857 	mov	dptr,#_zero_track_cnt
      00074A E4               [12] 1858 	clr	a
      00074B F0               [24] 1859 	movx	@dptr,a
      00074C A3               [24] 1860 	inc	dptr
      00074D F0               [24] 1861 	movx	@dptr,a
      00074E 80 07            [24] 1862 	sjmp	00122$
      000750                       1863 00118$:
                                   1864 ;	.\FwLib_STC8\user\measurement.c:97: zero_track_cnt = 0;
      000750 90r00r04         [24] 1865 	mov	dptr,#_zero_track_cnt
      000753 E4               [12] 1866 	clr	a
      000754 F0               [24] 1867 	movx	@dptr,a
      000755 A3               [24] 1868 	inc	dptr
      000756 F0               [24] 1869 	movx	@dptr,a
      000757                       1870 00122$:
                                   1871 ;	.\FwLib_STC8\user\measurement.c:102: stable_diff = reg_measuring_val - last_stable_val;
      000757 90r00r08         [24] 1872 	mov	dptr,#_last_stable_val
      00075A E0               [24] 1873 	movx	a,@dptr
      00075B F8               [12] 1874 	mov	r0,a
      00075C A3               [24] 1875 	inc	dptr
      00075D E0               [24] 1876 	movx	a,@dptr
      00075E F9               [12] 1877 	mov	r1,a
      00075F A3               [24] 1878 	inc	dptr
      000760 E0               [24] 1879 	movx	a,@dptr
      000761 FA               [12] 1880 	mov	r2,a
      000762 A3               [24] 1881 	inc	dptr
      000763 E0               [24] 1882 	movx	a,@dptr
      000764 FB               [12] 1883 	mov	r3,a
      000765 EC               [12] 1884 	mov	a,r4
      000766 C3               [12] 1885 	clr	c
      000767 98               [12] 1886 	subb	a,r0
      000768 F8               [12] 1887 	mov	r0,a
      000769 ED               [12] 1888 	mov	a,r5
      00076A 99               [12] 1889 	subb	a,r1
      00076B F9               [12] 1890 	mov	r1,a
      00076C EE               [12] 1891 	mov	a,r6
      00076D 9A               [12] 1892 	subb	a,r2
      00076E FA               [12] 1893 	mov	r2,a
      00076F EF               [12] 1894 	mov	a,r7
      000770 9B               [12] 1895 	subb	a,r3
      000771 FB               [12] 1896 	mov	r3,a
      000772 90r00r21         [24] 1897 	mov	dptr,#_MEAS_Process_stable_diff_10000_67
      000775 E8               [12] 1898 	mov	a,r0
      000776 F0               [24] 1899 	movx	@dptr,a
      000777 E9               [12] 1900 	mov	a,r1
      000778 A3               [24] 1901 	inc	dptr
      000779 F0               [24] 1902 	movx	@dptr,a
      00077A EA               [12] 1903 	mov	a,r2
      00077B A3               [24] 1904 	inc	dptr
      00077C F0               [24] 1905 	movx	@dptr,a
      00077D EB               [12] 1906 	mov	a,r3
      00077E A3               [24] 1907 	inc	dptr
      00077F F0               [24] 1908 	movx	@dptr,a
                                   1909 ;	.\FwLib_STC8\user\measurement.c:103: if (stable_diff >= -reg_stable_band && stable_diff <= reg_stable_band) {
      000780 90r00r00         [24] 1910 	mov	dptr,#_reg_stable_band
      000783 E0               [24] 1911 	movx	a,@dptr
      000784 F5*1A            [12] 1912 	mov	_MEAS_Process_sloc2_1_0,a
      000786 A3               [24] 1913 	inc	dptr
      000787 E0               [24] 1914 	movx	a,@dptr
      000788 F5*1B            [12] 1915 	mov	(_MEAS_Process_sloc2_1_0 + 1),a
      00078A A3               [24] 1916 	inc	dptr
      00078B E0               [24] 1917 	movx	a,@dptr
      00078C F5*1C            [12] 1918 	mov	(_MEAS_Process_sloc2_1_0 + 2),a
      00078E A3               [24] 1919 	inc	dptr
      00078F E0               [24] 1920 	movx	a,@dptr
      000790 F5*1D            [12] 1921 	mov	(_MEAS_Process_sloc2_1_0 + 3),a
      000792 C0 04            [24] 1922 	push	ar4
      000794 C0 05            [24] 1923 	push	ar5
      000796 C0 06            [24] 1924 	push	ar6
      000798 C0 07            [24] 1925 	push	ar7
      00079A C3               [12] 1926 	clr	c
      00079B E4               [12] 1927 	clr	a
      00079C 95*1A            [12] 1928 	subb	a,_MEAS_Process_sloc2_1_0
      00079E FC               [12] 1929 	mov	r4,a
      00079F E4               [12] 1930 	clr	a
      0007A0 95*1B            [12] 1931 	subb	a,(_MEAS_Process_sloc2_1_0 + 1)
      0007A2 FD               [12] 1932 	mov	r5,a
      0007A3 E4               [12] 1933 	clr	a
      0007A4 95*1C            [12] 1934 	subb	a,(_MEAS_Process_sloc2_1_0 + 2)
      0007A6 FE               [12] 1935 	mov	r6,a
      0007A7 E4               [12] 1936 	clr	a
      0007A8 95*1D            [12] 1937 	subb	a,(_MEAS_Process_sloc2_1_0 + 3)
      0007AA FF               [12] 1938 	mov	r7,a
      0007AB C3               [12] 1939 	clr	c
      0007AC E8               [12] 1940 	mov	a,r0
      0007AD 9C               [12] 1941 	subb	a,r4
      0007AE E9               [12] 1942 	mov	a,r1
      0007AF 9D               [12] 1943 	subb	a,r5
      0007B0 EA               [12] 1944 	mov	a,r2
      0007B1 9E               [12] 1945 	subb	a,r6
      0007B2 EB               [12] 1946 	mov	a,r3
      0007B3 64 80            [12] 1947 	xrl	a,#0x80
      0007B5 8F F0            [24] 1948 	mov	b,r7
      0007B7 63 F0 80         [24] 1949 	xrl	b,#0x80
      0007BA 95 F0            [12] 1950 	subb	a,b
      0007BC D0 07            [24] 1951 	pop	ar7
      0007BE D0 06            [24] 1952 	pop	ar6
      0007C0 D0 05            [24] 1953 	pop	ar5
      0007C2 D0 04            [24] 1954 	pop	ar4
      0007C4 40 6D            [24] 1955 	jc	00128$
      0007C6 E5*1A            [12] 1956 	mov	a,_MEAS_Process_sloc2_1_0
      0007C8 98               [12] 1957 	subb	a,r0
      0007C9 E5*1B            [12] 1958 	mov	a,(_MEAS_Process_sloc2_1_0 + 1)
      0007CB 99               [12] 1959 	subb	a,r1
      0007CC E5*1C            [12] 1960 	mov	a,(_MEAS_Process_sloc2_1_0 + 2)
      0007CE 9A               [12] 1961 	subb	a,r2
      0007CF E5*1D            [12] 1962 	mov	a,(_MEAS_Process_sloc2_1_0 + 3)
      0007D1 64 80            [12] 1963 	xrl	a,#0x80
      0007D3 8B F0            [24] 1964 	mov	b,r3
      0007D5 63 F0 80         [24] 1965 	xrl	b,#0x80
      0007D8 95 F0            [12] 1966 	subb	a,b
      0007DA 40 57            [24] 1967 	jc	00128$
                                   1968 ;	.\FwLib_STC8\user\measurement.c:104: if (stable_cnt < 2000) stable_cnt++; 
      0007DC 90r00r06         [24] 1969 	mov	dptr,#_stable_cnt
      0007DF E0               [24] 1970 	movx	a,@dptr
      0007E0 FA               [12] 1971 	mov	r2,a
      0007E1 A3               [24] 1972 	inc	dptr
      0007E2 E0               [24] 1973 	movx	a,@dptr
      0007E3 FB               [12] 1974 	mov	r3,a
      0007E4 8A 00            [24] 1975 	mov	ar0,r2
      0007E6 8B 01            [24] 1976 	mov	ar1,r3
      0007E8 C3               [12] 1977 	clr	c
      0007E9 E8               [12] 1978 	mov	a,r0
      0007EA 94 D0            [12] 1979 	subb	a,#0xd0
      0007EC E9               [12] 1980 	mov	a,r1
      0007ED 94 07            [12] 1981 	subb	a,#0x07
      0007EF 50 0B            [24] 1982 	jnc	00124$
      0007F1 90r00r06         [24] 1983 	mov	dptr,#_stable_cnt
      0007F4 74 01            [12] 1984 	mov	a,#0x01
      0007F6 2A               [12] 1985 	add	a, r2
      0007F7 F0               [24] 1986 	movx	@dptr,a
      0007F8 E4               [12] 1987 	clr	a
      0007F9 3B               [12] 1988 	addc	a, r3
      0007FA A3               [24] 1989 	inc	dptr
      0007FB F0               [24] 1990 	movx	@dptr,a
      0007FC                       1991 00124$:
                                   1992 ;	.\FwLib_STC8\user\measurement.c:105: if (stable_cnt >= (uint16_t)(reg_stable_delay * 10)) {
      0007FC 90r00r00         [24] 1993 	mov	dptr,#_reg_stable_delay
      0007FF E0               [24] 1994 	movx	a,@dptr
      000800 FA               [12] 1995 	mov	r2,a
      000801 A3               [24] 1996 	inc	dptr
      000802 E0               [24] 1997 	movx	a,@dptr
      000803 FB               [12] 1998 	mov	r3,a
      000804 90r00r00         [24] 1999 	mov	dptr,#__mulint_PARM_2
      000807 EA               [12] 2000 	mov	a,r2
      000808 F0               [24] 2001 	movx	@dptr,a
      000809 EB               [12] 2002 	mov	a,r3
      00080A A3               [24] 2003 	inc	dptr
      00080B F0               [24] 2004 	movx	@dptr,a
      00080C 90 00 0A         [24] 2005 	mov	dptr,#0x000a
      00080F 12r00r00         [24] 2006 	lcall	__mulint
      000812 AA 82            [24] 2007 	mov	r2, dpl
      000814 AB 83            [24] 2008 	mov	r3, dph
      000816 90r00r06         [24] 2009 	mov	dptr,#_stable_cnt
      000819 E0               [24] 2010 	movx	a,@dptr
      00081A F8               [12] 2011 	mov	r0,a
      00081B A3               [24] 2012 	inc	dptr
      00081C E0               [24] 2013 	movx	a,@dptr
      00081D F9               [12] 2014 	mov	r1,a
      00081E C3               [12] 2015 	clr	c
      00081F E8               [12] 2016 	mov	a,r0
      000820 9A               [12] 2017 	subb	a,r2
      000821 E9               [12] 2018 	mov	a,r1
      000822 9B               [12] 2019 	subb	a,r3
      000823 40 2D            [24] 2020 	jc	00131$
                                   2021 ;	.\FwLib_STC8\user\measurement.c:106: reg_stable_mark = 1;
      000825 90r00r00         [24] 2022 	mov	dptr,#_reg_stable_mark
      000828 74 01            [12] 2023 	mov	a,#0x01
      00082A F0               [24] 2024 	movx	@dptr,a
      00082B E4               [12] 2025 	clr	a
      00082C A3               [24] 2026 	inc	dptr
      00082D F0               [24] 2027 	movx	@dptr,a
      00082E A3               [24] 2028 	inc	dptr
      00082F F0               [24] 2029 	movx	@dptr,a
      000830 A3               [24] 2030 	inc	dptr
      000831 F0               [24] 2031 	movx	@dptr,a
      000832 22               [24] 2032 	ret
      000833                       2033 00128$:
                                   2034 ;	.\FwLib_STC8\user\measurement.c:109: last_stable_val = reg_measuring_val;
      000833 90r00r08         [24] 2035 	mov	dptr,#_last_stable_val
      000836 EC               [12] 2036 	mov	a,r4
      000837 F0               [24] 2037 	movx	@dptr,a
      000838 ED               [12] 2038 	mov	a,r5
      000839 A3               [24] 2039 	inc	dptr
      00083A F0               [24] 2040 	movx	@dptr,a
      00083B EE               [12] 2041 	mov	a,r6
      00083C A3               [24] 2042 	inc	dptr
      00083D F0               [24] 2043 	movx	@dptr,a
      00083E EF               [12] 2044 	mov	a,r7
      00083F A3               [24] 2045 	inc	dptr
      000840 F0               [24] 2046 	movx	@dptr,a
                                   2047 ;	.\FwLib_STC8\user\measurement.c:110: stable_cnt = 0;
      000841 90r00r06         [24] 2048 	mov	dptr,#_stable_cnt
      000844 E4               [12] 2049 	clr	a
      000845 F0               [24] 2050 	movx	@dptr,a
      000846 A3               [24] 2051 	inc	dptr
      000847 F0               [24] 2052 	movx	@dptr,a
                                   2053 ;	.\FwLib_STC8\user\measurement.c:111: reg_stable_mark = 0;
      000848 90r00r00         [24] 2054 	mov	dptr,#_reg_stable_mark
      00084B F0               [24] 2055 	movx	@dptr,a
      00084C A3               [24] 2056 	inc	dptr
      00084D F0               [24] 2057 	movx	@dptr,a
      00084E A3               [24] 2058 	inc	dptr
      00084F F0               [24] 2059 	movx	@dptr,a
      000850 A3               [24] 2060 	inc	dptr
      000851 F0               [24] 2061 	movx	@dptr,a
      000852                       2062 00131$:
                                   2063 ;	.\FwLib_STC8\user\measurement.c:113: }
      000852 22               [24] 2064 	ret
                                   2065 ;------------------------------------------------------------
                                   2066 ;Allocation info for local variables in function 'MEAS_SetZero'
                                   2067 ;------------------------------------------------------------
                                   2068 ;	.\FwLib_STC8\user\measurement.c:115: uint8_t MEAS_SetZero(void) {
                                   2069 ;	-----------------------------------------
                                   2070 ;	 function MEAS_SetZero
                                   2071 ;	-----------------------------------------
      000853                       2072 _MEAS_SetZero:
                                   2073 ;	.\FwLib_STC8\user\measurement.c:116: if (reg_stable_mark == 0) return 1;
      000853 90r00r00         [24] 2074 	mov	dptr,#_reg_stable_mark
      000856 E0               [24] 2075 	movx	a,@dptr
      000857 F5 F0            [12] 2076 	mov	b,a
      000859 A3               [24] 2077 	inc	dptr
      00085A E0               [24] 2078 	movx	a,@dptr
      00085B 42 F0            [12] 2079 	orl	b,a
      00085D A3               [24] 2080 	inc	dptr
      00085E E0               [24] 2081 	movx	a,@dptr
      00085F 42 F0            [12] 2082 	orl	b,a
      000861 A3               [24] 2083 	inc	dptr
      000862 E0               [24] 2084 	movx	a,@dptr
      000863 45 F0            [12] 2085 	orl	a,b
      000865 70 04            [24] 2086 	jnz	00102$
      000867 75 82 01         [24] 2087 	mov	dpl, #0x01
      00086A 22               [24] 2088 	ret
      00086B                       2089 00102$:
                                   2090 ;	.\FwLib_STC8\user\measurement.c:118: reg_offset_val -= reg_measuring_val;
      00086B 90r00r00         [24] 2091 	mov	dptr,#_reg_measuring_val
      00086E E0               [24] 2092 	movx	a,@dptr
      00086F FC               [12] 2093 	mov	r4,a
      000870 A3               [24] 2094 	inc	dptr
      000871 E0               [24] 2095 	movx	a,@dptr
      000872 FD               [12] 2096 	mov	r5,a
      000873 A3               [24] 2097 	inc	dptr
      000874 E0               [24] 2098 	movx	a,@dptr
      000875 FE               [12] 2099 	mov	r6,a
      000876 A3               [24] 2100 	inc	dptr
      000877 E0               [24] 2101 	movx	a,@dptr
      000878 FF               [12] 2102 	mov	r7,a
      000879 90r00r00         [24] 2103 	mov	dptr,#_reg_offset_val
      00087C E0               [24] 2104 	movx	a,@dptr
      00087D F8               [12] 2105 	mov	r0,a
      00087E A3               [24] 2106 	inc	dptr
      00087F E0               [24] 2107 	movx	a,@dptr
      000880 F9               [12] 2108 	mov	r1,a
      000881 A3               [24] 2109 	inc	dptr
      000882 E0               [24] 2110 	movx	a,@dptr
      000883 FA               [12] 2111 	mov	r2,a
      000884 A3               [24] 2112 	inc	dptr
      000885 E0               [24] 2113 	movx	a,@dptr
      000886 FB               [12] 2114 	mov	r3,a
      000887 90r00r00         [24] 2115 	mov	dptr,#_reg_offset_val
      00088A E8               [12] 2116 	mov	a,r0
      00088B C3               [12] 2117 	clr	c
      00088C 9C               [12] 2118 	subb	a,r4
      00088D F0               [24] 2119 	movx	@dptr,a
      00088E E9               [12] 2120 	mov	a,r1
      00088F 9D               [12] 2121 	subb	a,r5
      000890 A3               [24] 2122 	inc	dptr
      000891 F0               [24] 2123 	movx	@dptr,a
      000892 EA               [12] 2124 	mov	a,r2
      000893 9E               [12] 2125 	subb	a,r6
      000894 A3               [24] 2126 	inc	dptr
      000895 F0               [24] 2127 	movx	@dptr,a
      000896 EB               [12] 2128 	mov	a,r3
      000897 9F               [12] 2129 	subb	a,r7
      000898 A3               [24] 2130 	inc	dptr
      000899 F0               [24] 2131 	movx	@dptr,a
                                   2132 ;	.\FwLib_STC8\user\measurement.c:119: zero_track_cnt = 0;
      00089A 90r00r04         [24] 2133 	mov	dptr,#_zero_track_cnt
      00089D E4               [12] 2134 	clr	a
      00089E F0               [24] 2135 	movx	@dptr,a
      00089F A3               [24] 2136 	inc	dptr
      0008A0 F0               [24] 2137 	movx	@dptr,a
                                   2138 ;	.\FwLib_STC8\user\measurement.c:122: reg_save_all(); 
      0008A1 12r00r00         [24] 2139 	lcall	_reg_save_all
                                   2140 ;	.\FwLib_STC8\user\measurement.c:123: return 0;
      0008A4 75 82 00         [24] 2141 	mov	dpl, #0x00
                                   2142 ;	.\FwLib_STC8\user\measurement.c:124: }
      0008A7 22               [24] 2143 	ret
                                   2144 	.area CSEG    (CODE)
                                   2145 	.area CONST   (CODE)
                                   2146 	.area XINIT   (CODE)
      000000                       2147 __xinit__filtered_adc:
      000000 00 00 00 00           2148 	.byte #0x00, #0x00, #0x00, #0x00	;  0
      000004                       2149 __xinit__zero_track_cnt:
      000004 00 00                 2150 	.byte #0x00, #0x00	; 0
      000006                       2151 __xinit__stable_cnt:
      000006 00 00                 2152 	.byte #0x00, #0x00	; 0
      000008                       2153 __xinit__last_stable_val:
      000008 00 00 00 00           2154 	.byte #0x00, #0x00, #0x00, #0x00	;  0
                                   2155 	.area CABS    (ABS,CODE)
