                                      1 ;--------------------------------------------------------
                                      2 ; File Created by SDCC : free open source ISO C Compiler
                                      3 ; Version 4.5.0 #15242 (MINGW64)
                                      4 ;--------------------------------------------------------
                                      5 	.module reg_table
                                      6 	
                                      7 	.optsdcc -mmcs51 --model-large
                                      8 ;--------------------------------------------------------
                                      9 ; Public variables in this module
                                     10 ;--------------------------------------------------------
                                     11 	.globl _reg_table
                                     12 	.globl _UART_SendString
                                     13 	.globl _P77
                                     14 	.globl _P76
                                     15 	.globl _P75
                                     16 	.globl _P74
                                     17 	.globl _P73
                                     18 	.globl _P72
                                     19 	.globl _P71
                                     20 	.globl _P70
                                     21 	.globl _P67
                                     22 	.globl _P66
                                     23 	.globl _P65
                                     24 	.globl _P64
                                     25 	.globl _P63
                                     26 	.globl _P62
                                     27 	.globl _P61
                                     28 	.globl _P60
                                     29 	.globl _P
                                     30 	.globl _F1
                                     31 	.globl _OV
                                     32 	.globl _RS0
                                     33 	.globl _RS1
                                     34 	.globl _F0
                                     35 	.globl _AC
                                     36 	.globl _CY
                                     37 	.globl _P57
                                     38 	.globl _P56
                                     39 	.globl _P55
                                     40 	.globl _P54
                                     41 	.globl _P53
                                     42 	.globl _P52
                                     43 	.globl _P51
                                     44 	.globl _P50
                                     45 	.globl _P47
                                     46 	.globl _P46
                                     47 	.globl _P45
                                     48 	.globl _P44
                                     49 	.globl _P43
                                     50 	.globl _P42
                                     51 	.globl _P41
                                     52 	.globl _P40
                                     53 	.globl _PX0
                                     54 	.globl _PT0
                                     55 	.globl _PX1
                                     56 	.globl _PT1
                                     57 	.globl _PS
                                     58 	.globl _PADC
                                     59 	.globl _PLVD
                                     60 	.globl _PPCA
                                     61 	.globl _P37
                                     62 	.globl _P36
                                     63 	.globl _P35
                                     64 	.globl _P34
                                     65 	.globl _P33
                                     66 	.globl _P32
                                     67 	.globl _P31
                                     68 	.globl _P30
                                     69 	.globl _EX0
                                     70 	.globl _ET0
                                     71 	.globl _EX1
                                     72 	.globl _ET1
                                     73 	.globl _ES
                                     74 	.globl _EADC
                                     75 	.globl _ELVD
                                     76 	.globl _EA
                                     77 	.globl _P27
                                     78 	.globl _P26
                                     79 	.globl _P25
                                     80 	.globl _P24
                                     81 	.globl _P23
                                     82 	.globl _P22
                                     83 	.globl _P21
                                     84 	.globl _P20
                                     85 	.globl _RI
                                     86 	.globl _TI
                                     87 	.globl _RB8
                                     88 	.globl _TB8
                                     89 	.globl _REN
                                     90 	.globl _SM2
                                     91 	.globl _SM1
                                     92 	.globl _SM0
                                     93 	.globl _P17
                                     94 	.globl _P16
                                     95 	.globl _P15
                                     96 	.globl _P14
                                     97 	.globl _P13
                                     98 	.globl _P12
                                     99 	.globl _P11
                                    100 	.globl _P10
                                    101 	.globl _IT0
                                    102 	.globl _IE0
                                    103 	.globl _IT1
                                    104 	.globl _IE1
                                    105 	.globl _TR0
                                    106 	.globl _TF0
                                    107 	.globl _TR1
                                    108 	.globl _TF1
                                    109 	.globl _P07
                                    110 	.globl _P06
                                    111 	.globl _P05
                                    112 	.globl _P04
                                    113 	.globl _P03
                                    114 	.globl _P02
                                    115 	.globl _P01
                                    116 	.globl _P00
                                    117 	.globl _RSTCFG
                                    118 	.globl _USBADR
                                    119 	.globl _IAP_TPS
                                    120 	.globl _USBCON
                                    121 	.globl _AUXINTIF
                                    122 	.globl _IP3H
                                    123 	.globl _USBDAT
                                    124 	.globl _CMPCR2
                                    125 	.globl _CMPCR1
                                    126 	.globl _DPH1
                                    127 	.globl _DPL1
                                    128 	.globl _DPS
                                    129 	.globl _P7M0
                                    130 	.globl _P7M1
                                    131 	.globl _IP3
                                    132 	.globl _ADCCFG
                                    133 	.globl _USBCLK
                                    134 	.globl _VRTRIM
                                    135 	.globl _P7
                                    136 	.globl _B
                                    137 	.globl _P6
                                    138 	.globl _ACC
                                    139 	.globl _T2L
                                    140 	.globl _T2H
                                    141 	.globl _T3L
                                    142 	.globl _T3H
                                    143 	.globl _T4L
                                    144 	.globl _T4H
                                    145 	.globl _T4T3M
                                    146 	.globl _PSW
                                    147 	.globl _SPDAT
                                    148 	.globl _SPCTL
                                    149 	.globl _SPSTAT
                                    150 	.globl _P6M0
                                    151 	.globl _P6M1
                                    152 	.globl _P5M0
                                    153 	.globl _P5M1
                                    154 	.globl _P5
                                    155 	.globl _IAP_CONTR
                                    156 	.globl _IAP_TRIG
                                    157 	.globl _IAP_CMD
                                    158 	.globl _IAP_ADDRL
                                    159 	.globl _IAP_ADDRH
                                    160 	.globl _IAP_DATA
                                    161 	.globl _WDT_CONTR
                                    162 	.globl _P4
                                    163 	.globl _ADC_RESL
                                    164 	.globl _ADC_RES
                                    165 	.globl _ADC_CONTR
                                    166 	.globl _P_SW2
                                    167 	.globl _SADEN
                                    168 	.globl _IP
                                    169 	.globl _IPH
                                    170 	.globl _IP2H
                                    171 	.globl _IP2
                                    172 	.globl _P4M0
                                    173 	.globl _P4M1
                                    174 	.globl _P3M0
                                    175 	.globl _P3M1
                                    176 	.globl _P3
                                    177 	.globl _IE2
                                    178 	.globl _TA
                                    179 	.globl _S3BUF
                                    180 	.globl _S3CON
                                    181 	.globl _WKTCH
                                    182 	.globl _WKTCL
                                    183 	.globl _SADDR
                                    184 	.globl _IE
                                    185 	.globl _P_SW1
                                    186 	.globl _BUS_SPEED
                                    187 	.globl _P2
                                    188 	.globl _IRTRIM
                                    189 	.globl _LIRTRIM
                                    190 	.globl _IRCBAND
                                    191 	.globl _S2BUF
                                    192 	.globl _S2CON
                                    193 	.globl _SBUF
                                    194 	.globl _SCON
                                    195 	.globl _P2M0
                                    196 	.globl _P2M1
                                    197 	.globl _P0M0
                                    198 	.globl _P0M1
                                    199 	.globl _P1M0
                                    200 	.globl _P1M1
                                    201 	.globl _P1
                                    202 	.globl _INTCLKO
                                    203 	.globl _AUXR
                                    204 	.globl _TH1
                                    205 	.globl _TH0
                                    206 	.globl _TL1
                                    207 	.globl _TL0
                                    208 	.globl _TMOD
                                    209 	.globl _TCON
                                    210 	.globl _PCON
                                    211 	.globl _S4BUF
                                    212 	.globl _S4CON
                                    213 	.globl _DPH
                                    214 	.globl _DPL
                                    215 	.globl _SP
                                    216 	.globl _P0
                                    217 	.globl _reg_write_PARM_2
                                    218 	.globl _reg_magic_key
                                    219 	.globl _reg_cal_trigger
                                    220 	.globl _reg_stable_mark
                                    221 	.globl _reg_can_send_type
                                    222 	.globl _reg_can_send_interval
                                    223 	.globl _reg_can_rate
                                    224 	.globl _reg_parity
                                    225 	.globl _reg_output_round
                                    226 	.globl _reg_stable_band
                                    227 	.globl _reg_stable_delay
                                    228 	.globl _reg_zero_trace_band
                                    229 	.globl _reg_zero_trace_delay
                                    230 	.globl _reg_baud_rate
                                    231 	.globl _reg_filter_band
                                    232 	.globl _reg_filter_level
                                    233 	.globl _reg_fir_filter_on
                                    234 	.globl _reg_adc_speed
                                    235 	.globl _reg_pvp
                                    236 	.globl _reg_avp
                                    237 	.globl _reg_cal_points_num
                                    238 	.globl _reg_offset_val
                                    239 	.globl _reg_station_id
                                    240 	.globl _reg_measuring_val
                                    241 	.globl _reg_adc_raw_value
                                    242 	.globl _reg_save_all
                                    243 	.globl _reg_load
                                    244 	.globl _reg_write
                                    245 	.globl _reg_load_all
                                    246 	.globl _reg_init
                                    247 	.globl _reg_reset_defaults
                                    248 ;--------------------------------------------------------
                                    249 ; special function registers
                                    250 ;--------------------------------------------------------
                                    251 	.area RSEG    (ABS,DATA)
      000000                        252 	.org 0x0000
                           000080   253 _P0	=	0x0080
                           000081   254 _SP	=	0x0081
                           000082   255 _DPL	=	0x0082
                           000083   256 _DPH	=	0x0083
                           000084   257 _S4CON	=	0x0084
                           000085   258 _S4BUF	=	0x0085
                           000087   259 _PCON	=	0x0087
                           000088   260 _TCON	=	0x0088
                           000089   261 _TMOD	=	0x0089
                           00008A   262 _TL0	=	0x008a
                           00008B   263 _TL1	=	0x008b
                           00008C   264 _TH0	=	0x008c
                           00008D   265 _TH1	=	0x008d
                           00008E   266 _AUXR	=	0x008e
                           00008F   267 _INTCLKO	=	0x008f
                           000090   268 _P1	=	0x0090
                           000091   269 _P1M1	=	0x0091
                           000092   270 _P1M0	=	0x0092
                           000093   271 _P0M1	=	0x0093
                           000094   272 _P0M0	=	0x0094
                           000095   273 _P2M1	=	0x0095
                           000096   274 _P2M0	=	0x0096
                           000098   275 _SCON	=	0x0098
                           000099   276 _SBUF	=	0x0099
                           00009A   277 _S2CON	=	0x009a
                           00009B   278 _S2BUF	=	0x009b
                           00009D   279 _IRCBAND	=	0x009d
                           00009E   280 _LIRTRIM	=	0x009e
                           00009F   281 _IRTRIM	=	0x009f
                           0000A0   282 _P2	=	0x00a0
                           0000A1   283 _BUS_SPEED	=	0x00a1
                           0000A2   284 _P_SW1	=	0x00a2
                           0000A8   285 _IE	=	0x00a8
                           0000A9   286 _SADDR	=	0x00a9
                           0000AA   287 _WKTCL	=	0x00aa
                           0000AB   288 _WKTCH	=	0x00ab
                           0000AC   289 _S3CON	=	0x00ac
                           0000AD   290 _S3BUF	=	0x00ad
                           0000AE   291 _TA	=	0x00ae
                           0000AF   292 _IE2	=	0x00af
                           0000B0   293 _P3	=	0x00b0
                           0000B1   294 _P3M1	=	0x00b1
                           0000B2   295 _P3M0	=	0x00b2
                           0000B3   296 _P4M1	=	0x00b3
                           0000B4   297 _P4M0	=	0x00b4
                           0000B5   298 _IP2	=	0x00b5
                           0000B6   299 _IP2H	=	0x00b6
                           0000B7   300 _IPH	=	0x00b7
                           0000B8   301 _IP	=	0x00b8
                           0000B9   302 _SADEN	=	0x00b9
                           0000BA   303 _P_SW2	=	0x00ba
                           0000BC   304 _ADC_CONTR	=	0x00bc
                           0000BD   305 _ADC_RES	=	0x00bd
                           0000BE   306 _ADC_RESL	=	0x00be
                           0000C0   307 _P4	=	0x00c0
                           0000C1   308 _WDT_CONTR	=	0x00c1
                           0000C2   309 _IAP_DATA	=	0x00c2
                           0000C3   310 _IAP_ADDRH	=	0x00c3
                           0000C4   311 _IAP_ADDRL	=	0x00c4
                           0000C5   312 _IAP_CMD	=	0x00c5
                           0000C6   313 _IAP_TRIG	=	0x00c6
                           0000C7   314 _IAP_CONTR	=	0x00c7
                           0000C8   315 _P5	=	0x00c8
                           0000C9   316 _P5M1	=	0x00c9
                           0000CA   317 _P5M0	=	0x00ca
                           0000CB   318 _P6M1	=	0x00cb
                           0000CC   319 _P6M0	=	0x00cc
                           0000CD   320 _SPSTAT	=	0x00cd
                           0000CE   321 _SPCTL	=	0x00ce
                           0000CF   322 _SPDAT	=	0x00cf
                           0000D0   323 _PSW	=	0x00d0
                           0000D1   324 _T4T3M	=	0x00d1
                           0000D2   325 _T4H	=	0x00d2
                           0000D3   326 _T4L	=	0x00d3
                           0000D4   327 _T3H	=	0x00d4
                           0000D5   328 _T3L	=	0x00d5
                           0000D6   329 _T2H	=	0x00d6
                           0000D7   330 _T2L	=	0x00d7
                           0000E0   331 _ACC	=	0x00e0
                           0000E8   332 _P6	=	0x00e8
                           0000F0   333 _B	=	0x00f0
                           0000F8   334 _P7	=	0x00f8
                           0000A6   335 _VRTRIM	=	0x00a6
                           0000DC   336 _USBCLK	=	0x00dc
                           0000DE   337 _ADCCFG	=	0x00de
                           0000DF   338 _IP3	=	0x00df
                           0000E1   339 _P7M1	=	0x00e1
                           0000E2   340 _P7M0	=	0x00e2
                           0000E3   341 _DPS	=	0x00e3
                           0000E4   342 _DPL1	=	0x00e4
                           0000E5   343 _DPH1	=	0x00e5
                           0000E6   344 _CMPCR1	=	0x00e6
                           0000E7   345 _CMPCR2	=	0x00e7
                           0000EC   346 _USBDAT	=	0x00ec
                           0000EE   347 _IP3H	=	0x00ee
                           0000EF   348 _AUXINTIF	=	0x00ef
                           0000F4   349 _USBCON	=	0x00f4
                           0000F5   350 _IAP_TPS	=	0x00f5
                           0000FC   351 _USBADR	=	0x00fc
                           0000FF   352 _RSTCFG	=	0x00ff
                                    353 ;--------------------------------------------------------
                                    354 ; special function bits
                                    355 ;--------------------------------------------------------
                                    356 	.area RSEG    (ABS,DATA)
      000000                        357 	.org 0x0000
                           000080   358 _P00	=	0x0080
                           000081   359 _P01	=	0x0081
                           000082   360 _P02	=	0x0082
                           000083   361 _P03	=	0x0083
                           000084   362 _P04	=	0x0084
                           000085   363 _P05	=	0x0085
                           000086   364 _P06	=	0x0086
                           000087   365 _P07	=	0x0087
                           00008F   366 _TF1	=	0x008f
                           00008E   367 _TR1	=	0x008e
                           00008D   368 _TF0	=	0x008d
                           00008C   369 _TR0	=	0x008c
                           00008B   370 _IE1	=	0x008b
                           00008A   371 _IT1	=	0x008a
                           000089   372 _IE0	=	0x0089
                           000088   373 _IT0	=	0x0088
                           000090   374 _P10	=	0x0090
                           000091   375 _P11	=	0x0091
                           000092   376 _P12	=	0x0092
                           000093   377 _P13	=	0x0093
                           000094   378 _P14	=	0x0094
                           000095   379 _P15	=	0x0095
                           000096   380 _P16	=	0x0096
                           000097   381 _P17	=	0x0097
                           00009F   382 _SM0	=	0x009f
                           00009E   383 _SM1	=	0x009e
                           00009D   384 _SM2	=	0x009d
                           00009C   385 _REN	=	0x009c
                           00009B   386 _TB8	=	0x009b
                           00009A   387 _RB8	=	0x009a
                           000099   388 _TI	=	0x0099
                           000098   389 _RI	=	0x0098
                           0000A0   390 _P20	=	0x00a0
                           0000A1   391 _P21	=	0x00a1
                           0000A2   392 _P22	=	0x00a2
                           0000A3   393 _P23	=	0x00a3
                           0000A4   394 _P24	=	0x00a4
                           0000A5   395 _P25	=	0x00a5
                           0000A6   396 _P26	=	0x00a6
                           0000A7   397 _P27	=	0x00a7
                           0000AF   398 _EA	=	0x00af
                           0000AE   399 _ELVD	=	0x00ae
                           0000AD   400 _EADC	=	0x00ad
                           0000AC   401 _ES	=	0x00ac
                           0000AB   402 _ET1	=	0x00ab
                           0000AA   403 _EX1	=	0x00aa
                           0000A9   404 _ET0	=	0x00a9
                           0000A8   405 _EX0	=	0x00a8
                           0000B0   406 _P30	=	0x00b0
                           0000B1   407 _P31	=	0x00b1
                           0000B2   408 _P32	=	0x00b2
                           0000B3   409 _P33	=	0x00b3
                           0000B4   410 _P34	=	0x00b4
                           0000B5   411 _P35	=	0x00b5
                           0000B6   412 _P36	=	0x00b6
                           0000B7   413 _P37	=	0x00b7
                           0000BF   414 _PPCA	=	0x00bf
                           0000BE   415 _PLVD	=	0x00be
                           0000BD   416 _PADC	=	0x00bd
                           0000BC   417 _PS	=	0x00bc
                           0000BB   418 _PT1	=	0x00bb
                           0000BA   419 _PX1	=	0x00ba
                           0000B9   420 _PT0	=	0x00b9
                           0000B8   421 _PX0	=	0x00b8
                           0000C0   422 _P40	=	0x00c0
                           0000C1   423 _P41	=	0x00c1
                           0000C2   424 _P42	=	0x00c2
                           0000C3   425 _P43	=	0x00c3
                           0000C4   426 _P44	=	0x00c4
                           0000C5   427 _P45	=	0x00c5
                           0000C6   428 _P46	=	0x00c6
                           0000C7   429 _P47	=	0x00c7
                           0000C8   430 _P50	=	0x00c8
                           0000C9   431 _P51	=	0x00c9
                           0000CA   432 _P52	=	0x00ca
                           0000CB   433 _P53	=	0x00cb
                           0000CC   434 _P54	=	0x00cc
                           0000CD   435 _P55	=	0x00cd
                           0000CE   436 _P56	=	0x00ce
                           0000CF   437 _P57	=	0x00cf
                           0000D7   438 _CY	=	0x00d7
                           0000D6   439 _AC	=	0x00d6
                           0000D5   440 _F0	=	0x00d5
                           0000D4   441 _RS1	=	0x00d4
                           0000D3   442 _RS0	=	0x00d3
                           0000D2   443 _OV	=	0x00d2
                           0000D1   444 _F1	=	0x00d1
                           0000D0   445 _P	=	0x00d0
                           0000E8   446 _P60	=	0x00e8
                           0000E9   447 _P61	=	0x00e9
                           0000EA   448 _P62	=	0x00ea
                           0000EB   449 _P63	=	0x00eb
                           0000EC   450 _P64	=	0x00ec
                           0000ED   451 _P65	=	0x00ed
                           0000EE   452 _P66	=	0x00ee
                           0000EF   453 _P67	=	0x00ef
                           0000F8   454 _P70	=	0x00f8
                           0000F9   455 _P71	=	0x00f9
                           0000FA   456 _P72	=	0x00fa
                           0000FB   457 _P73	=	0x00fb
                           0000FC   458 _P74	=	0x00fc
                           0000FD   459 _P75	=	0x00fd
                           0000FE   460 _P76	=	0x00fe
                           0000FF   461 _P77	=	0x00ff
                                    462 ;--------------------------------------------------------
                                    463 ; overlayable register banks
                                    464 ;--------------------------------------------------------
                                    465 	.area REG_BANK_0	(REL,OVR,DATA)
      000000                        466 	.ds 8
                                    467 ;--------------------------------------------------------
                                    468 ; internal ram data
                                    469 ;--------------------------------------------------------
                                    470 	.area DSEG    (DATA)
      000000                        471 _reg_reset_defaults_sloc0_1_0:
      000000                        472 	.ds 2
      000002                        473 _reg_reset_defaults_sloc1_1_0:
      000002                        474 	.ds 3
                                    475 ;--------------------------------------------------------
                                    476 ; overlayable items in internal ram
                                    477 ;--------------------------------------------------------
                                    478 	.area	OSEG    (OVR,DATA)
      000000                        479 _reg_save_all_sloc0_1_0:
      000000                        480 	.ds 1
      000001                        481 _reg_save_all_sloc1_1_0:
      000001                        482 	.ds 1
      000002                        483 _reg_save_all_sloc2_1_0:
      000002                        484 	.ds 4
                                    485 	.area	OSEG    (OVR,DATA)
      000000                        486 _reg_load_sloc0_1_0:
      000000                        487 	.ds 4
                                    488 ;--------------------------------------------------------
                                    489 ; indirectly addressable internal ram data
                                    490 ;--------------------------------------------------------
                                    491 	.area ISEG    (DATA)
                                    492 ;--------------------------------------------------------
                                    493 ; absolute internal ram data
                                    494 ;--------------------------------------------------------
                                    495 	.area IABS    (ABS,DATA)
                                    496 	.area IABS    (ABS,DATA)
                                    497 ;--------------------------------------------------------
                                    498 ; bit data
                                    499 ;--------------------------------------------------------
                                    500 	.area BSEG    (BIT)
                                    501 ;--------------------------------------------------------
                                    502 ; paged external ram data
                                    503 ;--------------------------------------------------------
                                    504 	.area PSEG    (PAG,XDATA)
                                    505 ;--------------------------------------------------------
                                    506 ; uninitialized external ram data
                                    507 ;--------------------------------------------------------
                                    508 	.area XSEG    (XDATA)
      000000                        509 _reg_adc_raw_value::
      000000                        510 	.ds 4
      000004                        511 _reg_measuring_val::
      000004                        512 	.ds 4
      000008                        513 _reg_station_id::
      000008                        514 	.ds 4
      00000C                        515 _reg_offset_val::
      00000C                        516 	.ds 4
      000010                        517 _reg_cal_points_num::
      000010                        518 	.ds 4
      000014                        519 _reg_avp::
      000014                        520 	.ds 36
      000038                        521 _reg_pvp::
      000038                        522 	.ds 36
      00005C                        523 _reg_adc_speed::
      00005C                        524 	.ds 4
      000060                        525 _reg_fir_filter_on::
      000060                        526 	.ds 4
      000064                        527 _reg_filter_level::
      000064                        528 	.ds 4
      000068                        529 _reg_filter_band::
      000068                        530 	.ds 4
      00006C                        531 _reg_baud_rate::
      00006C                        532 	.ds 4
      000070                        533 _reg_zero_trace_delay::
      000070                        534 	.ds 4
      000074                        535 _reg_zero_trace_band::
      000074                        536 	.ds 4
      000078                        537 _reg_stable_delay::
      000078                        538 	.ds 4
      00007C                        539 _reg_stable_band::
      00007C                        540 	.ds 4
      000080                        541 _reg_output_round::
      000080                        542 	.ds 4
      000084                        543 _reg_parity::
      000084                        544 	.ds 4
      000088                        545 _reg_can_rate::
      000088                        546 	.ds 4
      00008C                        547 _reg_can_send_interval::
      00008C                        548 	.ds 4
      000090                        549 _reg_can_send_type::
      000090                        550 	.ds 4
      000094                        551 _reg_stable_mark::
      000094                        552 	.ds 4
      000098                        553 _reg_cal_trigger::
      000098                        554 	.ds 4
      00009C                        555 _reg_magic_key::
      00009C                        556 	.ds 2
      00009E                        557 _reg_save_all_size_10000_62:
      00009E                        558 	.ds 1
      00009F                        559 _reg_save_all_v_10000_62:
      00009F                        560 	.ds 4
      0000A3                        561 _reg_save_all_r_10000_62:
      0000A3                        562 	.ds 3
      0000A6                        563 _reg_load_r_10000_72:
      0000A6                        564 	.ds 3
      0000A9                        565 _reg_load_v_10000_73:
      0000A9                        566 	.ds 4
      0000AD                        567 _reg_load_size_10000_73:
      0000AD                        568 	.ds 1
      0000AE                        569 _reg_write_PARM_2:
      0000AE                        570 	.ds 4
      0000B2                        571 _reg_write_target_10000_78:
      0000B2                        572 	.ds 3
      0000B5                        573 _reg_write_r_10000_79:
      0000B5                        574 	.ds 3
      0000B8                        575 _reg_init_ran_once_10000_91:
      0000B8                        576 	.ds 1
      0000B9                        577 _reg_reset_defaults_r_10000_96:
      0000B9                        578 	.ds 3
                                    579 ;--------------------------------------------------------
                                    580 ; absolute external ram data
                                    581 ;--------------------------------------------------------
                                    582 	.area XABS    (ABS,XDATA)
                                    583 ;--------------------------------------------------------
                                    584 ; initialized external ram data
                                    585 ;--------------------------------------------------------
                                    586 	.area XISEG   (XDATA)
                                    587 	.area HOME    (CODE)
                                    588 	.area GSINIT0 (CODE)
                                    589 	.area GSINIT1 (CODE)
                                    590 	.area GSINIT2 (CODE)
                                    591 	.area GSINIT3 (CODE)
                                    592 	.area GSINIT4 (CODE)
                                    593 	.area GSINIT5 (CODE)
                                    594 	.area GSINIT  (CODE)
                                    595 	.area GSFINAL (CODE)
                                    596 	.area CSEG    (CODE)
                                    597 ;--------------------------------------------------------
                                    598 ; global & static initialisations
                                    599 ;--------------------------------------------------------
                                    600 	.area HOME    (CODE)
                                    601 	.area GSINIT  (CODE)
                                    602 	.area GSFINAL (CODE)
                                    603 	.area GSINIT  (CODE)
                                    604 ;------------------------------------------------------------
                                    605 ;Allocation info for local variables in function 'reg_init'
                                    606 ;------------------------------------------------------------
                                    607 ;ran_once      Allocated with name '_reg_init_ran_once_10000_91'
                                    608 ;------------------------------------------------------------
                                    609 ;	.\FwLib_STC8\user\reg_table.c:211: static uint8_t ran_once = 0;
      000000 90r00rB8         [24]  610 	mov	dptr,#_reg_init_ran_once_10000_91
      000003 E4               [12]  611 	clr	a
      000004 F0               [24]  612 	movx	@dptr,a
                                    613 ;--------------------------------------------------------
                                    614 ; Home
                                    615 ;--------------------------------------------------------
                                    616 	.area HOME    (CODE)
                                    617 	.area HOME    (CODE)
                                    618 ;--------------------------------------------------------
                                    619 ; code
                                    620 ;--------------------------------------------------------
                                    621 	.area CSEG    (CODE)
                                    622 ;------------------------------------------------------------
                                    623 ;Allocation info for local variables in function 'reg_save_all'
                                    624 ;------------------------------------------------------------
                                    625 ;i             Allocated with name '_reg_save_all_i_10000_62'
                                    626 ;j             Allocated with name '_reg_save_all_j_10000_62'
                                    627 ;size          Allocated with name '_reg_save_all_size_10000_62'
                                    628 ;v             Allocated with name '_reg_save_all_v_10000_62'
                                    629 ;r             Allocated with name '_reg_save_all_r_10000_62'
                                    630 ;sloc0         Allocated with name '_reg_save_all_sloc0_1_0'
                                    631 ;sloc1         Allocated with name '_reg_save_all_sloc1_1_0'
                                    632 ;sloc2         Allocated with name '_reg_save_all_sloc2_1_0'
                                    633 ;------------------------------------------------------------
                                    634 ;	.\FwLib_STC8\user\reg_table.c:104: void reg_save_all(void) {
                                    635 ;	-----------------------------------------
                                    636 ;	 function reg_save_all
                                    637 ;	-----------------------------------------
      000000                        638 _reg_save_all:
                           000007   639 	ar7 = 0x07
                           000006   640 	ar6 = 0x06
                           000005   641 	ar5 = 0x05
                           000004   642 	ar4 = 0x04
                           000003   643 	ar3 = 0x03
                           000002   644 	ar2 = 0x02
                           000001   645 	ar1 = 0x01
                           000000   646 	ar0 = 0x00
                                    647 ;	.\FwLib_STC8\user\reg_table.c:109: IAP_SetWaitTime();
      000000 75 F5 16         [24]  648 	mov	_IAP_TPS,#0x16
                                    649 ;	.\FwLib_STC8\user\reg_table.c:110: IAP_SetEnabled(HAL_State_ON);
      000003 74 7F            [12]  650 	mov	a,#0x7f
      000005 55 C7            [12]  651 	anl	a,_IAP_CONTR
      000007 44 80            [12]  652 	orl	a,#0x80
      000009 F5 C7            [12]  653 	mov	_IAP_CONTR,a
                                    654 ;	.\FwLib_STC8\user\reg_table.c:111: IAP_CmdErase(0x0000); 
                                    655 ;	assignBit
      00000B C2 AF            [12]  656 	clr	_EA
      00000D E4               [12]  657 	clr	a
      00000E F5 C3            [12]  658 	mov	_IAP_ADDRH,a
      000010 F5 C4            [12]  659 	mov	_IAP_ADDRL,a
      000012 74 FC            [12]  660 	mov	a,#0xfc
      000014 55 C5            [12]  661 	anl	a,_IAP_CMD
      000016 44 03            [12]  662 	orl	a,#0x03
      000018 F5 C5            [12]  663 	mov	_IAP_CMD,a
      00001A 75 C6 5A         [24]  664 	mov	_IAP_TRIG,#0x5a
      00001D 75 C6 A5         [24]  665 	mov	_IAP_TRIG,#0xa5
      000020 00               [12]  666 	NOP	
      000021 00               [12]  667 	NOP	
      000022 53 C5 FC         [24]  668 	anl	_IAP_CMD,#0xfc
                                    669 ;	assignBit
      000025 D2 AF            [12]  670 	setb	_EA
                                    671 ;	.\FwLib_STC8\user\reg_table.c:113: for (i = 0; i < REG_TABLE_SIZE; i++) {
      000027 7F 00            [12]  672 	mov	r7,#0x00
      000029                        673 00122$:
                                    674 ;	.\FwLib_STC8\user\reg_table.c:114: r = &reg_table[i];
      000029 EF               [12]  675 	mov	a,r7
      00002A 75 F0 14         [24]  676 	mov	b,#0x14
      00002D A4               [48]  677 	mul	ab
      00002E 24r00            [12]  678 	add	a, #_reg_table
      000030 FD               [12]  679 	mov	r5,a
      000031 74s00            [12]  680 	mov	a,#(_reg_table >> 8)
      000033 35 F0            [12]  681 	addc	a, b
      000035 FC               [12]  682 	mov	r4,a
      000036 7E 80            [12]  683 	mov	r6,#0x80
      000038 90r00rA3         [24]  684 	mov	dptr,#_reg_save_all_r_10000_62
      00003B ED               [12]  685 	mov	a,r5
      00003C F0               [24]  686 	movx	@dptr,a
      00003D EC               [12]  687 	mov	a,r4
      00003E A3               [24]  688 	inc	dptr
      00003F F0               [24]  689 	movx	@dptr,a
      000040 EE               [12]  690 	mov	a,r6
      000041 A3               [24]  691 	inc	dptr
      000042 F0               [24]  692 	movx	@dptr,a
                                    693 ;	.\FwLib_STC8\user\reg_table.c:115: if (r->flags & REG_FLAG_VOLATILE) continue;
      000043 74 13            [12]  694 	mov	a,#0x13
      000045 2D               [12]  695 	add	a, r5
      000046 F9               [12]  696 	mov	r1,a
      000047 E4               [12]  697 	clr	a
      000048 3C               [12]  698 	addc	a, r4
      000049 FA               [12]  699 	mov	r2,a
      00004A 8E 03            [24]  700 	mov	ar3,r6
      00004C 89 82            [24]  701 	mov	dpl,r1
      00004E 8A 83            [24]  702 	mov	dph,r2
      000050 8B F0            [24]  703 	mov	b,r3
      000052 12r00r00         [24]  704 	lcall	__gptrget
      000055 30 E7 03         [24]  705 	jnb	acc.7,00169$
      000058 02r01rC1         [24]  706 	ljmp	00117$
      00005B                        707 00169$:
                                    708 ;	.\FwLib_STC8\user\reg_table.c:117: if (r->type == REG_U8) { v = *(uint8_t*)r->ram_ptr; size = 1; }
      00005B 74 04            [12]  709 	mov	a,#0x04
      00005D 2D               [12]  710 	add	a, r5
      00005E F9               [12]  711 	mov	r1,a
      00005F E4               [12]  712 	clr	a
      000060 3C               [12]  713 	addc	a, r4
      000061 FA               [12]  714 	mov	r2,a
      000062 8E 03            [24]  715 	mov	ar3,r6
      000064 89 82            [24]  716 	mov	dpl,r1
      000066 8A 83            [24]  717 	mov	dph,r2
      000068 8B F0            [24]  718 	mov	b,r3
      00006A 12r00r00         [24]  719 	lcall	__gptrget
      00006D FB               [12]  720 	mov	r3,a
      00006E 70 30            [24]  721 	jnz	00111$
      000070 74 05            [12]  722 	mov	a,#0x05
      000072 2D               [12]  723 	add	a, r5
      000073 F8               [12]  724 	mov	r0,a
      000074 E4               [12]  725 	clr	a
      000075 3C               [12]  726 	addc	a, r4
      000076 F9               [12]  727 	mov	r1,a
      000077 8E 02            [24]  728 	mov	ar2,r6
      000079 88 82            [24]  729 	mov	dpl,r0
      00007B 89 83            [24]  730 	mov	dph,r1
      00007D 8A F0            [24]  731 	mov	b,r2
      00007F 12r00r00         [24]  732 	lcall	__gptrget
      000082 F8               [12]  733 	mov	r0,a
      000083 A3               [24]  734 	inc	dptr
      000084 12r00r00         [24]  735 	lcall	__gptrget
      000087 F9               [12]  736 	mov	r1,a
      000088 88 82            [24]  737 	mov	dpl,r0
      00008A 89 83            [24]  738 	mov	dph,r1
      00008C E0               [24]  739 	movx	a,@dptr
      00008D 90r00r9F         [24]  740 	mov	dptr,#_reg_save_all_v_10000_62
      000090 F0               [24]  741 	movx	@dptr,a
      000091 E4               [12]  742 	clr	a
      000092 A3               [24]  743 	inc	dptr
      000093 F0               [24]  744 	movx	@dptr,a
      000094 A3               [24]  745 	inc	dptr
      000095 F0               [24]  746 	movx	@dptr,a
      000096 A3               [24]  747 	inc	dptr
      000097 F0               [24]  748 	movx	@dptr,a
      000098 90r00r9E         [24]  749 	mov	dptr,#_reg_save_all_size_10000_62
      00009B 04               [12]  750 	inc	a
      00009C F0               [24]  751 	movx	@dptr,a
      00009D 02r01r20         [24]  752 	ljmp	00129$
      0000A0                        753 00111$:
                                    754 ;	.\FwLib_STC8\user\reg_table.c:118: else if (r->type == REG_U16 || r->type == REG_I16) { v = *(uint16_t*)r->ram_ptr; size = 2; }
      0000A0 BB 01 02         [24]  755 	cjne	r3,#0x01,00171$
      0000A3 80 03            [24]  756 	sjmp	00106$
      0000A5                        757 00171$:
      0000A5 BB 03 3F         [24]  758 	cjne	r3,#0x03,00107$
      0000A8                        759 00106$:
      0000A8 90r00rA3         [24]  760 	mov	dptr,#_reg_save_all_r_10000_62
      0000AB E0               [24]  761 	movx	a,@dptr
      0000AC F9               [12]  762 	mov	r1,a
      0000AD A3               [24]  763 	inc	dptr
      0000AE E0               [24]  764 	movx	a,@dptr
      0000AF FA               [12]  765 	mov	r2,a
      0000B0 A3               [24]  766 	inc	dptr
      0000B1 E0               [24]  767 	movx	a,@dptr
      0000B2 FB               [12]  768 	mov	r3,a
      0000B3 74 05            [12]  769 	mov	a,#0x05
      0000B5 29               [12]  770 	add	a, r1
      0000B6 F9               [12]  771 	mov	r1,a
      0000B7 E4               [12]  772 	clr	a
      0000B8 3A               [12]  773 	addc	a, r2
      0000B9 FA               [12]  774 	mov	r2,a
      0000BA 89 82            [24]  775 	mov	dpl,r1
      0000BC 8A 83            [24]  776 	mov	dph,r2
      0000BE 8B F0            [24]  777 	mov	b,r3
      0000C0 12r00r00         [24]  778 	lcall	__gptrget
      0000C3 F9               [12]  779 	mov	r1,a
      0000C4 A3               [24]  780 	inc	dptr
      0000C5 12r00r00         [24]  781 	lcall	__gptrget
      0000C8 FA               [12]  782 	mov	r2,a
      0000C9 89 82            [24]  783 	mov	dpl,r1
      0000CB 8A 83            [24]  784 	mov	dph,r2
      0000CD E0               [24]  785 	movx	a,@dptr
      0000CE FA               [12]  786 	mov	r2,a
      0000CF A3               [24]  787 	inc	dptr
      0000D0 E0               [24]  788 	movx	a,@dptr
      0000D1 FB               [12]  789 	mov	r3,a
      0000D2 90r00r9F         [24]  790 	mov	dptr,#_reg_save_all_v_10000_62
      0000D5 EA               [12]  791 	mov	a,r2
      0000D6 F0               [24]  792 	movx	@dptr,a
      0000D7 EB               [12]  793 	mov	a,r3
      0000D8 A3               [24]  794 	inc	dptr
      0000D9 F0               [24]  795 	movx	@dptr,a
      0000DA E4               [12]  796 	clr	a
      0000DB A3               [24]  797 	inc	dptr
      0000DC F0               [24]  798 	movx	@dptr,a
      0000DD A3               [24]  799 	inc	dptr
      0000DE F0               [24]  800 	movx	@dptr,a
      0000DF 90r00r9E         [24]  801 	mov	dptr,#_reg_save_all_size_10000_62
      0000E2 74 02            [12]  802 	mov	a,#0x02
      0000E4 F0               [24]  803 	movx	@dptr,a
      0000E5 80 39            [24]  804 	sjmp	00129$
      0000E7                        805 00107$:
                                    806 ;	.\FwLib_STC8\user\reg_table.c:119: else { v = *(uint32_t*)r->ram_ptr; size = 4; }
      0000E7 74 05            [12]  807 	mov	a,#0x05
      0000E9 2D               [12]  808 	add	a, r5
      0000EA FD               [12]  809 	mov	r5,a
      0000EB E4               [12]  810 	clr	a
      0000EC 3C               [12]  811 	addc	a, r4
      0000ED FC               [12]  812 	mov	r4,a
      0000EE 8D 82            [24]  813 	mov	dpl,r5
      0000F0 8C 83            [24]  814 	mov	dph,r4
      0000F2 8E F0            [24]  815 	mov	b,r6
      0000F4 12r00r00         [24]  816 	lcall	__gptrget
      0000F7 FD               [12]  817 	mov	r5,a
      0000F8 A3               [24]  818 	inc	dptr
      0000F9 12r00r00         [24]  819 	lcall	__gptrget
      0000FC FC               [12]  820 	mov	r4,a
      0000FD 8D 82            [24]  821 	mov	dpl,r5
      0000FF 8C 83            [24]  822 	mov	dph,r4
      000101 E0               [24]  823 	movx	a,@dptr
      000102 FB               [12]  824 	mov	r3,a
      000103 A3               [24]  825 	inc	dptr
      000104 E0               [24]  826 	movx	a,@dptr
      000105 FC               [12]  827 	mov	r4,a
      000106 A3               [24]  828 	inc	dptr
      000107 E0               [24]  829 	movx	a,@dptr
      000108 FD               [12]  830 	mov	r5,a
      000109 A3               [24]  831 	inc	dptr
      00010A E0               [24]  832 	movx	a,@dptr
      00010B FE               [12]  833 	mov	r6,a
      00010C 90r00r9F         [24]  834 	mov	dptr,#_reg_save_all_v_10000_62
      00010F EB               [12]  835 	mov	a,r3
      000110 F0               [24]  836 	movx	@dptr,a
      000111 EC               [12]  837 	mov	a,r4
      000112 A3               [24]  838 	inc	dptr
      000113 F0               [24]  839 	movx	@dptr,a
      000114 ED               [12]  840 	mov	a,r5
      000115 A3               [24]  841 	inc	dptr
      000116 F0               [24]  842 	movx	@dptr,a
      000117 EE               [12]  843 	mov	a,r6
      000118 A3               [24]  844 	inc	dptr
      000119 F0               [24]  845 	movx	@dptr,a
      00011A 90r00r9E         [24]  846 	mov	dptr,#_reg_save_all_size_10000_62
      00011D 74 04            [12]  847 	mov	a,#0x04
      00011F F0               [24]  848 	movx	@dptr,a
                                    849 ;	.\FwLib_STC8\user\reg_table.c:121: for (j = 0; j < size; j++) {
      000120                        850 00129$:
      000120 90r00r9F         [24]  851 	mov	dptr,#_reg_save_all_v_10000_62
      000123 E0               [24]  852 	movx	a,@dptr
      000124 F5*02            [12]  853 	mov	_reg_save_all_sloc2_1_0,a
      000126 A3               [24]  854 	inc	dptr
      000127 E0               [24]  855 	movx	a,@dptr
      000128 F5*03            [12]  856 	mov	(_reg_save_all_sloc2_1_0 + 1),a
      00012A A3               [24]  857 	inc	dptr
      00012B E0               [24]  858 	movx	a,@dptr
      00012C F5*04            [12]  859 	mov	(_reg_save_all_sloc2_1_0 + 2),a
      00012E A3               [24]  860 	inc	dptr
      00012F E0               [24]  861 	movx	a,@dptr
      000130 F5*05            [12]  862 	mov	(_reg_save_all_sloc2_1_0 + 3),a
      000132 90r00rA3         [24]  863 	mov	dptr,#_reg_save_all_r_10000_62
      000135 E0               [24]  864 	movx	a,@dptr
      000136 F8               [12]  865 	mov	r0,a
      000137 A3               [24]  866 	inc	dptr
      000138 E0               [24]  867 	movx	a,@dptr
      000139 F9               [12]  868 	mov	r1,a
      00013A A3               [24]  869 	inc	dptr
      00013B E0               [24]  870 	movx	a,@dptr
      00013C FA               [12]  871 	mov	r2,a
      00013D 74 02            [12]  872 	mov	a,#0x02
      00013F 28               [12]  873 	add	a, r0
      000140 F8               [12]  874 	mov	r0,a
      000141 E4               [12]  875 	clr	a
      000142 39               [12]  876 	addc	a, r1
      000143 F9               [12]  877 	mov	r1,a
      000144 90r00r9E         [24]  878 	mov	dptr,#_reg_save_all_size_10000_62
      000147 E0               [24]  879 	movx	a,@dptr
      000148 F5*00            [12]  880 	mov	_reg_save_all_sloc0_1_0,a
      00014A 75*01 00         [24]  881 	mov	_reg_save_all_sloc1_1_0,#0x00
      00014D                        882 00120$:
      00014D C3               [12]  883 	clr	c
      00014E E5*01            [12]  884 	mov	a,_reg_save_all_sloc1_1_0
      000150 95*00            [12]  885 	subb	a,_reg_save_all_sloc0_1_0
      000152 50 6D            [24]  886 	jnc	00117$
                                    887 ;	.\FwLib_STC8\user\reg_table.c:122: IAP_WriteData((uint8_t)(v >> (8 * j)));
      000154 C0 07            [24]  888 	push	ar7
      000156 E5*01            [12]  889 	mov	a,_reg_save_all_sloc1_1_0
      000158 C4               [12]  890 	swap	a
      000159 03               [12]  891 	rr	a
      00015A 54 F8            [12]  892 	anl	a,#0xf8
      00015C F5 F0            [12]  893 	mov	b, a
      00015E 05 F0            [12]  894 	inc	b
      000160 AC*02            [24]  895 	mov	r4,_reg_save_all_sloc2_1_0
      000162 AD*03            [24]  896 	mov	r5,(_reg_save_all_sloc2_1_0 + 1)
      000164 AE*04            [24]  897 	mov	r6,(_reg_save_all_sloc2_1_0 + 2)
      000166 AF*05            [24]  898 	mov	r7,(_reg_save_all_sloc2_1_0 + 3)
      000168 80 0D            [24]  899 	sjmp	00176$
      00016A                        900 00175$:
      00016A C3               [12]  901 	clr	c
      00016B EF               [12]  902 	mov	a,r7
      00016C 13               [12]  903 	rrc	a
      00016D FF               [12]  904 	mov	r7,a
      00016E EE               [12]  905 	mov	a,r6
      00016F 13               [12]  906 	rrc	a
      000170 FE               [12]  907 	mov	r6,a
      000171 ED               [12]  908 	mov	a,r5
      000172 13               [12]  909 	rrc	a
      000173 FD               [12]  910 	mov	r5,a
      000174 EC               [12]  911 	mov	a,r4
      000175 13               [12]  912 	rrc	a
      000176 FC               [12]  913 	mov	r4,a
      000177                        914 00176$:
      000177 D5 F0 F0         [24]  915 	djnz	b,00175$
      00017A 8C C2            [24]  916 	mov	_IAP_DATA,r4
                                    917 ;	.\FwLib_STC8\user\reg_table.c:123: IAP_CmdWrite(r->eeprom_addr + j);    
                                    918 ;	assignBit
      00017C C2 AF            [12]  919 	clr	_EA
      00017E 88 82            [24]  920 	mov	dpl,r0
      000180 89 83            [24]  921 	mov	dph,r1
      000182 8A F0            [24]  922 	mov	b,r2
      000184 12r00r00         [24]  923 	lcall	__gptrget
      000187 FE               [12]  924 	mov	r6,a
      000188 A3               [24]  925 	inc	dptr
      000189 12r00r00         [24]  926 	lcall	__gptrget
      00018C FF               [12]  927 	mov	r7,a
      00018D AD*01            [24]  928 	mov	r5,_reg_save_all_sloc1_1_0
      00018F 7C 00            [12]  929 	mov	r4,#0x00
      000191 ED               [12]  930 	mov	a,r5
      000192 2E               [12]  931 	add	a, r6
      000193 FE               [12]  932 	mov	r6,a
      000194 EC               [12]  933 	mov	a,r4
      000195 3F               [12]  934 	addc	a, r7
      000196 F5 C3            [12]  935 	mov	_IAP_ADDRH, a
      000198 88 82            [24]  936 	mov	dpl,r0
      00019A 89 83            [24]  937 	mov	dph,r1
      00019C 8A F0            [24]  938 	mov	b,r2
      00019E 12r00r00         [24]  939 	lcall	__gptrget
      0001A1 FF               [12]  940 	mov	r7,a
      0001A2 25*01            [12]  941 	add	a,_reg_save_all_sloc1_1_0
      0001A4 F5 C4            [12]  942 	mov	_IAP_ADDRL,a
      0001A6 74 FC            [12]  943 	mov	a,#0xfc
      0001A8 55 C5            [12]  944 	anl	a,_IAP_CMD
      0001AA 44 02            [12]  945 	orl	a,#0x02
      0001AC F5 C5            [12]  946 	mov	_IAP_CMD,a
      0001AE 75 C6 5A         [24]  947 	mov	_IAP_TRIG,#0x5a
      0001B1 75 C6 A5         [24]  948 	mov	_IAP_TRIG,#0xa5
      0001B4 00               [12]  949 	NOP	
      0001B5 00               [12]  950 	NOP	
      0001B6 53 C5 FC         [24]  951 	anl	_IAP_CMD,#0xfc
                                    952 ;	assignBit
      0001B9 D2 AF            [12]  953 	setb	_EA
                                    954 ;	.\FwLib_STC8\user\reg_table.c:121: for (j = 0; j < size; j++) {
      0001BB 05*01            [12]  955 	inc	_reg_save_all_sloc1_1_0
      0001BD D0 07            [24]  956 	pop	ar7
      0001BF 80 8C            [24]  957 	sjmp	00120$
      0001C1                        958 00117$:
                                    959 ;	.\FwLib_STC8\user\reg_table.c:113: for (i = 0; i < REG_TABLE_SIZE; i++) {
      0001C1 0F               [12]  960 	inc	r7
      0001C2 BF 22 00         [24]  961 	cjne	r7,#0x22,00177$
      0001C5                        962 00177$:
      0001C5 50 03            [24]  963 	jnc	00178$
      0001C7 02r00r29         [24]  964 	ljmp	00122$
      0001CA                        965 00178$:
                                    966 ;	.\FwLib_STC8\user\reg_table.c:126: IAP_SetEnabled(HAL_State_OFF);
      0001CA 53 C7 7F         [24]  967 	anl	_IAP_CONTR,#0x7f
                                    968 ;	.\FwLib_STC8\user\reg_table.c:127: }
      0001CD 22               [24]  969 	ret
                                    970 ;------------------------------------------------------------
                                    971 ;Allocation info for local variables in function 'reg_load'
                                    972 ;------------------------------------------------------------
                                    973 ;r             Allocated with name '_reg_load_r_10000_72'
                                    974 ;v             Allocated with name '_reg_load_v_10000_73'
                                    975 ;size          Allocated with name '_reg_load_size_10000_73'
                                    976 ;i             Allocated with name '_reg_load_i_10000_73'
                                    977 ;sloc0         Allocated with name '_reg_load_sloc0_1_0'
                                    978 ;------------------------------------------------------------
                                    979 ;	.\FwLib_STC8\user\reg_table.c:129: void reg_load(const reg_desc_t *r) {
                                    980 ;	-----------------------------------------
                                    981 ;	 function reg_load
                                    982 ;	-----------------------------------------
      0001CE                        983 _reg_load:
      0001CE AF F0            [24]  984 	mov	r7,b
      0001D0 AE 83            [24]  985 	mov	r6,dph
      0001D2 E5 82            [12]  986 	mov	a,dpl
      0001D4 90r00rA6         [24]  987 	mov	dptr,#_reg_load_r_10000_72
      0001D7 F0               [24]  988 	movx	@dptr,a
      0001D8 EE               [12]  989 	mov	a,r6
      0001D9 A3               [24]  990 	inc	dptr
      0001DA F0               [24]  991 	movx	@dptr,a
      0001DB EF               [12]  992 	mov	a,r7
      0001DC A3               [24]  993 	inc	dptr
      0001DD F0               [24]  994 	movx	@dptr,a
                                    995 ;	.\FwLib_STC8\user\reg_table.c:130: uint32_t v = 0;
      0001DE 90r00rA9         [24]  996 	mov	dptr,#_reg_load_v_10000_73
      0001E1 E4               [12]  997 	clr	a
      0001E2 F0               [24]  998 	movx	@dptr,a
      0001E3 A3               [24]  999 	inc	dptr
      0001E4 F0               [24] 1000 	movx	@dptr,a
      0001E5 A3               [24] 1001 	inc	dptr
      0001E6 F0               [24] 1002 	movx	@dptr,a
      0001E7 A3               [24] 1003 	inc	dptr
      0001E8 F0               [24] 1004 	movx	@dptr,a
                                   1005 ;	.\FwLib_STC8\user\reg_table.c:133: if (r->flags & REG_FLAG_VOLATILE) return;
      0001E9 90r00rA6         [24] 1006 	mov	dptr,#_reg_load_r_10000_72
      0001EC E0               [24] 1007 	movx	a,@dptr
      0001ED FD               [12] 1008 	mov	r5,a
      0001EE A3               [24] 1009 	inc	dptr
      0001EF E0               [24] 1010 	movx	a,@dptr
      0001F0 FE               [12] 1011 	mov	r6,a
      0001F1 A3               [24] 1012 	inc	dptr
      0001F2 E0               [24] 1013 	movx	a,@dptr
      0001F3 FF               [12] 1014 	mov	r7,a
      0001F4 74 13            [12] 1015 	mov	a,#0x13
      0001F6 2D               [12] 1016 	add	a, r5
      0001F7 FA               [12] 1017 	mov	r2,a
      0001F8 E4               [12] 1018 	clr	a
      0001F9 3E               [12] 1019 	addc	a, r6
      0001FA FB               [12] 1020 	mov	r3,a
      0001FB 8F 04            [24] 1021 	mov	ar4,r7
      0001FD 8A 82            [24] 1022 	mov	dpl,r2
      0001FF 8B 83            [24] 1023 	mov	dph,r3
      000201 8C F0            [24] 1024 	mov	b,r4
      000203 12r00r00         [24] 1025 	lcall	__gptrget
      000206 30 E7 01         [24] 1026 	jnb	acc.7,00102$
      000209 22               [24] 1027 	ret
      00020A                       1028 00102$:
                                   1029 ;	.\FwLib_STC8\user\reg_table.c:135: switch (r->type) {
      00020A 74 04            [12] 1030 	mov	a,#0x04
      00020C 2D               [12] 1031 	add	a, r5
      00020D FD               [12] 1032 	mov	r5,a
      00020E E4               [12] 1033 	clr	a
      00020F 3E               [12] 1034 	addc	a, r6
      000210 FE               [12] 1035 	mov	r6,a
      000211 8D 82            [24] 1036 	mov	dpl,r5
      000213 8E 83            [24] 1037 	mov	dph,r6
      000215 8F F0            [24] 1038 	mov	b,r7
      000217 12r00r00         [24] 1039 	lcall	__gptrget
      00021A FF               [12] 1040 	mov	r7,a
      00021B 60 0A            [24] 1041 	jz	00103$
      00021D BF 01 02         [24] 1042 	cjne	r7,#0x01,00225$
      000220 80 0D            [24] 1043 	sjmp	00105$
      000222                       1044 00225$:
                                   1045 ;	.\FwLib_STC8\user\reg_table.c:136: case REG_U8:  size = 1; break;
      000222 BF 03 12         [24] 1046 	cjne	r7,#0x03,00106$
      000225 80 08            [24] 1047 	sjmp	00105$
      000227                       1048 00103$:
      000227 90r00rAD         [24] 1049 	mov	dptr,#_reg_load_size_10000_73
      00022A 74 01            [12] 1050 	mov	a,#0x01
      00022C F0               [24] 1051 	movx	@dptr,a
                                   1052 ;	.\FwLib_STC8\user\reg_table.c:138: case REG_I16: size = 2; break;
      00022D 80 0E            [24] 1053 	sjmp	00107$
      00022F                       1054 00105$:
      00022F 90r00rAD         [24] 1055 	mov	dptr,#_reg_load_size_10000_73
      000232 74 02            [12] 1056 	mov	a,#0x02
      000234 F0               [24] 1057 	movx	@dptr,a
                                   1058 ;	.\FwLib_STC8\user\reg_table.c:139: default:      size = 4; break;
      000235 80 06            [24] 1059 	sjmp	00107$
      000237                       1060 00106$:
      000237 90r00rAD         [24] 1061 	mov	dptr,#_reg_load_size_10000_73
      00023A 74 04            [12] 1062 	mov	a,#0x04
      00023C F0               [24] 1063 	movx	@dptr,a
                                   1064 ;	.\FwLib_STC8\user\reg_table.c:140: }
      00023D                       1065 00107$:
                                   1066 ;	.\FwLib_STC8\user\reg_table.c:142: IAP_SetWaitTime();
      00023D 75 F5 16         [24] 1067 	mov	_IAP_TPS,#0x16
                                   1068 ;	.\FwLib_STC8\user\reg_table.c:143: IAP_SetEnabled(HAL_State_ON);
      000240 74 7F            [12] 1069 	mov	a,#0x7f
      000242 55 C7            [12] 1070 	anl	a,_IAP_CONTR
      000244 44 80            [12] 1071 	orl	a,#0x80
      000246 F5 C7            [12] 1072 	mov	_IAP_CONTR,a
                                   1073 ;	.\FwLib_STC8\user\reg_table.c:144: for (i = 0; i < size; i++) {
      000248 90r00rA6         [24] 1074 	mov	dptr,#_reg_load_r_10000_72
      00024B E0               [24] 1075 	movx	a,@dptr
      00024C FD               [12] 1076 	mov	r5,a
      00024D A3               [24] 1077 	inc	dptr
      00024E E0               [24] 1078 	movx	a,@dptr
      00024F FE               [12] 1079 	mov	r6,a
      000250 A3               [24] 1080 	inc	dptr
      000251 E0               [24] 1081 	movx	a,@dptr
      000252 FF               [12] 1082 	mov	r7,a
      000253 74 02            [12] 1083 	mov	a,#0x02
      000255 2D               [12] 1084 	add	a, r5
      000256 FD               [12] 1085 	mov	r5,a
      000257 E4               [12] 1086 	clr	a
      000258 3E               [12] 1087 	addc	a, r6
      000259 FE               [12] 1088 	mov	r6,a
      00025A 90r00rAD         [24] 1089 	mov	dptr,#_reg_load_size_10000_73
      00025D E0               [24] 1090 	movx	a,@dptr
      00025E FC               [12] 1091 	mov	r4,a
      00025F 7B 00            [12] 1092 	mov	r3,#0x00
      000261                       1093 00134$:
      000261 C3               [12] 1094 	clr	c
      000262 EB               [12] 1095 	mov	a,r3
      000263 9C               [12] 1096 	subb	a,r4
      000264 40 03            [24] 1097 	jc	00227$
      000266 02r02rEE         [24] 1098 	ljmp	00111$
      000269                       1099 00227$:
                                   1100 ;	.\FwLib_STC8\user\reg_table.c:145: IAP_CmdRead(r->eeprom_addr + i);
      000269 C0 04            [24] 1101 	push	ar4
                                   1102 ;	assignBit
      00026B C2 AF            [12] 1103 	clr	_EA
      00026D 8D 82            [24] 1104 	mov	dpl,r5
      00026F 8E 83            [24] 1105 	mov	dph,r6
      000271 8F F0            [24] 1106 	mov	b,r7
      000273 12r00r00         [24] 1107 	lcall	__gptrget
      000276 F9               [12] 1108 	mov	r1,a
      000277 A3               [24] 1109 	inc	dptr
      000278 12r00r00         [24] 1110 	lcall	__gptrget
      00027B FA               [12] 1111 	mov	r2,a
      00027C 8B 00            [24] 1112 	mov	ar0,r3
      00027E 7C 00            [12] 1113 	mov	r4,#0x00
      000280 E8               [12] 1114 	mov	a,r0
      000281 29               [12] 1115 	add	a, r1
      000282 F9               [12] 1116 	mov	r1,a
      000283 EC               [12] 1117 	mov	a,r4
      000284 3A               [12] 1118 	addc	a, r2
      000285 FA               [12] 1119 	mov	r2,a
      000286 8A C3            [24] 1120 	mov	_IAP_ADDRH,r2
      000288 8D 82            [24] 1121 	mov	dpl,r5
      00028A 8E 83            [24] 1122 	mov	dph,r6
      00028C 8F F0            [24] 1123 	mov	b,r7
      00028E 12r00r00         [24] 1124 	lcall	__gptrget
      000291 FC               [12] 1125 	mov	r4,a
      000292 2B               [12] 1126 	add	a,r3
      000293 F5 C4            [12] 1127 	mov	_IAP_ADDRL,a
      000295 74 FC            [12] 1128 	mov	a,#0xfc
      000297 55 C5            [12] 1129 	anl	a,_IAP_CMD
      000299 44 01            [12] 1130 	orl	a,#0x01
      00029B F5 C5            [12] 1131 	mov	_IAP_CMD,a
      00029D 75 C6 5A         [24] 1132 	mov	_IAP_TRIG,#0x5a
      0002A0 75 C6 A5         [24] 1133 	mov	_IAP_TRIG,#0xa5
      0002A3 00               [12] 1134 	NOP	
      0002A4 00               [12] 1135 	NOP	
      0002A5 53 C5 FC         [24] 1136 	anl	_IAP_CMD,#0xfc
                                   1137 ;	assignBit
      0002A8 D2 AF            [12] 1138 	setb	_EA
                                   1139 ;	.\FwLib_STC8\user\reg_table.c:146: v |= ((uint32_t)IAP_ReadData()) << (8 * i);
      0002AA 85 C2*00         [24] 1140 	mov	_reg_load_sloc0_1_0,_IAP_DATA
      0002AD E4               [12] 1141 	clr	a
      0002AE F5*01            [12] 1142 	mov	(_reg_load_sloc0_1_0 + 1),a
      0002B0 F5*02            [12] 1143 	mov	(_reg_load_sloc0_1_0 + 2),a
      0002B2 F5*03            [12] 1144 	mov	(_reg_load_sloc0_1_0 + 3),a
      0002B4 EB               [12] 1145 	mov	a,r3
      0002B5 C4               [12] 1146 	swap	a
      0002B6 03               [12] 1147 	rr	a
      0002B7 54 F8            [12] 1148 	anl	a,#0xf8
      0002B9 F5 F0            [12] 1149 	mov	b, a
      0002BB 05 F0            [12] 1150 	inc	b
      0002BD A8*00            [24] 1151 	mov	r0,_reg_load_sloc0_1_0
      0002BF A9*01            [24] 1152 	mov	r1,(_reg_load_sloc0_1_0 + 1)
      0002C1 AA*02            [24] 1153 	mov	r2,(_reg_load_sloc0_1_0 + 2)
      0002C3 AC*03            [24] 1154 	mov	r4,(_reg_load_sloc0_1_0 + 3)
      0002C5 80 0C            [24] 1155 	sjmp	00229$
      0002C7                       1156 00228$:
      0002C7 E8               [12] 1157 	mov	a,r0
      0002C8 28               [12] 1158 	add	a,r0
      0002C9 F8               [12] 1159 	mov	r0,a
      0002CA E9               [12] 1160 	mov	a,r1
      0002CB 33               [12] 1161 	rlc	a
      0002CC F9               [12] 1162 	mov	r1,a
      0002CD EA               [12] 1163 	mov	a,r2
      0002CE 33               [12] 1164 	rlc	a
      0002CF FA               [12] 1165 	mov	r2,a
      0002D0 EC               [12] 1166 	mov	a,r4
      0002D1 33               [12] 1167 	rlc	a
      0002D2 FC               [12] 1168 	mov	r4,a
      0002D3                       1169 00229$:
      0002D3 D5 F0 F1         [24] 1170 	djnz	b,00228$
      0002D6 90r00rA9         [24] 1171 	mov	dptr,#_reg_load_v_10000_73
      0002D9 E0               [24] 1172 	movx	a,@dptr
      0002DA 48               [12] 1173 	orl	a,r0
      0002DB F0               [24] 1174 	movx	@dptr,a
      0002DC A3               [24] 1175 	inc	dptr
      0002DD E0               [24] 1176 	movx	a,@dptr
      0002DE 49               [12] 1177 	orl	a,r1
      0002DF F0               [24] 1178 	movx	@dptr,a
      0002E0 A3               [24] 1179 	inc	dptr
      0002E1 E0               [24] 1180 	movx	a,@dptr
      0002E2 4A               [12] 1181 	orl	a,r2
      0002E3 F0               [24] 1182 	movx	@dptr,a
      0002E4 A3               [24] 1183 	inc	dptr
      0002E5 E0               [24] 1184 	movx	a,@dptr
      0002E6 4C               [12] 1185 	orl	a,r4
      0002E7 F0               [24] 1186 	movx	@dptr,a
                                   1187 ;	.\FwLib_STC8\user\reg_table.c:144: for (i = 0; i < size; i++) {
      0002E8 0B               [12] 1188 	inc	r3
      0002E9 D0 04            [24] 1189 	pop	ar4
      0002EB 02r02r61         [24] 1190 	ljmp	00134$
      0002EE                       1191 00111$:
                                   1192 ;	.\FwLib_STC8\user\reg_table.c:148: IAP_SetEnabled(HAL_State_OFF);
      0002EE 53 C7 7F         [24] 1193 	anl	_IAP_CONTR,#0x7f
                                   1194 ;	.\FwLib_STC8\user\reg_table.c:157: if (r->type == REG_I16) v = (int16_t)v;
      0002F1 90r00rA6         [24] 1195 	mov	dptr,#_reg_load_r_10000_72
      0002F4 E0               [24] 1196 	movx	a,@dptr
      0002F5 FD               [12] 1197 	mov	r5,a
      0002F6 A3               [24] 1198 	inc	dptr
      0002F7 E0               [24] 1199 	movx	a,@dptr
      0002F8 FE               [12] 1200 	mov	r6,a
      0002F9 A3               [24] 1201 	inc	dptr
      0002FA E0               [24] 1202 	movx	a,@dptr
      0002FB FF               [12] 1203 	mov	r7,a
      0002FC 74 04            [12] 1204 	mov	a,#0x04
      0002FE 2D               [12] 1205 	add	a, r5
      0002FF FD               [12] 1206 	mov	r5,a
      000300 E4               [12] 1207 	clr	a
      000301 3E               [12] 1208 	addc	a, r6
      000302 FE               [12] 1209 	mov	r6,a
      000303 8D 82            [24] 1210 	mov	dpl,r5
      000305 8E 83            [24] 1211 	mov	dph,r6
      000307 8F F0            [24] 1212 	mov	b,r7
      000309 12r00r00         [24] 1213 	lcall	__gptrget
      00030C FF               [12] 1214 	mov	r7,a
      00030D BF 03 18         [24] 1215 	cjne	r7,#0x03,00113$
      000310 90r00rA9         [24] 1216 	mov	dptr,#_reg_load_v_10000_73
      000313 E0               [24] 1217 	movx	a,@dptr
      000314 FD               [12] 1218 	mov	r5,a
      000315 A3               [24] 1219 	inc	dptr
      000316 E0               [24] 1220 	movx	a,@dptr
      000317 FE               [12] 1221 	mov	r6,a
      000318 90r00rA9         [24] 1222 	mov	dptr,#_reg_load_v_10000_73
      00031B ED               [12] 1223 	mov	a,r5
      00031C F0               [24] 1224 	movx	@dptr,a
      00031D EE               [12] 1225 	mov	a,r6
      00031E A3               [24] 1226 	inc	dptr
      00031F F0               [24] 1227 	movx	@dptr,a
      000320 EE               [12] 1228 	mov	a,r6
      000321 33               [12] 1229 	rlc	a
      000322 95 E0            [12] 1230 	subb	a,acc
      000324 A3               [24] 1231 	inc	dptr
      000325 F0               [24] 1232 	movx	@dptr,a
      000326 A3               [24] 1233 	inc	dptr
      000327 F0               [24] 1234 	movx	@dptr,a
      000328                       1235 00113$:
                                   1236 ;	.\FwLib_STC8\user\reg_table.c:158: if (r->type == REG_I32) v = (int32_t)v;
      000328 BF 04 00         [24] 1237 	cjne	r7,#0x04,00115$
      00032B                       1238 00115$:
                                   1239 ;	.\FwLib_STC8\user\reg_table.c:160: if (v < r->min_val || v > r->max_val) v = r->default_val;
      00032B 90r00rA6         [24] 1240 	mov	dptr,#_reg_load_r_10000_72
      00032E E0               [24] 1241 	movx	a,@dptr
      00032F FD               [12] 1242 	mov	r5,a
      000330 A3               [24] 1243 	inc	dptr
      000331 E0               [24] 1244 	movx	a,@dptr
      000332 FE               [12] 1245 	mov	r6,a
      000333 A3               [24] 1246 	inc	dptr
      000334 E0               [24] 1247 	movx	a,@dptr
      000335 FF               [12] 1248 	mov	r7,a
      000336 74 0B            [12] 1249 	mov	a,#0x0b
      000338 2D               [12] 1250 	add	a, r5
      000339 FC               [12] 1251 	mov	r4,a
      00033A E4               [12] 1252 	clr	a
      00033B 3E               [12] 1253 	addc	a, r6
      00033C FA               [12] 1254 	mov	r2,a
      00033D 8F 03            [24] 1255 	mov	ar3,r7
      00033F 8C 82            [24] 1256 	mov	dpl,r4
      000341 8A 83            [24] 1257 	mov	dph,r2
      000343 8B F0            [24] 1258 	mov	b,r3
      000345 12r00r00         [24] 1259 	lcall	__gptrget
      000348 F9               [12] 1260 	mov	r1,a
      000349 A3               [24] 1261 	inc	dptr
      00034A 12r00r00         [24] 1262 	lcall	__gptrget
      00034D FA               [12] 1263 	mov	r2,a
      00034E A3               [24] 1264 	inc	dptr
      00034F 12r00r00         [24] 1265 	lcall	__gptrget
      000352 FB               [12] 1266 	mov	r3,a
      000353 A3               [24] 1267 	inc	dptr
      000354 12r00r00         [24] 1268 	lcall	__gptrget
      000357 FC               [12] 1269 	mov	r4,a
      000358 90r00rA9         [24] 1270 	mov	dptr,#_reg_load_v_10000_73
      00035B E0               [24] 1271 	movx	a,@dptr
      00035C F5*00            [12] 1272 	mov	_reg_load_sloc0_1_0,a
      00035E A3               [24] 1273 	inc	dptr
      00035F E0               [24] 1274 	movx	a,@dptr
      000360 F5*01            [12] 1275 	mov	(_reg_load_sloc0_1_0 + 1),a
      000362 A3               [24] 1276 	inc	dptr
      000363 E0               [24] 1277 	movx	a,@dptr
      000364 F5*02            [12] 1278 	mov	(_reg_load_sloc0_1_0 + 2),a
      000366 A3               [24] 1279 	inc	dptr
      000367 E0               [24] 1280 	movx	a,@dptr
      000368 F5*03            [12] 1281 	mov	(_reg_load_sloc0_1_0 + 3),a
      00036A C3               [12] 1282 	clr	c
      00036B E5*00            [12] 1283 	mov	a,_reg_load_sloc0_1_0
      00036D 99               [12] 1284 	subb	a,r1
      00036E E5*01            [12] 1285 	mov	a,(_reg_load_sloc0_1_0 + 1)
      000370 9A               [12] 1286 	subb	a,r2
      000371 E5*02            [12] 1287 	mov	a,(_reg_load_sloc0_1_0 + 2)
      000373 9B               [12] 1288 	subb	a,r3
      000374 E5*03            [12] 1289 	mov	a,(_reg_load_sloc0_1_0 + 3)
      000376 9C               [12] 1290 	subb	a,r4
      000377 40 2F            [24] 1291 	jc	00116$
      000379 74 0F            [12] 1292 	mov	a,#0x0f
      00037B 2D               [12] 1293 	add	a, r5
      00037C FD               [12] 1294 	mov	r5,a
      00037D E4               [12] 1295 	clr	a
      00037E 3E               [12] 1296 	addc	a, r6
      00037F FE               [12] 1297 	mov	r6,a
      000380 8D 82            [24] 1298 	mov	dpl,r5
      000382 8E 83            [24] 1299 	mov	dph,r6
      000384 8F F0            [24] 1300 	mov	b,r7
      000386 12r00r00         [24] 1301 	lcall	__gptrget
      000389 FD               [12] 1302 	mov	r5,a
      00038A A3               [24] 1303 	inc	dptr
      00038B 12r00r00         [24] 1304 	lcall	__gptrget
      00038E FE               [12] 1305 	mov	r6,a
      00038F A3               [24] 1306 	inc	dptr
      000390 12r00r00         [24] 1307 	lcall	__gptrget
      000393 FF               [12] 1308 	mov	r7,a
      000394 A3               [24] 1309 	inc	dptr
      000395 12r00r00         [24] 1310 	lcall	__gptrget
      000398 FC               [12] 1311 	mov	r4,a
      000399 C3               [12] 1312 	clr	c
      00039A ED               [12] 1313 	mov	a,r5
      00039B 95*00            [12] 1314 	subb	a,_reg_load_sloc0_1_0
      00039D EE               [12] 1315 	mov	a,r6
      00039E 95*01            [12] 1316 	subb	a,(_reg_load_sloc0_1_0 + 1)
      0003A0 EF               [12] 1317 	mov	a,r7
      0003A1 95*02            [12] 1318 	subb	a,(_reg_load_sloc0_1_0 + 2)
      0003A3 EC               [12] 1319 	mov	a,r4
      0003A4 95*03            [12] 1320 	subb	a,(_reg_load_sloc0_1_0 + 3)
      0003A6 50 39            [24] 1321 	jnc	00117$
      0003A8                       1322 00116$:
      0003A8 90r00rA6         [24] 1323 	mov	dptr,#_reg_load_r_10000_72
      0003AB E0               [24] 1324 	movx	a,@dptr
      0003AC FD               [12] 1325 	mov	r5,a
      0003AD A3               [24] 1326 	inc	dptr
      0003AE E0               [24] 1327 	movx	a,@dptr
      0003AF FE               [12] 1328 	mov	r6,a
      0003B0 A3               [24] 1329 	inc	dptr
      0003B1 E0               [24] 1330 	movx	a,@dptr
      0003B2 FF               [12] 1331 	mov	r7,a
      0003B3 74 07            [12] 1332 	mov	a,#0x07
      0003B5 2D               [12] 1333 	add	a, r5
      0003B6 FD               [12] 1334 	mov	r5,a
      0003B7 E4               [12] 1335 	clr	a
      0003B8 3E               [12] 1336 	addc	a, r6
      0003B9 FE               [12] 1337 	mov	r6,a
      0003BA 8D 82            [24] 1338 	mov	dpl,r5
      0003BC 8E 83            [24] 1339 	mov	dph,r6
      0003BE 8F F0            [24] 1340 	mov	b,r7
      0003C0 12r00r00         [24] 1341 	lcall	__gptrget
      0003C3 FD               [12] 1342 	mov	r5,a
      0003C4 A3               [24] 1343 	inc	dptr
      0003C5 12r00r00         [24] 1344 	lcall	__gptrget
      0003C8 FE               [12] 1345 	mov	r6,a
      0003C9 A3               [24] 1346 	inc	dptr
      0003CA 12r00r00         [24] 1347 	lcall	__gptrget
      0003CD FF               [12] 1348 	mov	r7,a
      0003CE A3               [24] 1349 	inc	dptr
      0003CF 12r00r00         [24] 1350 	lcall	__gptrget
      0003D2 FC               [12] 1351 	mov	r4,a
      0003D3 90r00rA9         [24] 1352 	mov	dptr,#_reg_load_v_10000_73
      0003D6 ED               [12] 1353 	mov	a,r5
      0003D7 F0               [24] 1354 	movx	@dptr,a
      0003D8 EE               [12] 1355 	mov	a,r6
      0003D9 A3               [24] 1356 	inc	dptr
      0003DA F0               [24] 1357 	movx	@dptr,a
      0003DB EF               [12] 1358 	mov	a,r7
      0003DC A3               [24] 1359 	inc	dptr
      0003DD F0               [24] 1360 	movx	@dptr,a
      0003DE EC               [12] 1361 	mov	a,r4
      0003DF A3               [24] 1362 	inc	dptr
      0003E0 F0               [24] 1363 	movx	@dptr,a
      0003E1                       1364 00117$:
                                   1365 ;	.\FwLib_STC8\user\reg_table.c:162: if (r->type == REG_U8) *(uint8_t*)r->ram_ptr = (uint8_t)v;
      0003E1 90r00rA6         [24] 1366 	mov	dptr,#_reg_load_r_10000_72
      0003E4 E0               [24] 1367 	movx	a,@dptr
      0003E5 FD               [12] 1368 	mov	r5,a
      0003E6 A3               [24] 1369 	inc	dptr
      0003E7 E0               [24] 1370 	movx	a,@dptr
      0003E8 FE               [12] 1371 	mov	r6,a
      0003E9 A3               [24] 1372 	inc	dptr
      0003EA E0               [24] 1373 	movx	a,@dptr
      0003EB FF               [12] 1374 	mov	r7,a
      0003EC 74 04            [12] 1375 	mov	a,#0x04
      0003EE 2D               [12] 1376 	add	a, r5
      0003EF FA               [12] 1377 	mov	r2,a
      0003F0 E4               [12] 1378 	clr	a
      0003F1 3E               [12] 1379 	addc	a, r6
      0003F2 FB               [12] 1380 	mov	r3,a
      0003F3 8F 04            [24] 1381 	mov	ar4,r7
      0003F5 8A 82            [24] 1382 	mov	dpl,r2
      0003F7 8B 83            [24] 1383 	mov	dph,r3
      0003F9 8C F0            [24] 1384 	mov	b,r4
      0003FB 12r00r00         [24] 1385 	lcall	__gptrget
      0003FE FC               [12] 1386 	mov	r4,a
      0003FF 70 22            [24] 1387 	jnz	00131$
      000401 74 05            [12] 1388 	mov	a,#0x05
      000403 2D               [12] 1389 	add	a, r5
      000404 F9               [12] 1390 	mov	r1,a
      000405 E4               [12] 1391 	clr	a
      000406 3E               [12] 1392 	addc	a, r6
      000407 FA               [12] 1393 	mov	r2,a
      000408 8F 03            [24] 1394 	mov	ar3,r7
      00040A 89 82            [24] 1395 	mov	dpl,r1
      00040C 8A 83            [24] 1396 	mov	dph,r2
      00040E 8B F0            [24] 1397 	mov	b,r3
      000410 12r00r00         [24] 1398 	lcall	__gptrget
      000413 F9               [12] 1399 	mov	r1,a
      000414 A3               [24] 1400 	inc	dptr
      000415 12r00r00         [24] 1401 	lcall	__gptrget
      000418 FA               [12] 1402 	mov	r2,a
      000419 90r00rA9         [24] 1403 	mov	dptr,#_reg_load_v_10000_73
      00041C E0               [24] 1404 	movx	a,@dptr
      00041D 89 82            [24] 1405 	mov	dpl,r1
      00041F 8A 83            [24] 1406 	mov	dph,r2
      000421 F0               [24] 1407 	movx	@dptr,a
      000422 22               [24] 1408 	ret
      000423                       1409 00131$:
                                   1410 ;	.\FwLib_STC8\user\reg_table.c:163: else if (r->type == REG_U16) *(uint16_t*)r->ram_ptr = (uint16_t)v;
      000423 BC 01 2A         [24] 1411 	cjne	r4,#0x01,00128$
      000426 74 05            [12] 1412 	mov	a,#0x05
      000428 2D               [12] 1413 	add	a, r5
      000429 F9               [12] 1414 	mov	r1,a
      00042A E4               [12] 1415 	clr	a
      00042B 3E               [12] 1416 	addc	a, r6
      00042C FA               [12] 1417 	mov	r2,a
      00042D 8F 03            [24] 1418 	mov	ar3,r7
      00042F 89 82            [24] 1419 	mov	dpl,r1
      000431 8A 83            [24] 1420 	mov	dph,r2
      000433 8B F0            [24] 1421 	mov	b,r3
      000435 12r00r00         [24] 1422 	lcall	__gptrget
      000438 F9               [12] 1423 	mov	r1,a
      000439 A3               [24] 1424 	inc	dptr
      00043A 12r00r00         [24] 1425 	lcall	__gptrget
      00043D FA               [12] 1426 	mov	r2,a
      00043E 90r00rA9         [24] 1427 	mov	dptr,#_reg_load_v_10000_73
      000441 E0               [24] 1428 	movx	a,@dptr
      000442 F8               [12] 1429 	mov	r0,a
      000443 A3               [24] 1430 	inc	dptr
      000444 E0               [24] 1431 	movx	a,@dptr
      000445 FB               [12] 1432 	mov	r3,a
      000446 89 82            [24] 1433 	mov	dpl,r1
      000448 8A 83            [24] 1434 	mov	dph,r2
      00044A E8               [12] 1435 	mov	a,r0
      00044B F0               [24] 1436 	movx	@dptr,a
      00044C EB               [12] 1437 	mov	a,r3
      00044D A3               [24] 1438 	inc	dptr
      00044E F0               [24] 1439 	movx	@dptr,a
      00044F 22               [24] 1440 	ret
      000450                       1441 00128$:
                                   1442 ;	.\FwLib_STC8\user\reg_table.c:164: else if (r->type == REG_I16) *(int16_t*)r->ram_ptr = (int16_t)v;
      000450 BC 03 2A         [24] 1443 	cjne	r4,#0x03,00125$
      000453 74 05            [12] 1444 	mov	a,#0x05
      000455 2D               [12] 1445 	add	a, r5
      000456 F9               [12] 1446 	mov	r1,a
      000457 E4               [12] 1447 	clr	a
      000458 3E               [12] 1448 	addc	a, r6
      000459 FA               [12] 1449 	mov	r2,a
      00045A 8F 03            [24] 1450 	mov	ar3,r7
      00045C 89 82            [24] 1451 	mov	dpl,r1
      00045E 8A 83            [24] 1452 	mov	dph,r2
      000460 8B F0            [24] 1453 	mov	b,r3
      000462 12r00r00         [24] 1454 	lcall	__gptrget
      000465 F9               [12] 1455 	mov	r1,a
      000466 A3               [24] 1456 	inc	dptr
      000467 12r00r00         [24] 1457 	lcall	__gptrget
      00046A FA               [12] 1458 	mov	r2,a
      00046B 90r00rA9         [24] 1459 	mov	dptr,#_reg_load_v_10000_73
      00046E E0               [24] 1460 	movx	a,@dptr
      00046F F8               [12] 1461 	mov	r0,a
      000470 A3               [24] 1462 	inc	dptr
      000471 E0               [24] 1463 	movx	a,@dptr
      000472 FB               [12] 1464 	mov	r3,a
      000473 89 82            [24] 1465 	mov	dpl,r1
      000475 8A 83            [24] 1466 	mov	dph,r2
      000477 E8               [12] 1467 	mov	a,r0
      000478 F0               [24] 1468 	movx	@dptr,a
      000479 EB               [12] 1469 	mov	a,r3
      00047A A3               [24] 1470 	inc	dptr
      00047B F0               [24] 1471 	movx	@dptr,a
      00047C 22               [24] 1472 	ret
      00047D                       1473 00125$:
                                   1474 ;	.\FwLib_STC8\user\reg_table.c:165: else if (r->type == REG_U32) *(uint32_t*)r->ram_ptr = (uint32_t)v;
      00047D BC 02 3C         [24] 1475 	cjne	r4,#0x02,00122$
      000480 74 05            [12] 1476 	mov	a,#0x05
      000482 2D               [12] 1477 	add	a, r5
      000483 F9               [12] 1478 	mov	r1,a
      000484 E4               [12] 1479 	clr	a
      000485 3E               [12] 1480 	addc	a, r6
      000486 FA               [12] 1481 	mov	r2,a
      000487 8F 03            [24] 1482 	mov	ar3,r7
      000489 89 82            [24] 1483 	mov	dpl,r1
      00048B 8A 83            [24] 1484 	mov	dph,r2
      00048D 8B F0            [24] 1485 	mov	b,r3
      00048F 12r00r00         [24] 1486 	lcall	__gptrget
      000492 F9               [12] 1487 	mov	r1,a
      000493 A3               [24] 1488 	inc	dptr
      000494 12r00r00         [24] 1489 	lcall	__gptrget
      000497 FA               [12] 1490 	mov	r2,a
      000498 89*00            [24] 1491 	mov	_reg_load_sloc0_1_0,r1
      00049A 8A*01            [24] 1492 	mov	(_reg_load_sloc0_1_0 + 1),r2
      00049C 90r00rA9         [24] 1493 	mov	dptr,#_reg_load_v_10000_73
      00049F E0               [24] 1494 	movx	a,@dptr
      0004A0 F9               [12] 1495 	mov	r1,a
      0004A1 A3               [24] 1496 	inc	dptr
      0004A2 E0               [24] 1497 	movx	a,@dptr
      0004A3 F8               [12] 1498 	mov	r0,a
      0004A4 A3               [24] 1499 	inc	dptr
      0004A5 E0               [24] 1500 	movx	a,@dptr
      0004A6 FA               [12] 1501 	mov	r2,a
      0004A7 A3               [24] 1502 	inc	dptr
      0004A8 E0               [24] 1503 	movx	a,@dptr
      0004A9 FB               [12] 1504 	mov	r3,a
      0004AA 85*00 82         [24] 1505 	mov	dpl,_reg_load_sloc0_1_0
      0004AD 85*01 83         [24] 1506 	mov	dph,(_reg_load_sloc0_1_0 + 1)
      0004B0 E9               [12] 1507 	mov	a,r1
      0004B1 F0               [24] 1508 	movx	@dptr,a
      0004B2 E8               [12] 1509 	mov	a,r0
      0004B3 A3               [24] 1510 	inc	dptr
      0004B4 F0               [24] 1511 	movx	@dptr,a
      0004B5 EA               [12] 1512 	mov	a,r2
      0004B6 A3               [24] 1513 	inc	dptr
      0004B7 F0               [24] 1514 	movx	@dptr,a
      0004B8 EB               [12] 1515 	mov	a,r3
      0004B9 A3               [24] 1516 	inc	dptr
      0004BA F0               [24] 1517 	movx	@dptr,a
      0004BB 22               [24] 1518 	ret
      0004BC                       1519 00122$:
                                   1520 ;	.\FwLib_STC8\user\reg_table.c:166: else if (r->type == REG_I32) *(int32_t*)r->ram_ptr = (int32_t)v;
      0004BC BC 04 33         [24] 1521 	cjne	r4,#0x04,00136$
      0004BF 74 05            [12] 1522 	mov	a,#0x05
      0004C1 2D               [12] 1523 	add	a, r5
      0004C2 FD               [12] 1524 	mov	r5,a
      0004C3 E4               [12] 1525 	clr	a
      0004C4 3E               [12] 1526 	addc	a, r6
      0004C5 FE               [12] 1527 	mov	r6,a
      0004C6 8D 82            [24] 1528 	mov	dpl,r5
      0004C8 8E 83            [24] 1529 	mov	dph,r6
      0004CA 8F F0            [24] 1530 	mov	b,r7
      0004CC 12r00r00         [24] 1531 	lcall	__gptrget
      0004CF FD               [12] 1532 	mov	r5,a
      0004D0 A3               [24] 1533 	inc	dptr
      0004D1 12r00r00         [24] 1534 	lcall	__gptrget
      0004D4 FE               [12] 1535 	mov	r6,a
      0004D5 90r00rA9         [24] 1536 	mov	dptr,#_reg_load_v_10000_73
      0004D8 E0               [24] 1537 	movx	a,@dptr
      0004D9 FA               [12] 1538 	mov	r2,a
      0004DA A3               [24] 1539 	inc	dptr
      0004DB E0               [24] 1540 	movx	a,@dptr
      0004DC FB               [12] 1541 	mov	r3,a
      0004DD A3               [24] 1542 	inc	dptr
      0004DE E0               [24] 1543 	movx	a,@dptr
      0004DF FC               [12] 1544 	mov	r4,a
      0004E0 A3               [24] 1545 	inc	dptr
      0004E1 E0               [24] 1546 	movx	a,@dptr
      0004E2 FF               [12] 1547 	mov	r7,a
      0004E3 8D 82            [24] 1548 	mov	dpl,r5
      0004E5 8E 83            [24] 1549 	mov	dph,r6
      0004E7 EA               [12] 1550 	mov	a,r2
      0004E8 F0               [24] 1551 	movx	@dptr,a
      0004E9 EB               [12] 1552 	mov	a,r3
      0004EA A3               [24] 1553 	inc	dptr
      0004EB F0               [24] 1554 	movx	@dptr,a
      0004EC EC               [12] 1555 	mov	a,r4
      0004ED A3               [24] 1556 	inc	dptr
      0004EE F0               [24] 1557 	movx	@dptr,a
      0004EF EF               [12] 1558 	mov	a,r7
      0004F0 A3               [24] 1559 	inc	dptr
      0004F1 F0               [24] 1560 	movx	@dptr,a
      0004F2                       1561 00136$:
                                   1562 ;	.\FwLib_STC8\user\reg_table.c:167: }
      0004F2 22               [24] 1563 	ret
                                   1564 ;------------------------------------------------------------
                                   1565 ;Allocation info for local variables in function 'reg_write'
                                   1566 ;------------------------------------------------------------
                                   1567 ;value         Allocated with name '_reg_write_PARM_2'
                                   1568 ;target        Allocated with name '_reg_write_target_10000_78'
                                   1569 ;i             Allocated with name '_reg_write_i_10000_79'
                                   1570 ;r             Allocated with name '_reg_write_r_10000_79'
                                   1571 ;------------------------------------------------------------
                                   1572 ;	.\FwLib_STC8\user\reg_table.c:169: uint8_t reg_write(void *target, int32_t value) {
                                   1573 ;	-----------------------------------------
                                   1574 ;	 function reg_write
                                   1575 ;	-----------------------------------------
      0004F3                       1576 _reg_write:
      0004F3 AF F0            [24] 1577 	mov	r7,b
      0004F5 AE 83            [24] 1578 	mov	r6,dph
      0004F7 E5 82            [12] 1579 	mov	a,dpl
      0004F9 90r00rB2         [24] 1580 	mov	dptr,#_reg_write_target_10000_78
      0004FC F0               [24] 1581 	movx	@dptr,a
      0004FD EE               [12] 1582 	mov	a,r6
      0004FE A3               [24] 1583 	inc	dptr
      0004FF F0               [24] 1584 	movx	@dptr,a
      000500 EF               [12] 1585 	mov	a,r7
      000501 A3               [24] 1586 	inc	dptr
      000502 F0               [24] 1587 	movx	@dptr,a
                                   1588 ;	.\FwLib_STC8\user\reg_table.c:171: const reg_desc_t *r = 0;
      000503 90r00rB5         [24] 1589 	mov	dptr,#_reg_write_r_10000_79
      000506 E4               [12] 1590 	clr	a
      000507 F0               [24] 1591 	movx	@dptr,a
      000508 A3               [24] 1592 	inc	dptr
      000509 F0               [24] 1593 	movx	@dptr,a
      00050A A3               [24] 1594 	inc	dptr
      00050B F0               [24] 1595 	movx	@dptr,a
                                   1596 ;	.\FwLib_STC8\user\reg_table.c:174: for (i = 0; i < REG_TABLE_SIZE; i++) {
      00050C FF               [12] 1597 	mov	r7,a
      00050D                       1598 00113$:
                                   1599 ;	.\FwLib_STC8\user\reg_table.c:175: if (reg_table[i].ram_ptr == target) {
      00050D EF               [12] 1600 	mov	a,r7
      00050E 75 F0 14         [24] 1601 	mov	b,#0x14
      000511 A4               [48] 1602 	mul	ab
      000512 24r00            [12] 1603 	add	a, #_reg_table
      000514 FD               [12] 1604 	mov	r5,a
      000515 74s00            [12] 1605 	mov	a,#(_reg_table >> 8)
      000517 35 F0            [12] 1606 	addc	a, b
      000519 FE               [12] 1607 	mov	r6,a
      00051A 8D 82            [24] 1608 	mov	dpl,r5
      00051C 8E 83            [24] 1609 	mov	dph,r6
      00051E A3               [24] 1610 	inc	dptr
      00051F A3               [24] 1611 	inc	dptr
      000520 A3               [24] 1612 	inc	dptr
      000521 A3               [24] 1613 	inc	dptr
      000522 A3               [24] 1614 	inc	dptr
      000523 E4               [12] 1615 	clr	a
      000524 93               [24] 1616 	movc	a,@a+dptr
      000525 FB               [12] 1617 	mov	r3,a
      000526 A3               [24] 1618 	inc	dptr
      000527 E4               [12] 1619 	clr	a
      000528 93               [24] 1620 	movc	a,@a+dptr
      000529 FC               [12] 1621 	mov	r4,a
      00052A 90r00rB2         [24] 1622 	mov	dptr,#_reg_write_target_10000_78
      00052D E0               [24] 1623 	movx	a,@dptr
      00052E F9               [12] 1624 	mov	r1,a
      00052F A3               [24] 1625 	inc	dptr
      000530 E0               [24] 1626 	movx	a,@dptr
      000531 FA               [12] 1627 	mov	r2,a
      000532 EB               [12] 1628 	mov	a,r3
      000533 B5 01 12         [24] 1629 	cjne	a,ar1,00114$
      000536 EC               [12] 1630 	mov	a,r4
      000537 B5 02 0E         [24] 1631 	cjne	a,ar2,00114$
                                   1632 ;	.\FwLib_STC8\user\reg_table.c:176: r = &reg_table[i];
      00053A 90r00rB5         [24] 1633 	mov	dptr,#_reg_write_r_10000_79
      00053D ED               [12] 1634 	mov	a,r5
      00053E F0               [24] 1635 	movx	@dptr,a
      00053F EE               [12] 1636 	mov	a,r6
      000540 A3               [24] 1637 	inc	dptr
      000541 F0               [24] 1638 	movx	@dptr,a
      000542 74 80            [12] 1639 	mov	a,#0x80
      000544 A3               [24] 1640 	inc	dptr
      000545 F0               [24] 1641 	movx	@dptr,a
                                   1642 ;	.\FwLib_STC8\user\reg_table.c:177: break;
      000546 80 06            [24] 1643 	sjmp	00103$
      000548                       1644 00114$:
                                   1645 ;	.\FwLib_STC8\user\reg_table.c:174: for (i = 0; i < REG_TABLE_SIZE; i++) {
      000548 0F               [12] 1646 	inc	r7
      000549 BF 22 00         [24] 1647 	cjne	r7,#0x22,00149$
      00054C                       1648 00149$:
      00054C 40 BF            [24] 1649 	jc	00113$
      00054E                       1650 00103$:
                                   1651 ;	.\FwLib_STC8\user\reg_table.c:182: if (!r) return 1;
      00054E 90r00rB5         [24] 1652 	mov	dptr,#_reg_write_r_10000_79
      000551 E0               [24] 1653 	movx	a,@dptr
      000552 FD               [12] 1654 	mov	r5,a
      000553 A3               [24] 1655 	inc	dptr
      000554 E0               [24] 1656 	movx	a,@dptr
      000555 FE               [12] 1657 	mov	r6,a
      000556 A3               [24] 1658 	inc	dptr
      000557 E0               [24] 1659 	movx	a,@dptr
      000558 FF               [12] 1660 	mov	r7,a
      000559 ED               [12] 1661 	mov	a,r5
      00055A 4E               [12] 1662 	orl	a,r6
      00055B 70 04            [24] 1663 	jnz	00105$
      00055D 75 82 01         [24] 1664 	mov	dpl, #0x01
      000560 22               [24] 1665 	ret
      000561                       1666 00105$:
                                   1667 ;	.\FwLib_STC8\user\reg_table.c:186: if (r->type == REG_U8) { 
      000561 74 04            [12] 1668 	mov	a,#0x04
      000563 2D               [12] 1669 	add	a, r5
      000564 FA               [12] 1670 	mov	r2,a
      000565 E4               [12] 1671 	clr	a
      000566 3E               [12] 1672 	addc	a, r6
      000567 FB               [12] 1673 	mov	r3,a
      000568 8F 04            [24] 1674 	mov	ar4,r7
      00056A 8A 82            [24] 1675 	mov	dpl,r2
      00056C 8B 83            [24] 1676 	mov	dph,r3
      00056E 8C F0            [24] 1677 	mov	b,r4
      000570 12r00r00         [24] 1678 	lcall	__gptrget
      000573 FC               [12] 1679 	mov	r4,a
      000574 70 23            [24] 1680 	jnz	00111$
                                   1681 ;	.\FwLib_STC8\user\reg_table.c:187: *(uint8_t*)r->ram_ptr = (uint8_t)value; 
      000576 74 05            [12] 1682 	mov	a,#0x05
      000578 2D               [12] 1683 	add	a, r5
      000579 F9               [12] 1684 	mov	r1,a
      00057A E4               [12] 1685 	clr	a
      00057B 3E               [12] 1686 	addc	a, r6
      00057C FA               [12] 1687 	mov	r2,a
      00057D 8F 03            [24] 1688 	mov	ar3,r7
      00057F 89 82            [24] 1689 	mov	dpl,r1
      000581 8A 83            [24] 1690 	mov	dph,r2
      000583 8B F0            [24] 1691 	mov	b,r3
      000585 12r00r00         [24] 1692 	lcall	__gptrget
      000588 F9               [12] 1693 	mov	r1,a
      000589 A3               [24] 1694 	inc	dptr
      00058A 12r00r00         [24] 1695 	lcall	__gptrget
      00058D FA               [12] 1696 	mov	r2,a
      00058E 90r00rAE         [24] 1697 	mov	dptr,#_reg_write_PARM_2
      000591 E0               [24] 1698 	movx	a,@dptr
      000592 89 82            [24] 1699 	mov	dpl,r1
      000594 8A 83            [24] 1700 	mov	dph,r2
      000596 F0               [24] 1701 	movx	@dptr,a
      000597 80 6F            [24] 1702 	sjmp	00112$
      000599                       1703 00111$:
                                   1704 ;	.\FwLib_STC8\user\reg_table.c:189: else if (r->type == REG_U16 || r->type == REG_I16) { 
      000599 BC 01 02         [24] 1705 	cjne	r4,#0x01,00153$
      00059C 80 03            [24] 1706 	sjmp	00106$
      00059E                       1707 00153$:
      00059E BC 03 34         [24] 1708 	cjne	r4,#0x03,00107$
      0005A1                       1709 00106$:
                                   1710 ;	.\FwLib_STC8\user\reg_table.c:190: *(uint16_t*)r->ram_ptr = (uint16_t)value; 
      0005A1 90r00rB5         [24] 1711 	mov	dptr,#_reg_write_r_10000_79
      0005A4 E0               [24] 1712 	movx	a,@dptr
      0005A5 FA               [12] 1713 	mov	r2,a
      0005A6 A3               [24] 1714 	inc	dptr
      0005A7 E0               [24] 1715 	movx	a,@dptr
      0005A8 FB               [12] 1716 	mov	r3,a
      0005A9 A3               [24] 1717 	inc	dptr
      0005AA E0               [24] 1718 	movx	a,@dptr
      0005AB FC               [12] 1719 	mov	r4,a
      0005AC 74 05            [12] 1720 	mov	a,#0x05
      0005AE 2A               [12] 1721 	add	a, r2
      0005AF FA               [12] 1722 	mov	r2,a
      0005B0 E4               [12] 1723 	clr	a
      0005B1 3B               [12] 1724 	addc	a, r3
      0005B2 FB               [12] 1725 	mov	r3,a
      0005B3 8A 82            [24] 1726 	mov	dpl,r2
      0005B5 8B 83            [24] 1727 	mov	dph,r3
      0005B7 8C F0            [24] 1728 	mov	b,r4
      0005B9 12r00r00         [24] 1729 	lcall	__gptrget
      0005BC FA               [12] 1730 	mov	r2,a
      0005BD A3               [24] 1731 	inc	dptr
      0005BE 12r00r00         [24] 1732 	lcall	__gptrget
      0005C1 FB               [12] 1733 	mov	r3,a
      0005C2 90r00rAE         [24] 1734 	mov	dptr,#_reg_write_PARM_2
      0005C5 E0               [24] 1735 	movx	a,@dptr
      0005C6 F9               [12] 1736 	mov	r1,a
      0005C7 A3               [24] 1737 	inc	dptr
      0005C8 E0               [24] 1738 	movx	a,@dptr
      0005C9 FC               [12] 1739 	mov	r4,a
      0005CA 8A 82            [24] 1740 	mov	dpl,r2
      0005CC 8B 83            [24] 1741 	mov	dph,r3
      0005CE E9               [12] 1742 	mov	a,r1
      0005CF F0               [24] 1743 	movx	@dptr,a
      0005D0 EC               [12] 1744 	mov	a,r4
      0005D1 A3               [24] 1745 	inc	dptr
      0005D2 F0               [24] 1746 	movx	@dptr,a
      0005D3 80 33            [24] 1747 	sjmp	00112$
      0005D5                       1748 00107$:
                                   1749 ;	.\FwLib_STC8\user\reg_table.c:193: *(uint32_t*)r->ram_ptr = (uint32_t)value; 
      0005D5 74 05            [12] 1750 	mov	a,#0x05
      0005D7 2D               [12] 1751 	add	a, r5
      0005D8 FD               [12] 1752 	mov	r5,a
      0005D9 E4               [12] 1753 	clr	a
      0005DA 3E               [12] 1754 	addc	a, r6
      0005DB FE               [12] 1755 	mov	r6,a
      0005DC 8D 82            [24] 1756 	mov	dpl,r5
      0005DE 8E 83            [24] 1757 	mov	dph,r6
      0005E0 8F F0            [24] 1758 	mov	b,r7
      0005E2 12r00r00         [24] 1759 	lcall	__gptrget
      0005E5 FD               [12] 1760 	mov	r5,a
      0005E6 A3               [24] 1761 	inc	dptr
      0005E7 12r00r00         [24] 1762 	lcall	__gptrget
      0005EA FE               [12] 1763 	mov	r6,a
      0005EB 90r00rAE         [24] 1764 	mov	dptr,#_reg_write_PARM_2
      0005EE E0               [24] 1765 	movx	a,@dptr
      0005EF FA               [12] 1766 	mov	r2,a
      0005F0 A3               [24] 1767 	inc	dptr
      0005F1 E0               [24] 1768 	movx	a,@dptr
      0005F2 FB               [12] 1769 	mov	r3,a
      0005F3 A3               [24] 1770 	inc	dptr
      0005F4 E0               [24] 1771 	movx	a,@dptr
      0005F5 FC               [12] 1772 	mov	r4,a
      0005F6 A3               [24] 1773 	inc	dptr
      0005F7 E0               [24] 1774 	movx	a,@dptr
      0005F8 FF               [12] 1775 	mov	r7,a
      0005F9 8D 82            [24] 1776 	mov	dpl,r5
      0005FB 8E 83            [24] 1777 	mov	dph,r6
      0005FD EA               [12] 1778 	mov	a,r2
      0005FE F0               [24] 1779 	movx	@dptr,a
      0005FF EB               [12] 1780 	mov	a,r3
      000600 A3               [24] 1781 	inc	dptr
      000601 F0               [24] 1782 	movx	@dptr,a
      000602 EC               [12] 1783 	mov	a,r4
      000603 A3               [24] 1784 	inc	dptr
      000604 F0               [24] 1785 	movx	@dptr,a
      000605 EF               [12] 1786 	mov	a,r7
      000606 A3               [24] 1787 	inc	dptr
      000607 F0               [24] 1788 	movx	@dptr,a
      000608                       1789 00112$:
                                   1790 ;	.\FwLib_STC8\user\reg_table.c:198: reg_save_all(); 
      000608 12r00r00         [24] 1791 	lcall	_reg_save_all
                                   1792 ;	.\FwLib_STC8\user\reg_table.c:200: return 0;
      00060B 75 82 00         [24] 1793 	mov	dpl, #0x00
                                   1794 ;	.\FwLib_STC8\user\reg_table.c:201: }
      00060E 22               [24] 1795 	ret
                                   1796 ;------------------------------------------------------------
                                   1797 ;Allocation info for local variables in function 'reg_load_all'
                                   1798 ;------------------------------------------------------------
                                   1799 ;i             Allocated with name '_reg_load_all_i_10000_87'
                                   1800 ;------------------------------------------------------------
                                   1801 ;	.\FwLib_STC8\user\reg_table.c:203: void reg_load_all(void) {
                                   1802 ;	-----------------------------------------
                                   1803 ;	 function reg_load_all
                                   1804 ;	-----------------------------------------
      00060F                       1805 _reg_load_all:
                                   1806 ;	.\FwLib_STC8\user\reg_table.c:205: for (i = 0; i < REG_TABLE_SIZE; i++) {
      00060F 7F 00            [12] 1807 	mov	r7,#0x00
      000611                       1808 00102$:
                                   1809 ;	.\FwLib_STC8\user\reg_table.c:206: reg_load(&reg_table[i]);
      000611 EF               [12] 1810 	mov	a,r7
      000612 75 F0 14         [24] 1811 	mov	b,#0x14
      000615 A4               [48] 1812 	mul	ab
      000616 24r00            [12] 1813 	add	a, #_reg_table
      000618 FD               [12] 1814 	mov	r5,a
      000619 74s00            [12] 1815 	mov	a,#(_reg_table >> 8)
      00061B 35 F0            [12] 1816 	addc	a, b
      00061D FE               [12] 1817 	mov	r6,a
      00061E 7C 80            [12] 1818 	mov	r4,#0x80
      000620 8D 82            [24] 1819 	mov	dpl, r5
      000622 8E 83            [24] 1820 	mov	dph, r6
      000624 8C F0            [24] 1821 	mov	b, r4
      000626 C0 07            [24] 1822 	push	ar7
      000628 12r01rCE         [24] 1823 	lcall	_reg_load
      00062B D0 07            [24] 1824 	pop	ar7
                                   1825 ;	.\FwLib_STC8\user\reg_table.c:205: for (i = 0; i < REG_TABLE_SIZE; i++) {
      00062D 0F               [12] 1826 	inc	r7
      00062E BF 22 00         [24] 1827 	cjne	r7,#0x22,00113$
      000631                       1828 00113$:
      000631 40 DE            [24] 1829 	jc	00102$
                                   1830 ;	.\FwLib_STC8\user\reg_table.c:208: }
      000633 22               [24] 1831 	ret
                                   1832 ;------------------------------------------------------------
                                   1833 ;Allocation info for local variables in function 'reg_init'
                                   1834 ;------------------------------------------------------------
                                   1835 ;ran_once      Allocated with name '_reg_init_ran_once_10000_91'
                                   1836 ;------------------------------------------------------------
                                   1837 ;	.\FwLib_STC8\user\reg_table.c:210: void reg_init(void) {
                                   1838 ;	-----------------------------------------
                                   1839 ;	 function reg_init
                                   1840 ;	-----------------------------------------
      000634                       1841 _reg_init:
                                   1842 ;	.\FwLib_STC8\user\reg_table.c:213: if (ran_once) {
      000634 90r00rB8         [24] 1843 	mov	dptr,#_reg_init_ran_once_10000_91
      000637 E0               [24] 1844 	movx	a,@dptr
      000638 60 0B            [24] 1845 	jz	00105$
                                   1846 ;	.\FwLib_STC8\user\reg_table.c:214: UART_SendString("REG_INIT CALLED AGAIN\r\n");
      00063A 90r02rA8         [24] 1847 	mov	dptr,#___str_0
      00063D 75 F0 80         [24] 1848 	mov	b, #0x80
      000640 12r00r00         [24] 1849 	lcall	_UART_SendString
                                   1850 ;	.\FwLib_STC8\user\reg_table.c:215: while (1);   // freeze here
      000643                       1851 00102$:
      000643 80 FE            [24] 1852 	sjmp	00102$
      000645                       1853 00105$:
                                   1854 ;	.\FwLib_STC8\user\reg_table.c:217: ran_once = 1;
      000645 90r00rB8         [24] 1855 	mov	dptr,#_reg_init_ran_once_10000_91
      000648 74 01            [12] 1856 	mov	a,#0x01
      00064A F0               [24] 1857 	movx	@dptr,a
                                   1858 ;	.\FwLib_STC8\user\reg_table.c:218: reg_load(&reg_table[REG_TABLE_SIZE - 1]);
      00064B 90r02r94         [24] 1859 	mov	dptr,#(_reg_table + 0x0294)
      00064E 75 F0 80         [24] 1860 	mov	b, #0x80
      000651 12r01rCE         [24] 1861 	lcall	_reg_load
                                   1862 ;	.\FwLib_STC8\user\reg_table.c:219: if (reg_magic_key == 0x55AA) {
      000654 90r00r9C         [24] 1863 	mov	dptr,#_reg_magic_key
      000657 E0               [24] 1864 	movx	a,@dptr
      000658 FE               [12] 1865 	mov	r6,a
      000659 A3               [24] 1866 	inc	dptr
      00065A E0               [24] 1867 	movx	a,@dptr
      00065B FF               [12] 1868 	mov	r7,a
      00065C BE AA 0F         [24] 1869 	cjne	r6,#0xaa,00107$
      00065F BF 55 0C         [24] 1870 	cjne	r7,#0x55,00107$
                                   1871 ;	.\FwLib_STC8\user\reg_table.c:220: UART_SendString("Valid Config Found. Loading...\r\n");
      000662 90r02rC0         [24] 1872 	mov	dptr,#___str_1
      000665 75 F0 80         [24] 1873 	mov	b, #0x80
      000668 12r00r00         [24] 1874 	lcall	_UART_SendString
                                   1875 ;	.\FwLib_STC8\user\reg_table.c:221: reg_load_all();
      00066B 02r06r0F         [24] 1876 	ljmp	_reg_load_all
      00066E                       1877 00107$:
                                   1878 ;	.\FwLib_STC8\user\reg_table.c:223: UART_SendString("No Config Found. Initializing Defaults...\r\n");
      00066E 90r02rE1         [24] 1879 	mov	dptr,#___str_2
      000671 75 F0 80         [24] 1880 	mov	b, #0x80
      000674 12r00r00         [24] 1881 	lcall	_UART_SendString
                                   1882 ;	.\FwLib_STC8\user\reg_table.c:224: reg_reset_defaults();
                                   1883 ;	.\FwLib_STC8\user\reg_table.c:226: }
      000677 02r06r7A         [24] 1884 	ljmp	_reg_reset_defaults
                                   1885 ;------------------------------------------------------------
                                   1886 ;Allocation info for local variables in function 'reg_reset_defaults'
                                   1887 ;------------------------------------------------------------
                                   1888 ;sloc0         Allocated with name '_reg_reset_defaults_sloc0_1_0'
                                   1889 ;sloc1         Allocated with name '_reg_reset_defaults_sloc1_1_0'
                                   1890 ;i             Allocated with name '_reg_reset_defaults_i_10000_96'
                                   1891 ;r             Allocated with name '_reg_reset_defaults_r_10000_96'
                                   1892 ;------------------------------------------------------------
                                   1893 ;	.\FwLib_STC8\user\reg_table.c:228: void reg_reset_defaults(void) {
                                   1894 ;	-----------------------------------------
                                   1895 ;	 function reg_reset_defaults
                                   1896 ;	-----------------------------------------
      00067A                       1897 _reg_reset_defaults:
                                   1898 ;	.\FwLib_STC8\user\reg_table.c:231: for (i = 0; i < REG_TABLE_SIZE; i++) {
      00067A 7F 00            [12] 1899 	mov	r7,#0x00
      00067C                       1900 00109$:
                                   1901 ;	.\FwLib_STC8\user\reg_table.c:232: r = &reg_table[i];
      00067C EF               [12] 1902 	mov	a,r7
      00067D 75 F0 14         [24] 1903 	mov	b,#0x14
      000680 A4               [48] 1904 	mul	ab
      000681 24r00            [12] 1905 	add	a, #_reg_table
      000683 FD               [12] 1906 	mov	r5,a
      000684 74s00            [12] 1907 	mov	a,#(_reg_table >> 8)
      000686 35 F0            [12] 1908 	addc	a, b
      000688 FC               [12] 1909 	mov	r4,a
      000689 7E 80            [12] 1910 	mov	r6,#0x80
      00068B 90r00rB9         [24] 1911 	mov	dptr,#_reg_reset_defaults_r_10000_96
      00068E ED               [12] 1912 	mov	a,r5
      00068F F0               [24] 1913 	movx	@dptr,a
      000690 EC               [12] 1914 	mov	a,r4
      000691 A3               [24] 1915 	inc	dptr
      000692 F0               [24] 1916 	movx	@dptr,a
      000693 EE               [12] 1917 	mov	a,r6
      000694 A3               [24] 1918 	inc	dptr
      000695 F0               [24] 1919 	movx	@dptr,a
                                   1920 ;	.\FwLib_STC8\user\reg_table.c:233: if (r->type == REG_U8) *(uint8_t*)r->ram_ptr = (uint8_t)r->default_val;
      000696 74 04            [12] 1921 	mov	a,#0x04
      000698 2D               [12] 1922 	add	a, r5
      000699 F9               [12] 1923 	mov	r1,a
      00069A E4               [12] 1924 	clr	a
      00069B 3C               [12] 1925 	addc	a, r4
      00069C FA               [12] 1926 	mov	r2,a
      00069D 8E 03            [24] 1927 	mov	ar3,r6
      00069F 89 82            [24] 1928 	mov	dpl,r1
      0006A1 8A 83            [24] 1929 	mov	dph,r2
      0006A3 8B F0            [24] 1930 	mov	b,r3
      0006A5 12r00r00         [24] 1931 	lcall	__gptrget
      0006A8 FB               [12] 1932 	mov	r3,a
      0006A9 70 3C            [24] 1933 	jnz	00106$
      0006AB C0 07            [24] 1934 	push	ar7
      0006AD 74 05            [12] 1935 	mov	a,#0x05
      0006AF 2D               [12] 1936 	add	a, r5
      0006B0 F8               [12] 1937 	mov	r0,a
      0006B1 E4               [12] 1938 	clr	a
      0006B2 3C               [12] 1939 	addc	a, r4
      0006B3 F9               [12] 1940 	mov	r1,a
      0006B4 8E 02            [24] 1941 	mov	ar2,r6
      0006B6 88 82            [24] 1942 	mov	dpl,r0
      0006B8 89 83            [24] 1943 	mov	dph,r1
      0006BA 8A F0            [24] 1944 	mov	b,r2
      0006BC 12r00r00         [24] 1945 	lcall	__gptrget
      0006BF F8               [12] 1946 	mov	r0,a
      0006C0 A3               [24] 1947 	inc	dptr
      0006C1 12r00r00         [24] 1948 	lcall	__gptrget
      0006C4 F9               [12] 1949 	mov	r1,a
      0006C5 88*00            [24] 1950 	mov	_reg_reset_defaults_sloc0_1_0,r0
      0006C7 89*01            [24] 1951 	mov	(_reg_reset_defaults_sloc0_1_0 + 1),r1
      0006C9 74 07            [12] 1952 	mov	a,#0x07
      0006CB 2D               [12] 1953 	add	a, r5
      0006CC F9               [12] 1954 	mov	r1,a
      0006CD E4               [12] 1955 	clr	a
      0006CE 3C               [12] 1956 	addc	a, r4
      0006CF FA               [12] 1957 	mov	r2,a
      0006D0 8E 07            [24] 1958 	mov	ar7,r6
      0006D2 89 82            [24] 1959 	mov	dpl,r1
      0006D4 8A 83            [24] 1960 	mov	dph,r2
      0006D6 8F F0            [24] 1961 	mov	b,r7
      0006D8 12r00r00         [24] 1962 	lcall	__gptrget
      0006DB 85*00 82         [24] 1963 	mov	dpl,_reg_reset_defaults_sloc0_1_0
      0006DE 85*01 83         [24] 1964 	mov	dph,(_reg_reset_defaults_sloc0_1_0 + 1)
      0006E1 F0               [24] 1965 	movx	@dptr,a
      0006E2 D0 07            [24] 1966 	pop	ar7
      0006E4 02r07r87         [24] 1967 	ljmp	00110$
      0006E7                       1968 00106$:
                                   1969 ;	.\FwLib_STC8\user\reg_table.c:234: else if (r->type == REG_U16 || r->type == REG_I16) *(uint16_t*)r->ram_ptr = (uint16_t)r->default_val;
      0006E7 BB 01 02         [24] 1970 	cjne	r3,#0x01,00139$
      0006EA 80 03            [24] 1971 	sjmp	00101$
      0006EC                       1972 00139$:
      0006EC BB 03 51         [24] 1973 	cjne	r3,#0x03,00102$
      0006EF                       1974 00101$:
      0006EF C0 07            [24] 1975 	push	ar7
      0006F1 90r00rB9         [24] 1976 	mov	dptr,#_reg_reset_defaults_r_10000_96
      0006F4 E0               [24] 1977 	movx	a,@dptr
      0006F5 F5*02            [12] 1978 	mov	_reg_reset_defaults_sloc1_1_0,a
      0006F7 A3               [24] 1979 	inc	dptr
      0006F8 E0               [24] 1980 	movx	a,@dptr
      0006F9 F5*03            [12] 1981 	mov	(_reg_reset_defaults_sloc1_1_0 + 1),a
      0006FB A3               [24] 1982 	inc	dptr
      0006FC E0               [24] 1983 	movx	a,@dptr
      0006FD F5*04            [12] 1984 	mov	(_reg_reset_defaults_sloc1_1_0 + 2),a
      0006FF 74 05            [12] 1985 	mov	a,#0x05
      000701 25*02            [12] 1986 	add	a, _reg_reset_defaults_sloc1_1_0
      000703 F8               [12] 1987 	mov	r0,a
      000704 E4               [12] 1988 	clr	a
      000705 35*03            [12] 1989 	addc	a, (_reg_reset_defaults_sloc1_1_0 + 1)
      000707 FB               [12] 1990 	mov	r3,a
      000708 AF*04            [24] 1991 	mov	r7,(_reg_reset_defaults_sloc1_1_0 + 2)
      00070A 88 82            [24] 1992 	mov	dpl,r0
      00070C 8B 83            [24] 1993 	mov	dph,r3
      00070E 8F F0            [24] 1994 	mov	b,r7
      000710 12r00r00         [24] 1995 	lcall	__gptrget
      000713 F8               [12] 1996 	mov	r0,a
      000714 A3               [24] 1997 	inc	dptr
      000715 12r00r00         [24] 1998 	lcall	__gptrget
      000718 FB               [12] 1999 	mov	r3,a
      000719 74 07            [12] 2000 	mov	a,#0x07
      00071B 25*02            [12] 2001 	add	a, _reg_reset_defaults_sloc1_1_0
      00071D F9               [12] 2002 	mov	r1,a
      00071E E4               [12] 2003 	clr	a
      00071F 35*03            [12] 2004 	addc	a, (_reg_reset_defaults_sloc1_1_0 + 1)
      000721 FA               [12] 2005 	mov	r2,a
      000722 AF*04            [24] 2006 	mov	r7,(_reg_reset_defaults_sloc1_1_0 + 2)
      000724 89 82            [24] 2007 	mov	dpl,r1
      000726 8A 83            [24] 2008 	mov	dph,r2
      000728 8F F0            [24] 2009 	mov	b,r7
      00072A 12r00r00         [24] 2010 	lcall	__gptrget
      00072D F9               [12] 2011 	mov	r1,a
      00072E A3               [24] 2012 	inc	dptr
      00072F 12r00r00         [24] 2013 	lcall	__gptrget
      000732 FA               [12] 2014 	mov	r2,a
      000733 88 82            [24] 2015 	mov	dpl,r0
      000735 8B 83            [24] 2016 	mov	dph,r3
      000737 E9               [12] 2017 	mov	a,r1
      000738 F0               [24] 2018 	movx	@dptr,a
      000739 EA               [12] 2019 	mov	a,r2
      00073A A3               [24] 2020 	inc	dptr
      00073B F0               [24] 2021 	movx	@dptr,a
      00073C D0 07            [24] 2022 	pop	ar7
      00073E 80 47            [24] 2023 	sjmp	00110$
      000740                       2024 00102$:
                                   2025 ;	.\FwLib_STC8\user\reg_table.c:235: else *(uint32_t*)r->ram_ptr = (uint32_t)r->default_val;
      000740 74 05            [12] 2026 	mov	a,#0x05
      000742 2D               [12] 2027 	add	a, r5
      000743 F9               [12] 2028 	mov	r1,a
      000744 E4               [12] 2029 	clr	a
      000745 3C               [12] 2030 	addc	a, r4
      000746 FA               [12] 2031 	mov	r2,a
      000747 8E 03            [24] 2032 	mov	ar3,r6
      000749 89 82            [24] 2033 	mov	dpl,r1
      00074B 8A 83            [24] 2034 	mov	dph,r2
      00074D 8B F0            [24] 2035 	mov	b,r3
      00074F 12r00r00         [24] 2036 	lcall	__gptrget
      000752 F9               [12] 2037 	mov	r1,a
      000753 A3               [24] 2038 	inc	dptr
      000754 12r00r00         [24] 2039 	lcall	__gptrget
      000757 FA               [12] 2040 	mov	r2,a
      000758 74 07            [12] 2041 	mov	a,#0x07
      00075A 2D               [12] 2042 	add	a, r5
      00075B FD               [12] 2043 	mov	r5,a
      00075C E4               [12] 2044 	clr	a
      00075D 3C               [12] 2045 	addc	a, r4
      00075E FC               [12] 2046 	mov	r4,a
      00075F 8D 82            [24] 2047 	mov	dpl,r5
      000761 8C 83            [24] 2048 	mov	dph,r4
      000763 8E F0            [24] 2049 	mov	b,r6
      000765 12r00r00         [24] 2050 	lcall	__gptrget
      000768 FD               [12] 2051 	mov	r5,a
      000769 A3               [24] 2052 	inc	dptr
      00076A 12r00r00         [24] 2053 	lcall	__gptrget
      00076D FC               [12] 2054 	mov	r4,a
      00076E A3               [24] 2055 	inc	dptr
      00076F 12r00r00         [24] 2056 	lcall	__gptrget
      000772 FE               [12] 2057 	mov	r6,a
      000773 A3               [24] 2058 	inc	dptr
      000774 12r00r00         [24] 2059 	lcall	__gptrget
      000777 FB               [12] 2060 	mov	r3,a
      000778 89 82            [24] 2061 	mov	dpl,r1
      00077A 8A 83            [24] 2062 	mov	dph,r2
      00077C ED               [12] 2063 	mov	a,r5
      00077D F0               [24] 2064 	movx	@dptr,a
      00077E EC               [12] 2065 	mov	a,r4
      00077F A3               [24] 2066 	inc	dptr
      000780 F0               [24] 2067 	movx	@dptr,a
      000781 EE               [12] 2068 	mov	a,r6
      000782 A3               [24] 2069 	inc	dptr
      000783 F0               [24] 2070 	movx	@dptr,a
      000784 EB               [12] 2071 	mov	a,r3
      000785 A3               [24] 2072 	inc	dptr
      000786 F0               [24] 2073 	movx	@dptr,a
      000787                       2074 00110$:
                                   2075 ;	.\FwLib_STC8\user\reg_table.c:231: for (i = 0; i < REG_TABLE_SIZE; i++) {
      000787 0F               [12] 2076 	inc	r7
      000788 BF 22 00         [24] 2077 	cjne	r7,#0x22,00142$
      00078B                       2078 00142$:
      00078B 50 03            [24] 2079 	jnc	00143$
      00078D 02r06r7C         [24] 2080 	ljmp	00109$
      000790                       2081 00143$:
                                   2082 ;	.\FwLib_STC8\user\reg_table.c:237: reg_save_all();
                                   2083 ;	.\FwLib_STC8\user\reg_table.c:238: }
      000790 02r00r00         [24] 2084 	ljmp	_reg_save_all
                                   2085 	.area CSEG    (CODE)
                                   2086 	.area CONST   (CODE)
                                   2087 	.area CONST   (CODE)
      000000                       2088 _reg_table:
      000000 00 00                 2089 	.byte #0x00, #0x00	; 0
      000002 00 00                 2090 	.byte #0x00, #0x00	; 0
      000004 04                    2091 	.db #0x04	; 4
      000005r04s00                 2092 	.byte _reg_measuring_val, (_reg_measuring_val >> 8)
      000007 00 00 00 00           2093 	.byte #0x00, #0x00, #0x00, #0x00	;  0
      00000B 00 00 00 80           2094 	.byte #0x00, #0x00, #0x00, #0x80	; -2147483648
      00000F FF FF FF 7F           2095 	.byte #0xff, #0xff, #0xff, #0x7f	;  2147483647
      000013 80                    2096 	.db #0x80	; 128
      000014 02 00                 2097 	.byte #0x02, #0x00	; 2
      000016 04 00                 2098 	.byte #0x04, #0x00	; 4
      000018 04                    2099 	.db #0x04	; 4
      000019r08s00                 2100 	.byte _reg_station_id, (_reg_station_id >> 8)
      00001B 01 00 00 00           2101 	.byte #0x01, #0x00, #0x00, #0x00	;  1
      00001F 01 00 00 00           2102 	.byte #0x01, #0x00, #0x00, #0x00	;  1
      000023 FE 00 00 00           2103 	.byte #0xfe, #0x00, #0x00, #0x00	;  254
      000027 00                    2104 	.db #0x00	; 0
      000028 04 00                 2105 	.byte #0x04, #0x00	; 4
      00002A 08 00                 2106 	.byte #0x08, #0x00	; 8
      00002C 04                    2107 	.db #0x04	; 4
      00002Dr0Cs00                 2108 	.byte _reg_offset_val, (_reg_offset_val >> 8)
      00002F 00 00 00 00           2109 	.byte #0x00, #0x00, #0x00, #0x00	;  0
      000033 00 00 00 80           2110 	.byte #0x00, #0x00, #0x00, #0x80	; -2147483648
      000037 FF FF FF 7F           2111 	.byte #0xff, #0xff, #0xff, #0x7f	;  2147483647
      00003B 00                    2112 	.db #0x00	; 0
      00003C 06 00                 2113 	.byte #0x06, #0x00	; 6
      00003E 0C 00                 2114 	.byte #0x0c, #0x00	; 12
      000040 04                    2115 	.db #0x04	; 4
      000041r10s00                 2116 	.byte _reg_cal_points_num, (_reg_cal_points_num >> 8)
      000043 02 00 00 00           2117 	.byte #0x02, #0x00, #0x00, #0x00	;  2
      000047 02 00 00 00           2118 	.byte #0x02, #0x00, #0x00, #0x00	;  2
      00004B 09 00 00 00           2119 	.byte #0x09, #0x00, #0x00, #0x00	;  9
      00004F 00                    2120 	.db #0x00	; 0
      000050 08 00                 2121 	.byte #0x08, #0x00	; 8
      000052 10 00                 2122 	.byte #0x10, #0x00	; 16
      000054 04                    2123 	.db #0x04	; 4
      000055r14s00                 2124 	.byte (_reg_avp + 0), ((_reg_avp + 0) >> 8)
      000057 00 00 00 00           2125 	.byte #0x00, #0x00, #0x00, #0x00	;  0
      00005B 00 00 00 80           2126 	.byte #0x00, #0x00, #0x00, #0x80	; -2147483648
      00005F FF FF FF 7F           2127 	.byte #0xff, #0xff, #0xff, #0x7f	;  2147483647
      000063 00                    2128 	.db #0x00	; 0
      000064 0A 00                 2129 	.byte #0x0a, #0x00	; 10
      000066 14 00                 2130 	.byte #0x14, #0x00	; 20
      000068 04                    2131 	.db #0x04	; 4
      000069r18s00                 2132 	.byte (_reg_avp + 4), ((_reg_avp + 4) >> 8)
      00006B 00 00 00 00           2133 	.byte #0x00, #0x00, #0x00, #0x00	;  0
      00006F 00 00 00 80           2134 	.byte #0x00, #0x00, #0x00, #0x80	; -2147483648
      000073 FF FF FF 7F           2135 	.byte #0xff, #0xff, #0xff, #0x7f	;  2147483647
      000077 00                    2136 	.db #0x00	; 0
      000078 0C 00                 2137 	.byte #0x0c, #0x00	; 12
      00007A 18 00                 2138 	.byte #0x18, #0x00	; 24
      00007C 04                    2139 	.db #0x04	; 4
      00007Dr1Cs00                 2140 	.byte (_reg_avp + 8), ((_reg_avp + 8) >> 8)
      00007F 00 00 00 00           2141 	.byte #0x00, #0x00, #0x00, #0x00	;  0
      000083 00 00 00 80           2142 	.byte #0x00, #0x00, #0x00, #0x80	; -2147483648
      000087 FF FF FF 7F           2143 	.byte #0xff, #0xff, #0xff, #0x7f	;  2147483647
      00008B 00                    2144 	.db #0x00	; 0
      00008C 0E 00                 2145 	.byte #0x0e, #0x00	; 14
      00008E 1C 00                 2146 	.byte #0x1c, #0x00	; 28
      000090 04                    2147 	.db #0x04	; 4
      000091r20s00                 2148 	.byte (_reg_avp + 12), ((_reg_avp + 12) >> 8)
      000093 00 00 00 00           2149 	.byte #0x00, #0x00, #0x00, #0x00	;  0
      000097 00 00 00 80           2150 	.byte #0x00, #0x00, #0x00, #0x80	; -2147483648
      00009B FF FF FF 7F           2151 	.byte #0xff, #0xff, #0xff, #0x7f	;  2147483647
      00009F 00                    2152 	.db #0x00	; 0
      0000A0 10 00                 2153 	.byte #0x10, #0x00	; 16
      0000A2 20 00                 2154 	.byte #0x20, #0x00	; 32
      0000A4 04                    2155 	.db #0x04	; 4
      0000A5r24s00                 2156 	.byte (_reg_avp + 16), ((_reg_avp + 16) >> 8)
      0000A7 00 00 00 00           2157 	.byte #0x00, #0x00, #0x00, #0x00	;  0
      0000AB 00 00 00 80           2158 	.byte #0x00, #0x00, #0x00, #0x80	; -2147483648
      0000AF FF FF FF 7F           2159 	.byte #0xff, #0xff, #0xff, #0x7f	;  2147483647
      0000B3 00                    2160 	.db #0x00	; 0
      0000B4 12 00                 2161 	.byte #0x12, #0x00	; 18
      0000B6 24 00                 2162 	.byte #0x24, #0x00	; 36
      0000B8 04                    2163 	.db #0x04	; 4
      0000B9r28s00                 2164 	.byte (_reg_avp + 20), ((_reg_avp + 20) >> 8)
      0000BB 00 00 00 00           2165 	.byte #0x00, #0x00, #0x00, #0x00	;  0
      0000BF 00 00 00 80           2166 	.byte #0x00, #0x00, #0x00, #0x80	; -2147483648
      0000C3 FF FF FF 7F           2167 	.byte #0xff, #0xff, #0xff, #0x7f	;  2147483647
      0000C7 00                    2168 	.db #0x00	; 0
      0000C8 14 00                 2169 	.byte #0x14, #0x00	; 20
      0000CA 28 00                 2170 	.byte #0x28, #0x00	; 40
      0000CC 04                    2171 	.db #0x04	; 4
      0000CDr2Cs00                 2172 	.byte (_reg_avp + 24), ((_reg_avp + 24) >> 8)
      0000CF 00 00 00 00           2173 	.byte #0x00, #0x00, #0x00, #0x00	;  0
      0000D3 00 00 00 80           2174 	.byte #0x00, #0x00, #0x00, #0x80	; -2147483648
      0000D7 FF FF FF 7F           2175 	.byte #0xff, #0xff, #0xff, #0x7f	;  2147483647
      0000DB 00                    2176 	.db #0x00	; 0
      0000DC 16 00                 2177 	.byte #0x16, #0x00	; 22
      0000DE 2C 00                 2178 	.byte #0x2c, #0x00	; 44
      0000E0 04                    2179 	.db #0x04	; 4
      0000E1r30s00                 2180 	.byte (_reg_avp + 28), ((_reg_avp + 28) >> 8)
      0000E3 00 00 00 00           2181 	.byte #0x00, #0x00, #0x00, #0x00	;  0
      0000E7 00 00 00 80           2182 	.byte #0x00, #0x00, #0x00, #0x80	; -2147483648
      0000EB FF FF FF 7F           2183 	.byte #0xff, #0xff, #0xff, #0x7f	;  2147483647
      0000EF 00                    2184 	.db #0x00	; 0
      0000F0 18 00                 2185 	.byte #0x18, #0x00	; 24
      0000F2 30 00                 2186 	.byte #0x30, #0x00	; 48
      0000F4 04                    2187 	.db #0x04	; 4
      0000F5r34s00                 2188 	.byte (_reg_avp + 32), ((_reg_avp + 32) >> 8)
      0000F7 00 00 00 00           2189 	.byte #0x00, #0x00, #0x00, #0x00	;  0
      0000FB 00 00 00 80           2190 	.byte #0x00, #0x00, #0x00, #0x80	; -2147483648
      0000FF FF FF FF 7F           2191 	.byte #0xff, #0xff, #0xff, #0x7f	;  2147483647
      000103 00                    2192 	.db #0x00	; 0
      000104 1A 00                 2193 	.byte #0x1a, #0x00	; 26
      000106 34 00                 2194 	.byte #0x34, #0x00	; 52
      000108 04                    2195 	.db #0x04	; 4
      000109r38s00                 2196 	.byte (_reg_pvp + 0), ((_reg_pvp + 0) >> 8)
      00010B 00 00 00 00           2197 	.byte #0x00, #0x00, #0x00, #0x00	;  0
      00010F 00 00 00 80           2198 	.byte #0x00, #0x00, #0x00, #0x80	; -2147483648
      000113 FF FF FF 7F           2199 	.byte #0xff, #0xff, #0xff, #0x7f	;  2147483647
      000117 00                    2200 	.db #0x00	; 0
      000118 1C 00                 2201 	.byte #0x1c, #0x00	; 28
      00011A 38 00                 2202 	.byte #0x38, #0x00	; 56
      00011C 04                    2203 	.db #0x04	; 4
      00011Dr3Cs00                 2204 	.byte (_reg_pvp + 4), ((_reg_pvp + 4) >> 8)
      00011F 00 00 00 00           2205 	.byte #0x00, #0x00, #0x00, #0x00	;  0
      000123 00 00 00 80           2206 	.byte #0x00, #0x00, #0x00, #0x80	; -2147483648
      000127 FF FF FF 7F           2207 	.byte #0xff, #0xff, #0xff, #0x7f	;  2147483647
      00012B 00                    2208 	.db #0x00	; 0
      00012C 1E 00                 2209 	.byte #0x1e, #0x00	; 30
      00012E 3C 00                 2210 	.byte #0x3c, #0x00	; 60
      000130 04                    2211 	.db #0x04	; 4
      000131r40s00                 2212 	.byte (_reg_pvp + 8), ((_reg_pvp + 8) >> 8)
      000133 00 00 00 00           2213 	.byte #0x00, #0x00, #0x00, #0x00	;  0
      000137 00 00 00 80           2214 	.byte #0x00, #0x00, #0x00, #0x80	; -2147483648
      00013B FF FF FF 7F           2215 	.byte #0xff, #0xff, #0xff, #0x7f	;  2147483647
      00013F 00                    2216 	.db #0x00	; 0
      000140 20 00                 2217 	.byte #0x20, #0x00	; 32
      000142 40 00                 2218 	.byte #0x40, #0x00	; 64
      000144 04                    2219 	.db #0x04	; 4
      000145r44s00                 2220 	.byte (_reg_pvp + 12), ((_reg_pvp + 12) >> 8)
      000147 00 00 00 00           2221 	.byte #0x00, #0x00, #0x00, #0x00	;  0
      00014B 00 00 00 80           2222 	.byte #0x00, #0x00, #0x00, #0x80	; -2147483648
      00014F FF FF FF 7F           2223 	.byte #0xff, #0xff, #0xff, #0x7f	;  2147483647
      000153 00                    2224 	.db #0x00	; 0
      000154 22 00                 2225 	.byte #0x22, #0x00	; 34
      000156 44 00                 2226 	.byte #0x44, #0x00	; 68
      000158 04                    2227 	.db #0x04	; 4
      000159r48s00                 2228 	.byte (_reg_pvp + 16), ((_reg_pvp + 16) >> 8)
      00015B 00 00 00 00           2229 	.byte #0x00, #0x00, #0x00, #0x00	;  0
      00015F 00 00 00 80           2230 	.byte #0x00, #0x00, #0x00, #0x80	; -2147483648
      000163 FF FF FF 7F           2231 	.byte #0xff, #0xff, #0xff, #0x7f	;  2147483647
      000167 00                    2232 	.db #0x00	; 0
      000168 24 00                 2233 	.byte #0x24, #0x00	; 36
      00016A 48 00                 2234 	.byte #0x48, #0x00	; 72
      00016C 04                    2235 	.db #0x04	; 4
      00016Dr4Cs00                 2236 	.byte (_reg_pvp + 20), ((_reg_pvp + 20) >> 8)
      00016F 00 00 00 00           2237 	.byte #0x00, #0x00, #0x00, #0x00	;  0
      000173 00 00 00 80           2238 	.byte #0x00, #0x00, #0x00, #0x80	; -2147483648
      000177 FF FF FF 7F           2239 	.byte #0xff, #0xff, #0xff, #0x7f	;  2147483647
      00017B 00                    2240 	.db #0x00	; 0
      00017C 26 00                 2241 	.byte #0x26, #0x00	; 38
      00017E 4C 00                 2242 	.byte #0x4c, #0x00	; 76
      000180 04                    2243 	.db #0x04	; 4
      000181r50s00                 2244 	.byte (_reg_pvp + 24), ((_reg_pvp + 24) >> 8)
      000183 00 00 00 00           2245 	.byte #0x00, #0x00, #0x00, #0x00	;  0
      000187 00 00 00 80           2246 	.byte #0x00, #0x00, #0x00, #0x80	; -2147483648
      00018B FF FF FF 7F           2247 	.byte #0xff, #0xff, #0xff, #0x7f	;  2147483647
      00018F 00                    2248 	.db #0x00	; 0
      000190 28 00                 2249 	.byte #0x28, #0x00	; 40
      000192 50 00                 2250 	.byte #0x50, #0x00	; 80
      000194 04                    2251 	.db #0x04	; 4
      000195r54s00                 2252 	.byte (_reg_pvp + 28), ((_reg_pvp + 28) >> 8)
      000197 00 00 00 00           2253 	.byte #0x00, #0x00, #0x00, #0x00	;  0
      00019B 00 00 00 80           2254 	.byte #0x00, #0x00, #0x00, #0x80	; -2147483648
      00019F FF FF FF 7F           2255 	.byte #0xff, #0xff, #0xff, #0x7f	;  2147483647
      0001A3 00                    2256 	.db #0x00	; 0
      0001A4 2A 00                 2257 	.byte #0x2a, #0x00	; 42
      0001A6 54 00                 2258 	.byte #0x54, #0x00	; 84
      0001A8 04                    2259 	.db #0x04	; 4
      0001A9r58s00                 2260 	.byte (_reg_pvp + 32), ((_reg_pvp + 32) >> 8)
      0001AB 00 00 00 00           2261 	.byte #0x00, #0x00, #0x00, #0x00	;  0
      0001AF 00 00 00 80           2262 	.byte #0x00, #0x00, #0x00, #0x80	; -2147483648
      0001B3 FF FF FF 7F           2263 	.byte #0xff, #0xff, #0xff, #0x7f	;  2147483647
      0001B7 00                    2264 	.db #0x00	; 0
      0001B8 34 00                 2265 	.byte #0x34, #0x00	; 52
      0001BA 58 00                 2266 	.byte #0x58, #0x00	; 88
      0001BC 04                    2267 	.db #0x04	; 4
      0001BDr5Cs00                 2268 	.byte _reg_adc_speed, (_reg_adc_speed >> 8)
      0001BF 00 00 00 00           2269 	.byte #0x00, #0x00, #0x00, #0x00	;  0
      0001C3 00 00 00 00           2270 	.byte #0x00, #0x00, #0x00, #0x00	;  0
      0001C7 01 00 00 00           2271 	.byte #0x01, #0x00, #0x00, #0x00	;  1
      0001CB 00                    2272 	.db #0x00	; 0
      0001CC 56 00                 2273 	.byte #0x56, #0x00	; 86
      0001CE 5C 00                 2274 	.byte #0x5c, #0x00	; 92
      0001D0 04                    2275 	.db #0x04	; 4
      0001D1r64s00                 2276 	.byte _reg_filter_level, (_reg_filter_level >> 8)
      0001D3 02 00 00 00           2277 	.byte #0x02, #0x00, #0x00, #0x00	;  2
      0001D7 00 00 00 00           2278 	.byte #0x00, #0x00, #0x00, #0x00	;  0
      0001DB 05 00 00 00           2279 	.byte #0x05, #0x00, #0x00, #0x00	;  5
      0001DF 00                    2280 	.db #0x00	; 0
      0001E0 58 00                 2281 	.byte #0x58, #0x00	; 88
      0001E2 60 00                 2282 	.byte #0x60, #0x00	; 96
      0001E4 04                    2283 	.db #0x04	; 4
      0001E5r68s00                 2284 	.byte _reg_filter_band, (_reg_filter_band >> 8)
      0001E7 0A 00 00 00           2285 	.byte #0x0a, #0x00, #0x00, #0x00	;  10
      0001EB 00 00 00 00           2286 	.byte #0x00, #0x00, #0x00, #0x00	;  0
      0001EF E8 03 00 00           2287 	.byte #0xe8, #0x03, #0x00, #0x00	;  1000
      0001F3 00                    2288 	.db #0x00	; 0
      0001F4 5A 00                 2289 	.byte #0x5a, #0x00	; 90
      0001F6 64 00                 2290 	.byte #0x64, #0x00	; 100
      0001F8 04                    2291 	.db #0x04	; 4
      0001F9r6Cs00                 2292 	.byte _reg_baud_rate, (_reg_baud_rate >> 8)
      0001FB 03 00 00 00           2293 	.byte #0x03, #0x00, #0x00, #0x00	;  3
      0001FF 00 00 00 00           2294 	.byte #0x00, #0x00, #0x00, #0x00	;  0
      000203 0A 00 00 00           2295 	.byte #0x0a, #0x00, #0x00, #0x00	;  10
      000207 00                    2296 	.db #0x00	; 0
      000208 5C 00                 2297 	.byte #0x5c, #0x00	; 92
      00020A 68 00                 2298 	.byte #0x68, #0x00	; 104
      00020C 04                    2299 	.db #0x04	; 4
      00020Dr70s00                 2300 	.byte _reg_zero_trace_delay, (_reg_zero_trace_delay >> 8)
      00020F 00 00 00 00           2301 	.byte #0x00, #0x00, #0x00, #0x00	;  0
      000213 00 00 00 00           2302 	.byte #0x00, #0x00, #0x00, #0x00	;  0
      000217 32 00 00 00           2303 	.byte #0x32, #0x00, #0x00, #0x00	;  50
      00021B 00                    2304 	.db #0x00	; 0
      00021C 5E 00                 2305 	.byte #0x5e, #0x00	; 94
      00021E 6C 00                 2306 	.byte #0x6c, #0x00	; 108
      000220 04                    2307 	.db #0x04	; 4
      000221r74s00                 2308 	.byte _reg_zero_trace_band, (_reg_zero_trace_band >> 8)
      000223 00 00 00 00           2309 	.byte #0x00, #0x00, #0x00, #0x00	;  0
      000227 00 00 00 00           2310 	.byte #0x00, #0x00, #0x00, #0x00	;  0
      00022B 10 27 00 00           2311 	.byte #0x10, #0x27, #0x00, #0x00	;  10000
      00022F 00                    2312 	.db #0x00	; 0
      000230 60 00                 2313 	.byte #0x60, #0x00	; 96
      000232 70 00                 2314 	.byte #0x70, #0x00	; 112
      000234 04                    2315 	.db #0x04	; 4
      000235r78s00                 2316 	.byte _reg_stable_delay, (_reg_stable_delay >> 8)
      000237 01 00 00 00           2317 	.byte #0x01, #0x00, #0x00, #0x00	;  1
      00023B 01 00 00 00           2318 	.byte #0x01, #0x00, #0x00, #0x00	;  1
      00023F 32 00 00 00           2319 	.byte #0x32, #0x00, #0x00, #0x00	;  50
      000243 00                    2320 	.db #0x00	; 0
      000244 62 00                 2321 	.byte #0x62, #0x00	; 98
      000246 74 00                 2322 	.byte #0x74, #0x00	; 116
      000248 04                    2323 	.db #0x04	; 4
      000249r7Cs00                 2324 	.byte _reg_stable_band, (_reg_stable_band >> 8)
      00024B 01 00 00 00           2325 	.byte #0x01, #0x00, #0x00, #0x00	;  1
      00024F 01 00 00 00           2326 	.byte #0x01, #0x00, #0x00, #0x00	;  1
      000253 64 00 00 00           2327 	.byte #0x64, #0x00, #0x00, #0x00	;  100
      000257 00                    2328 	.db #0x00	; 0
      000258 64 00                 2329 	.byte #0x64, #0x00	; 100
      00025A 78 00                 2330 	.byte #0x78, #0x00	; 120
      00025C 04                    2331 	.db #0x04	; 4
      00025Dr80s00                 2332 	.byte _reg_output_round, (_reg_output_round >> 8)
      00025F 01 00 00 00           2333 	.byte #0x01, #0x00, #0x00, #0x00	;  1
      000263 01 00 00 00           2334 	.byte #0x01, #0x00, #0x00, #0x00	;  1
      000267 FA 00 00 00           2335 	.byte #0xfa, #0x00, #0x00, #0x00	;  250
      00026B 00                    2336 	.db #0x00	; 0
      00026C 66 00                 2337 	.byte #0x66, #0x00	; 102
      00026E 7C 00                 2338 	.byte #0x7c, #0x00	; 124
      000270 04                    2339 	.db #0x04	; 4
      000271r84s00                 2340 	.byte _reg_parity, (_reg_parity >> 8)
      000273 00 00 00 00           2341 	.byte #0x00, #0x00, #0x00, #0x00	;  0
      000277 00 00 00 00           2342 	.byte #0x00, #0x00, #0x00, #0x00	;  0
      00027B 04 00 00 00           2343 	.byte #0x04, #0x00, #0x00, #0x00	;  4
      00027F 00                    2344 	.db #0x00	; 0
      000280 40 1F                 2345 	.byte #0x40, #0x1f	; 8000
      000282 FF FF                 2346 	.byte #0xff, #0xff	; 65535
      000284 04                    2347 	.db #0x04	; 4
      000285r00s00                 2348 	.byte _reg_adc_raw_value, (_reg_adc_raw_value >> 8)
      000287 00 00 00 00           2349 	.byte #0x00, #0x00, #0x00, #0x00	;  0
      00028B 00 00 00 80           2350 	.byte #0x00, #0x00, #0x00, #0x80	; -2147483648
      00028F FF FF FF 7F           2351 	.byte #0xff, #0xff, #0xff, #0x7f	;  2147483647
      000293 81                    2352 	.db #0x81	; 129
      000294 F0 1F                 2353 	.byte #0xf0, #0x1f	; 8176
      000296 80 00                 2354 	.byte #0x80, #0x00	; 128
      000298 01                    2355 	.db #0x01	; 1
      000299r9Cs00                 2356 	.byte _reg_magic_key, (_reg_magic_key >> 8)
      00029B AA 55 00 00           2357 	.byte #0xaa, #0x55, #0x00, #0x00	;  21930
      00029F 00 00 00 00           2358 	.byte #0x00, #0x00, #0x00, #0x00	;  0
      0002A3 FF FF 00 00           2359 	.byte #0xff, #0xff, #0x00, #0x00	;  65535
      0002A7 01                    2360 	.db #0x01	; 1
                                   2361 	.area CSEG    (CODE)
                                   2362 	.area CONST   (CODE)
      0002A8                       2363 ___str_0:
      0002A8 52 45 47 5F 49 4E 49  2364 	.ascii "REG_INIT CALLED AGAIN"
             54 20 43 41 4C 4C 45
             44 20 41 47 41 49 4E
      0002BD 0D                    2365 	.db 0x0d
      0002BE 0A                    2366 	.db 0x0a
      0002BF 00                    2367 	.db 0x00
                                   2368 	.area CSEG    (CODE)
                                   2369 	.area CONST   (CODE)
      0002C0                       2370 ___str_1:
      0002C0 56 61 6C 69 64 20 43  2371 	.ascii "Valid Config Found. Loading..."
             6F 6E 66 69 67 20 46
             6F 75 6E 64 2E 20 4C
             6F 61 64 69 6E 67 2E
             2E 2E
      0002DE 0D                    2372 	.db 0x0d
      0002DF 0A                    2373 	.db 0x0a
      0002E0 00                    2374 	.db 0x00
                                   2375 	.area CSEG    (CODE)
                                   2376 	.area CONST   (CODE)
      0002E1                       2377 ___str_2:
      0002E1 4E 6F 20 43 6F 6E 66  2378 	.ascii "No Config Found. Initializing Defaults..."
             69 67 20 46 6F 75 6E
             64 2E 20 49 6E 69 74
             69 61 6C 69 7A 69 6E
             67 20 44 65 66 61 75
             6C 74 73 2E 2E 2E
      00030A 0D                    2379 	.db 0x0d
      00030B 0A                    2380 	.db 0x0a
      00030C 00                    2381 	.db 0x00
                                   2382 	.area CSEG    (CODE)
                                   2383 	.area XINIT   (CODE)
                                   2384 	.area CABS    (ABS,CODE)
