                                      1 ;--------------------------------------------------------
                                      2 ; File Created by SDCC : free open source ISO C Compiler
                                      3 ; Version 4.5.0 #15242 (MINGW64)
                                      4 ;--------------------------------------------------------
                                      5 	.module storage
                                      6 	
                                      7 	.optsdcc -mmcs51 --model-large
                                      8 ;--------------------------------------------------------
                                      9 ; Public variables in this module
                                     10 ;--------------------------------------------------------
                                     11 	.globl _P77
                                     12 	.globl _P76
                                     13 	.globl _P75
                                     14 	.globl _P74
                                     15 	.globl _P73
                                     16 	.globl _P72
                                     17 	.globl _P71
                                     18 	.globl _P70
                                     19 	.globl _P67
                                     20 	.globl _P66
                                     21 	.globl _P65
                                     22 	.globl _P64
                                     23 	.globl _P63
                                     24 	.globl _P62
                                     25 	.globl _P61
                                     26 	.globl _P60
                                     27 	.globl _P
                                     28 	.globl _F1
                                     29 	.globl _OV
                                     30 	.globl _RS0
                                     31 	.globl _RS1
                                     32 	.globl _F0
                                     33 	.globl _AC
                                     34 	.globl _CY
                                     35 	.globl _P57
                                     36 	.globl _P56
                                     37 	.globl _P55
                                     38 	.globl _P54
                                     39 	.globl _P53
                                     40 	.globl _P52
                                     41 	.globl _P51
                                     42 	.globl _P50
                                     43 	.globl _P47
                                     44 	.globl _P46
                                     45 	.globl _P45
                                     46 	.globl _P44
                                     47 	.globl _P43
                                     48 	.globl _P42
                                     49 	.globl _P41
                                     50 	.globl _P40
                                     51 	.globl _PX0
                                     52 	.globl _PT0
                                     53 	.globl _PX1
                                     54 	.globl _PT1
                                     55 	.globl _PS
                                     56 	.globl _PADC
                                     57 	.globl _PLVD
                                     58 	.globl _PPCA
                                     59 	.globl _P37
                                     60 	.globl _P36
                                     61 	.globl _P35
                                     62 	.globl _P34
                                     63 	.globl _P33
                                     64 	.globl _P32
                                     65 	.globl _P31
                                     66 	.globl _P30
                                     67 	.globl _EX0
                                     68 	.globl _ET0
                                     69 	.globl _EX1
                                     70 	.globl _ET1
                                     71 	.globl _ES
                                     72 	.globl _EADC
                                     73 	.globl _ELVD
                                     74 	.globl _EA
                                     75 	.globl _P27
                                     76 	.globl _P26
                                     77 	.globl _P25
                                     78 	.globl _P24
                                     79 	.globl _P23
                                     80 	.globl _P22
                                     81 	.globl _P21
                                     82 	.globl _P20
                                     83 	.globl _RI
                                     84 	.globl _TI
                                     85 	.globl _RB8
                                     86 	.globl _TB8
                                     87 	.globl _REN
                                     88 	.globl _SM2
                                     89 	.globl _SM1
                                     90 	.globl _SM0
                                     91 	.globl _P17
                                     92 	.globl _P16
                                     93 	.globl _P15
                                     94 	.globl _P14
                                     95 	.globl _P13
                                     96 	.globl _P12
                                     97 	.globl _P11
                                     98 	.globl _P10
                                     99 	.globl _IT0
                                    100 	.globl _IE0
                                    101 	.globl _IT1
                                    102 	.globl _IE1
                                    103 	.globl _TR0
                                    104 	.globl _TF0
                                    105 	.globl _TR1
                                    106 	.globl _TF1
                                    107 	.globl _P07
                                    108 	.globl _P06
                                    109 	.globl _P05
                                    110 	.globl _P04
                                    111 	.globl _P03
                                    112 	.globl _P02
                                    113 	.globl _P01
                                    114 	.globl _P00
                                    115 	.globl _RSTCFG
                                    116 	.globl _USBADR
                                    117 	.globl _IAP_TPS
                                    118 	.globl _USBCON
                                    119 	.globl _AUXINTIF
                                    120 	.globl _IP3H
                                    121 	.globl _USBDAT
                                    122 	.globl _CMPCR2
                                    123 	.globl _CMPCR1
                                    124 	.globl _DPH1
                                    125 	.globl _DPL1
                                    126 	.globl _DPS
                                    127 	.globl _P7M0
                                    128 	.globl _P7M1
                                    129 	.globl _IP3
                                    130 	.globl _ADCCFG
                                    131 	.globl _USBCLK
                                    132 	.globl _VRTRIM
                                    133 	.globl _P7
                                    134 	.globl _B
                                    135 	.globl _P6
                                    136 	.globl _ACC
                                    137 	.globl _T2L
                                    138 	.globl _T2H
                                    139 	.globl _T3L
                                    140 	.globl _T3H
                                    141 	.globl _T4L
                                    142 	.globl _T4H
                                    143 	.globl _T4T3M
                                    144 	.globl _PSW
                                    145 	.globl _SPDAT
                                    146 	.globl _SPCTL
                                    147 	.globl _SPSTAT
                                    148 	.globl _P6M0
                                    149 	.globl _P6M1
                                    150 	.globl _P5M0
                                    151 	.globl _P5M1
                                    152 	.globl _P5
                                    153 	.globl _IAP_CONTR
                                    154 	.globl _IAP_TRIG
                                    155 	.globl _IAP_CMD
                                    156 	.globl _IAP_ADDRL
                                    157 	.globl _IAP_ADDRH
                                    158 	.globl _IAP_DATA
                                    159 	.globl _WDT_CONTR
                                    160 	.globl _P4
                                    161 	.globl _ADC_RESL
                                    162 	.globl _ADC_RES
                                    163 	.globl _ADC_CONTR
                                    164 	.globl _P_SW2
                                    165 	.globl _SADEN
                                    166 	.globl _IP
                                    167 	.globl _IPH
                                    168 	.globl _IP2H
                                    169 	.globl _IP2
                                    170 	.globl _P4M0
                                    171 	.globl _P4M1
                                    172 	.globl _P3M0
                                    173 	.globl _P3M1
                                    174 	.globl _P3
                                    175 	.globl _IE2
                                    176 	.globl _TA
                                    177 	.globl _S3BUF
                                    178 	.globl _S3CON
                                    179 	.globl _WKTCH
                                    180 	.globl _WKTCL
                                    181 	.globl _SADDR
                                    182 	.globl _IE
                                    183 	.globl _P_SW1
                                    184 	.globl _BUS_SPEED
                                    185 	.globl _P2
                                    186 	.globl _IRTRIM
                                    187 	.globl _LIRTRIM
                                    188 	.globl _IRCBAND
                                    189 	.globl _S2BUF
                                    190 	.globl _S2CON
                                    191 	.globl _SBUF
                                    192 	.globl _SCON
                                    193 	.globl _P2M0
                                    194 	.globl _P2M1
                                    195 	.globl _P0M0
                                    196 	.globl _P0M1
                                    197 	.globl _P1M0
                                    198 	.globl _P1M1
                                    199 	.globl _P1
                                    200 	.globl _INTCLKO
                                    201 	.globl _AUXR
                                    202 	.globl _TH1
                                    203 	.globl _TH0
                                    204 	.globl _TL1
                                    205 	.globl _TL0
                                    206 	.globl _TMOD
                                    207 	.globl _TCON
                                    208 	.globl _PCON
                                    209 	.globl _S4BUF
                                    210 	.globl _S4CON
                                    211 	.globl _DPH
                                    212 	.globl _DPL
                                    213 	.globl _SP
                                    214 	.globl _P0
                                    215 	.globl _reg_write_by_ptr_PARM_2
                                    216 	.globl _reg_load_all
                                    217 	.globl _reg_save_all
                                    218 	.globl _reg_write_by_ptr
                                    219 	.globl _reg_init
                                    220 ;--------------------------------------------------------
                                    221 ; special function registers
                                    222 ;--------------------------------------------------------
                                    223 	.area RSEG    (ABS,DATA)
      000000                        224 	.org 0x0000
                           000080   225 _P0	=	0x0080
                           000081   226 _SP	=	0x0081
                           000082   227 _DPL	=	0x0082
                           000083   228 _DPH	=	0x0083
                           000084   229 _S4CON	=	0x0084
                           000085   230 _S4BUF	=	0x0085
                           000087   231 _PCON	=	0x0087
                           000088   232 _TCON	=	0x0088
                           000089   233 _TMOD	=	0x0089
                           00008A   234 _TL0	=	0x008a
                           00008B   235 _TL1	=	0x008b
                           00008C   236 _TH0	=	0x008c
                           00008D   237 _TH1	=	0x008d
                           00008E   238 _AUXR	=	0x008e
                           00008F   239 _INTCLKO	=	0x008f
                           000090   240 _P1	=	0x0090
                           000091   241 _P1M1	=	0x0091
                           000092   242 _P1M0	=	0x0092
                           000093   243 _P0M1	=	0x0093
                           000094   244 _P0M0	=	0x0094
                           000095   245 _P2M1	=	0x0095
                           000096   246 _P2M0	=	0x0096
                           000098   247 _SCON	=	0x0098
                           000099   248 _SBUF	=	0x0099
                           00009A   249 _S2CON	=	0x009a
                           00009B   250 _S2BUF	=	0x009b
                           00009D   251 _IRCBAND	=	0x009d
                           00009E   252 _LIRTRIM	=	0x009e
                           00009F   253 _IRTRIM	=	0x009f
                           0000A0   254 _P2	=	0x00a0
                           0000A1   255 _BUS_SPEED	=	0x00a1
                           0000A2   256 _P_SW1	=	0x00a2
                           0000A8   257 _IE	=	0x00a8
                           0000A9   258 _SADDR	=	0x00a9
                           0000AA   259 _WKTCL	=	0x00aa
                           0000AB   260 _WKTCH	=	0x00ab
                           0000AC   261 _S3CON	=	0x00ac
                           0000AD   262 _S3BUF	=	0x00ad
                           0000AE   263 _TA	=	0x00ae
                           0000AF   264 _IE2	=	0x00af
                           0000B0   265 _P3	=	0x00b0
                           0000B1   266 _P3M1	=	0x00b1
                           0000B2   267 _P3M0	=	0x00b2
                           0000B3   268 _P4M1	=	0x00b3
                           0000B4   269 _P4M0	=	0x00b4
                           0000B5   270 _IP2	=	0x00b5
                           0000B6   271 _IP2H	=	0x00b6
                           0000B7   272 _IPH	=	0x00b7
                           0000B8   273 _IP	=	0x00b8
                           0000B9   274 _SADEN	=	0x00b9
                           0000BA   275 _P_SW2	=	0x00ba
                           0000BC   276 _ADC_CONTR	=	0x00bc
                           0000BD   277 _ADC_RES	=	0x00bd
                           0000BE   278 _ADC_RESL	=	0x00be
                           0000C0   279 _P4	=	0x00c0
                           0000C1   280 _WDT_CONTR	=	0x00c1
                           0000C2   281 _IAP_DATA	=	0x00c2
                           0000C3   282 _IAP_ADDRH	=	0x00c3
                           0000C4   283 _IAP_ADDRL	=	0x00c4
                           0000C5   284 _IAP_CMD	=	0x00c5
                           0000C6   285 _IAP_TRIG	=	0x00c6
                           0000C7   286 _IAP_CONTR	=	0x00c7
                           0000C8   287 _P5	=	0x00c8
                           0000C9   288 _P5M1	=	0x00c9
                           0000CA   289 _P5M0	=	0x00ca
                           0000CB   290 _P6M1	=	0x00cb
                           0000CC   291 _P6M0	=	0x00cc
                           0000CD   292 _SPSTAT	=	0x00cd
                           0000CE   293 _SPCTL	=	0x00ce
                           0000CF   294 _SPDAT	=	0x00cf
                           0000D0   295 _PSW	=	0x00d0
                           0000D1   296 _T4T3M	=	0x00d1
                           0000D2   297 _T4H	=	0x00d2
                           0000D3   298 _T4L	=	0x00d3
                           0000D4   299 _T3H	=	0x00d4
                           0000D5   300 _T3L	=	0x00d5
                           0000D6   301 _T2H	=	0x00d6
                           0000D7   302 _T2L	=	0x00d7
                           0000E0   303 _ACC	=	0x00e0
                           0000E8   304 _P6	=	0x00e8
                           0000F0   305 _B	=	0x00f0
                           0000F8   306 _P7	=	0x00f8
                           0000A6   307 _VRTRIM	=	0x00a6
                           0000DC   308 _USBCLK	=	0x00dc
                           0000DE   309 _ADCCFG	=	0x00de
                           0000DF   310 _IP3	=	0x00df
                           0000E1   311 _P7M1	=	0x00e1
                           0000E2   312 _P7M0	=	0x00e2
                           0000E3   313 _DPS	=	0x00e3
                           0000E4   314 _DPL1	=	0x00e4
                           0000E5   315 _DPH1	=	0x00e5
                           0000E6   316 _CMPCR1	=	0x00e6
                           0000E7   317 _CMPCR2	=	0x00e7
                           0000EC   318 _USBDAT	=	0x00ec
                           0000EE   319 _IP3H	=	0x00ee
                           0000EF   320 _AUXINTIF	=	0x00ef
                           0000F4   321 _USBCON	=	0x00f4
                           0000F5   322 _IAP_TPS	=	0x00f5
                           0000FC   323 _USBADR	=	0x00fc
                           0000FF   324 _RSTCFG	=	0x00ff
                                    325 ;--------------------------------------------------------
                                    326 ; special function bits
                                    327 ;--------------------------------------------------------
                                    328 	.area RSEG    (ABS,DATA)
      000000                        329 	.org 0x0000
                           000080   330 _P00	=	0x0080
                           000081   331 _P01	=	0x0081
                           000082   332 _P02	=	0x0082
                           000083   333 _P03	=	0x0083
                           000084   334 _P04	=	0x0084
                           000085   335 _P05	=	0x0085
                           000086   336 _P06	=	0x0086
                           000087   337 _P07	=	0x0087
                           00008F   338 _TF1	=	0x008f
                           00008E   339 _TR1	=	0x008e
                           00008D   340 _TF0	=	0x008d
                           00008C   341 _TR0	=	0x008c
                           00008B   342 _IE1	=	0x008b
                           00008A   343 _IT1	=	0x008a
                           000089   344 _IE0	=	0x0089
                           000088   345 _IT0	=	0x0088
                           000090   346 _P10	=	0x0090
                           000091   347 _P11	=	0x0091
                           000092   348 _P12	=	0x0092
                           000093   349 _P13	=	0x0093
                           000094   350 _P14	=	0x0094
                           000095   351 _P15	=	0x0095
                           000096   352 _P16	=	0x0096
                           000097   353 _P17	=	0x0097
                           00009F   354 _SM0	=	0x009f
                           00009E   355 _SM1	=	0x009e
                           00009D   356 _SM2	=	0x009d
                           00009C   357 _REN	=	0x009c
                           00009B   358 _TB8	=	0x009b
                           00009A   359 _RB8	=	0x009a
                           000099   360 _TI	=	0x0099
                           000098   361 _RI	=	0x0098
                           0000A0   362 _P20	=	0x00a0
                           0000A1   363 _P21	=	0x00a1
                           0000A2   364 _P22	=	0x00a2
                           0000A3   365 _P23	=	0x00a3
                           0000A4   366 _P24	=	0x00a4
                           0000A5   367 _P25	=	0x00a5
                           0000A6   368 _P26	=	0x00a6
                           0000A7   369 _P27	=	0x00a7
                           0000AF   370 _EA	=	0x00af
                           0000AE   371 _ELVD	=	0x00ae
                           0000AD   372 _EADC	=	0x00ad
                           0000AC   373 _ES	=	0x00ac
                           0000AB   374 _ET1	=	0x00ab
                           0000AA   375 _EX1	=	0x00aa
                           0000A9   376 _ET0	=	0x00a9
                           0000A8   377 _EX0	=	0x00a8
                           0000B0   378 _P30	=	0x00b0
                           0000B1   379 _P31	=	0x00b1
                           0000B2   380 _P32	=	0x00b2
                           0000B3   381 _P33	=	0x00b3
                           0000B4   382 _P34	=	0x00b4
                           0000B5   383 _P35	=	0x00b5
                           0000B6   384 _P36	=	0x00b6
                           0000B7   385 _P37	=	0x00b7
                           0000BF   386 _PPCA	=	0x00bf
                           0000BE   387 _PLVD	=	0x00be
                           0000BD   388 _PADC	=	0x00bd
                           0000BC   389 _PS	=	0x00bc
                           0000BB   390 _PT1	=	0x00bb
                           0000BA   391 _PX1	=	0x00ba
                           0000B9   392 _PT0	=	0x00b9
                           0000B8   393 _PX0	=	0x00b8
                           0000C0   394 _P40	=	0x00c0
                           0000C1   395 _P41	=	0x00c1
                           0000C2   396 _P42	=	0x00c2
                           0000C3   397 _P43	=	0x00c3
                           0000C4   398 _P44	=	0x00c4
                           0000C5   399 _P45	=	0x00c5
                           0000C6   400 _P46	=	0x00c6
                           0000C7   401 _P47	=	0x00c7
                           0000C8   402 _P50	=	0x00c8
                           0000C9   403 _P51	=	0x00c9
                           0000CA   404 _P52	=	0x00ca
                           0000CB   405 _P53	=	0x00cb
                           0000CC   406 _P54	=	0x00cc
                           0000CD   407 _P55	=	0x00cd
                           0000CE   408 _P56	=	0x00ce
                           0000CF   409 _P57	=	0x00cf
                           0000D7   410 _CY	=	0x00d7
                           0000D6   411 _AC	=	0x00d6
                           0000D5   412 _F0	=	0x00d5
                           0000D4   413 _RS1	=	0x00d4
                           0000D3   414 _RS0	=	0x00d3
                           0000D2   415 _OV	=	0x00d2
                           0000D1   416 _F1	=	0x00d1
                           0000D0   417 _P	=	0x00d0
                           0000E8   418 _P60	=	0x00e8
                           0000E9   419 _P61	=	0x00e9
                           0000EA   420 _P62	=	0x00ea
                           0000EB   421 _P63	=	0x00eb
                           0000EC   422 _P64	=	0x00ec
                           0000ED   423 _P65	=	0x00ed
                           0000EE   424 _P66	=	0x00ee
                           0000EF   425 _P67	=	0x00ef
                           0000F8   426 _P70	=	0x00f8
                           0000F9   427 _P71	=	0x00f9
                           0000FA   428 _P72	=	0x00fa
                           0000FB   429 _P73	=	0x00fb
                           0000FC   430 _P74	=	0x00fc
                           0000FD   431 _P75	=	0x00fd
                           0000FE   432 _P76	=	0x00fe
                           0000FF   433 _P77	=	0x00ff
                                    434 ;--------------------------------------------------------
                                    435 ; overlayable register banks
                                    436 ;--------------------------------------------------------
                                    437 	.area REG_BANK_0	(REL,OVR,DATA)
      000000                        438 	.ds 8
                                    439 ;--------------------------------------------------------
                                    440 ; internal ram data
                                    441 ;--------------------------------------------------------
                                    442 	.area DSEG    (DATA)
      000000                        443 _reg_load_all_sloc0_1_0:
      000000                        444 	.ds 2
      000002                        445 _reg_load_all_sloc1_1_0:
      000002                        446 	.ds 2
      000004                        447 _reg_load_all_sloc2_1_0:
      000004                        448 	.ds 3
      000007                        449 _reg_load_all_sloc3_1_0:
      000007                        450 	.ds 4
      00000B                        451 _reg_save_all_sloc0_1_0:
      00000B                        452 	.ds 3
      00000E                        453 _reg_save_all_sloc1_1_0:
      00000E                        454 	.ds 4
      000012                        455 _reg_save_all_sloc2_1_0:
      000012                        456 	.ds 2
      000014                        457 _reg_write_by_ptr_sloc0_1_0:
      000014                        458 	.ds 3
      000017                        459 _reg_write_by_ptr_sloc1_1_0:
      000017                        460 	.ds 3
      00001A                        461 _reg_write_by_ptr_sloc2_1_0:
      00001A                        462 	.ds 4
      00001E                        463 _reg_init_sloc0_1_0:
      00001E                        464 	.ds 3
                                    465 ;--------------------------------------------------------
                                    466 ; overlayable items in internal ram
                                    467 ;--------------------------------------------------------
                                    468 ;--------------------------------------------------------
                                    469 ; indirectly addressable internal ram data
                                    470 ;--------------------------------------------------------
                                    471 	.area ISEG    (DATA)
                                    472 ;--------------------------------------------------------
                                    473 ; absolute internal ram data
                                    474 ;--------------------------------------------------------
                                    475 	.area IABS    (ABS,DATA)
                                    476 	.area IABS    (ABS,DATA)
                                    477 ;--------------------------------------------------------
                                    478 ; bit data
                                    479 ;--------------------------------------------------------
                                    480 	.area BSEG    (BIT)
                                    481 ;--------------------------------------------------------
                                    482 ; paged external ram data
                                    483 ;--------------------------------------------------------
                                    484 	.area PSEG    (PAG,XDATA)
                                    485 ;--------------------------------------------------------
                                    486 ; uninitialized external ram data
                                    487 ;--------------------------------------------------------
                                    488 	.area XSEG    (XDATA)
      000000                        489 _get_size_type_10000_54:
      000000                        490 	.ds 1
      000001                        491 _reg_load_all_val_10000_57:
      000001                        492 	.ds 4
      000005                        493 _reg_load_all_r_10000_57:
      000005                        494 	.ds 3
      000008                        495 _reg_save_all_val_10000_65:
      000008                        496 	.ds 4
      00000C                        497 _reg_save_all_r_10000_65:
      00000C                        498 	.ds 3
      00000F                        499 _reg_write_by_ptr_PARM_2:
      00000F                        500 	.ds 4
      000013                        501 _reg_write_by_ptr_target_10000_72:
      000013                        502 	.ds 3
      000016                        503 _reg_write_by_ptr_r_10000_73:
      000016                        504 	.ds 3
                                    505 ;--------------------------------------------------------
                                    506 ; absolute external ram data
                                    507 ;--------------------------------------------------------
                                    508 	.area XABS    (ABS,XDATA)
                                    509 ;--------------------------------------------------------
                                    510 ; initialized external ram data
                                    511 ;--------------------------------------------------------
                                    512 	.area XISEG   (XDATA)
                                    513 	.area HOME    (CODE)
                                    514 	.area GSINIT0 (CODE)
                                    515 	.area GSINIT1 (CODE)
                                    516 	.area GSINIT2 (CODE)
                                    517 	.area GSINIT3 (CODE)
                                    518 	.area GSINIT4 (CODE)
                                    519 	.area GSINIT5 (CODE)
                                    520 	.area GSINIT  (CODE)
                                    521 	.area GSFINAL (CODE)
                                    522 	.area CSEG    (CODE)
                                    523 ;--------------------------------------------------------
                                    524 ; global & static initialisations
                                    525 ;--------------------------------------------------------
                                    526 	.area HOME    (CODE)
                                    527 	.area GSINIT  (CODE)
                                    528 	.area GSFINAL (CODE)
                                    529 	.area GSINIT  (CODE)
                                    530 ;--------------------------------------------------------
                                    531 ; Home
                                    532 ;--------------------------------------------------------
                                    533 	.area HOME    (CODE)
                                    534 	.area HOME    (CODE)
                                    535 ;--------------------------------------------------------
                                    536 ; code
                                    537 ;--------------------------------------------------------
                                    538 	.area CSEG    (CODE)
                                    539 ;------------------------------------------------------------
                                    540 ;Allocation info for local variables in function 'get_size'
                                    541 ;------------------------------------------------------------
                                    542 ;type          Allocated with name '_get_size_type_10000_54'
                                    543 ;------------------------------------------------------------
                                    544 ;	.\FwLib_STC8\user\storage.c:7: static uint8_t get_size(reg_type_t type) {
                                    545 ;	-----------------------------------------
                                    546 ;	 function get_size
                                    547 ;	-----------------------------------------
      000000                        548 _get_size:
                           000007   549 	ar7 = 0x07
                           000006   550 	ar6 = 0x06
                           000005   551 	ar5 = 0x05
                           000004   552 	ar4 = 0x04
                           000003   553 	ar3 = 0x03
                           000002   554 	ar2 = 0x02
                           000001   555 	ar1 = 0x01
                           000000   556 	ar0 = 0x00
      000000 E5 82            [12]  557 	mov	a,dpl
      000002 90r00r00         [24]  558 	mov	dptr,#_get_size_type_10000_54
      000005 F0               [24]  559 	movx	@dptr,a
                                    560 ;	.\FwLib_STC8\user\storage.c:8: if (type == REG_I32 || type == REG_U32) return 4;
      000006 E0               [24]  561 	movx	a,@dptr
      000007 FF               [12]  562 	mov	r7,a
      000008 BF 04 02         [24]  563 	cjne	r7,#0x04,00120$
      00000B 80 03            [24]  564 	sjmp	00101$
      00000D                        565 00120$:
      00000D BF 03 04         [24]  566 	cjne	r7,#0x03,00102$
      000010                        567 00101$:
      000010 75 82 04         [24]  568 	mov	dpl, #0x04
      000013 22               [24]  569 	ret
      000014                        570 00102$:
                                    571 ;	.\FwLib_STC8\user\storage.c:9: if (type == REG_U8) return 1;
      000014 EF               [12]  572 	mov	a,r7
      000015 70 04            [24]  573 	jnz	00105$
      000017 75 82 01         [24]  574 	mov	dpl, #0x01
      00001A 22               [24]  575 	ret
      00001B                        576 00105$:
                                    577 ;	.\FwLib_STC8\user\storage.c:10: return 2;
      00001B 75 82 02         [24]  578 	mov	dpl, #0x02
                                    579 ;	.\FwLib_STC8\user\storage.c:11: }
      00001E 22               [24]  580 	ret
                                    581 ;------------------------------------------------------------
                                    582 ;Allocation info for local variables in function 'reg_load_all'
                                    583 ;------------------------------------------------------------
                                    584 ;sloc0         Allocated with name '_reg_load_all_sloc0_1_0'
                                    585 ;sloc1         Allocated with name '_reg_load_all_sloc1_1_0'
                                    586 ;sloc2         Allocated with name '_reg_load_all_sloc2_1_0'
                                    587 ;sloc3         Allocated with name '_reg_load_all_sloc3_1_0'
                                    588 ;i             Allocated with name '_reg_load_all_i_10000_57'
                                    589 ;j             Allocated with name '_reg_load_all_j_10000_57'
                                    590 ;size          Allocated with name '_reg_load_all_size_10000_57'
                                    591 ;val           Allocated with name '_reg_load_all_val_10000_57'
                                    592 ;r             Allocated with name '_reg_load_all_r_10000_57'
                                    593 ;------------------------------------------------------------
                                    594 ;	.\FwLib_STC8\user\storage.c:13: void reg_load_all(void) {
                                    595 ;	-----------------------------------------
                                    596 ;	 function reg_load_all
                                    597 ;	-----------------------------------------
      00001F                        598 _reg_load_all:
                                    599 ;	.\FwLib_STC8\user\storage.c:18: IAP_SetWaitTime();
      00001F 75 F5 16         [24]  600 	mov	_IAP_TPS,#0x16
                                    601 ;	.\FwLib_STC8\user\storage.c:19: IAP_SetEnabled(HAL_State_ON);
      000022 74 7F            [12]  602 	mov	a,#0x7f
      000024 55 C7            [12]  603 	anl	a,_IAP_CONTR
      000026 44 80            [12]  604 	orl	a,#0x80
      000028 F5 C7            [12]  605 	mov	_IAP_CONTR,a
                                    606 ;	.\FwLib_STC8\user\storage.c:21: for (i = 0; i < REG_TABLE_SIZE; i++) {
      00002A 7F 00            [12]  607 	mov	r7,#0x00
      00002C                        608 00121$:
                                    609 ;	.\FwLib_STC8\user\storage.c:22: r = &reg_table[i];
      00002C EF               [12]  610 	mov	a,r7
      00002D 75 F0 13         [24]  611 	mov	b,#0x13
      000030 A4               [48]  612 	mul	ab
      000031 24r00            [12]  613 	add	a, #_reg_table
      000033 FD               [12]  614 	mov	r5,a
      000034 74s00            [12]  615 	mov	a,#(_reg_table >> 8)
      000036 35 F0            [12]  616 	addc	a, b
      000038 FC               [12]  617 	mov	r4,a
      000039 7E 80            [12]  618 	mov	r6,#0x80
      00003B 90r00r05         [24]  619 	mov	dptr,#_reg_load_all_r_10000_57
      00003E ED               [12]  620 	mov	a,r5
      00003F F0               [24]  621 	movx	@dptr,a
      000040 EC               [12]  622 	mov	a,r4
      000041 A3               [24]  623 	inc	dptr
      000042 F0               [24]  624 	movx	@dptr,a
      000043 EE               [12]  625 	mov	a,r6
      000044 A3               [24]  626 	inc	dptr
      000045 F0               [24]  627 	movx	@dptr,a
                                    628 ;	.\FwLib_STC8\user\storage.c:23: if (r->flags & REG_FLAG_VOLATILE) continue;
      000046 74 12            [12]  629 	mov	a,#0x12
      000048 2D               [12]  630 	add	a, r5
      000049 F9               [12]  631 	mov	r1,a
      00004A E4               [12]  632 	clr	a
      00004B 3C               [12]  633 	addc	a, r4
      00004C FA               [12]  634 	mov	r2,a
      00004D 8E 03            [24]  635 	mov	ar3,r6
      00004F 89 82            [24]  636 	mov	dpl,r1
      000051 8A 83            [24]  637 	mov	dph,r2
      000053 8B F0            [24]  638 	mov	b,r3
      000055 12r00r00         [24]  639 	lcall	__gptrget
      000058 30 E2 03         [24]  640 	jnb	acc.2,00174$
      00005B 02r02rC0         [24]  641 	ljmp	00116$
      00005E                        642 00174$:
                                    643 ;	.\FwLib_STC8\user\storage.c:25: val = 0;
      00005E 90r00r01         [24]  644 	mov	dptr,#_reg_load_all_val_10000_57
      000061 E4               [12]  645 	clr	a
      000062 F0               [24]  646 	movx	@dptr,a
      000063 A3               [24]  647 	inc	dptr
      000064 F0               [24]  648 	movx	@dptr,a
      000065 A3               [24]  649 	inc	dptr
      000066 F0               [24]  650 	movx	@dptr,a
      000067 A3               [24]  651 	inc	dptr
      000068 F0               [24]  652 	movx	@dptr,a
                                    653 ;	.\FwLib_STC8\user\storage.c:26: size = get_size(r->type);
      000069 74 02            [12]  654 	mov	a,#0x02
      00006B 2D               [12]  655 	add	a, r5
      00006C F9               [12]  656 	mov	r1,a
      00006D E4               [12]  657 	clr	a
      00006E 3C               [12]  658 	addc	a, r4
      00006F FA               [12]  659 	mov	r2,a
      000070 8E 03            [24]  660 	mov	ar3,r6
      000072 89 82            [24]  661 	mov	dpl,r1
      000074 8A 83            [24]  662 	mov	dph,r2
      000076 8B F0            [24]  663 	mov	b,r3
      000078 12r00r00         [24]  664 	lcall	__gptrget
      00007B F5 82            [12]  665 	mov	dpl,a
      00007D C0 07            [24]  666 	push	ar7
      00007F C0 06            [24]  667 	push	ar6
      000081 C0 05            [24]  668 	push	ar5
      000083 C0 04            [24]  669 	push	ar4
      000085 12r00r00         [24]  670 	lcall	_get_size
      000088 AB 82            [24]  671 	mov	r3, dpl
      00008A D0 04            [24]  672 	pop	ar4
      00008C D0 05            [24]  673 	pop	ar5
      00008E D0 06            [24]  674 	pop	ar6
      000090 D0 07            [24]  675 	pop	ar7
                                    676 ;	.\FwLib_STC8\user\storage.c:27: for (j = 0; j < size; j++) {
      000092 8D*02            [24]  677 	mov	_reg_load_all_sloc1_1_0,r5
      000094 8C*03            [24]  678 	mov	(_reg_load_all_sloc1_1_0 + 1),r4
      000096 7E 00            [12]  679 	mov	r6,#0x00
      000098                        680 00119$:
      000098 C3               [12]  681 	clr	c
      000099 EE               [12]  682 	mov	a,r6
      00009A 9B               [12]  683 	subb	a,r3
      00009B 40 03            [24]  684 	jc	00175$
      00009D 02r01r22         [24]  685 	ljmp	00106$
      0000A0                        686 00175$:
                                    687 ;	.\FwLib_STC8\user\storage.c:28: IAP_CmdRead(EEPROM_BASE_ADDR + r->addr + j);
      0000A0 C0 07            [24]  688 	push	ar7
                                    689 ;	assignBit
      0000A2 C2 AF            [12]  690 	clr	_EA
      0000A4 A9*02            [24]  691 	mov	r1,_reg_load_all_sloc1_1_0
      0000A6 AA*03            [24]  692 	mov	r2,(_reg_load_all_sloc1_1_0 + 1)
      0000A8 89 82            [24]  693 	mov	dpl,r1
      0000AA 8A 83            [24]  694 	mov	dph,r2
      0000AC E4               [12]  695 	clr	a
      0000AD 93               [24]  696 	movc	a,@a+dptr
      0000AE F8               [12]  697 	mov	r0,a
      0000AF A3               [24]  698 	inc	dptr
      0000B0 E4               [12]  699 	clr	a
      0000B1 93               [24]  700 	movc	a,@a+dptr
      0000B2 FF               [12]  701 	mov	r7,a
      0000B3 88*00            [24]  702 	mov	_reg_load_all_sloc0_1_0,r0
      0000B5 74 F0            [12]  703 	mov	a,#0xf0
      0000B7 2F               [12]  704 	add	a, r7
      0000B8 F5*01            [12]  705 	mov	(_reg_load_all_sloc0_1_0 + 1),a
      0000BA 8E 07            [24]  706 	mov	ar7,r6
      0000BC 8F 00            [24]  707 	mov	ar0,r7
      0000BE 7F 00            [12]  708 	mov	r7,#0x00
      0000C0 E8               [12]  709 	mov	a,r0
      0000C1 25*00            [12]  710 	add	a, _reg_load_all_sloc0_1_0
      0000C3 F8               [12]  711 	mov	r0,a
      0000C4 EF               [12]  712 	mov	a,r7
      0000C5 35*01            [12]  713 	addc	a, (_reg_load_all_sloc0_1_0 + 1)
      0000C7 FF               [12]  714 	mov	r7,a
      0000C8 8F C3            [24]  715 	mov	_IAP_ADDRH,r7
      0000CA 89 82            [24]  716 	mov	dpl,r1
      0000CC 8A 83            [24]  717 	mov	dph,r2
      0000CE E4               [12]  718 	clr	a
      0000CF 93               [24]  719 	movc	a,@a+dptr
      0000D0 F9               [12]  720 	mov	r1,a
      0000D1 2E               [12]  721 	add	a,r6
      0000D2 F5 C4            [12]  722 	mov	_IAP_ADDRL,a
      0000D4 74 FC            [12]  723 	mov	a,#0xfc
      0000D6 55 C5            [12]  724 	anl	a,_IAP_CMD
      0000D8 44 01            [12]  725 	orl	a,#0x01
      0000DA F5 C5            [12]  726 	mov	_IAP_CMD,a
      0000DC 75 C6 5A         [24]  727 	mov	_IAP_TRIG,#0x5a
      0000DF 75 C6 A5         [24]  728 	mov	_IAP_TRIG,#0xa5
      0000E2 00               [12]  729 	NOP	
      0000E3 00               [12]  730 	NOP	
      0000E4 53 C5 FC         [24]  731 	anl	_IAP_CMD,#0xfc
                                    732 ;	assignBit
      0000E7 D2 AF            [12]  733 	setb	_EA
                                    734 ;	.\FwLib_STC8\user\storage.c:29: val |= ((uint32_t)IAP_ReadData()) << (8 * j);
      0000E9 A8 C2            [24]  735 	mov	r0,_IAP_DATA
      0000EB E4               [12]  736 	clr	a
      0000EC F9               [12]  737 	mov	r1,a
      0000ED FA               [12]  738 	mov	r2,a
      0000EE FF               [12]  739 	mov	r7,a
      0000EF EE               [12]  740 	mov	a,r6
      0000F0 C4               [12]  741 	swap	a
      0000F1 03               [12]  742 	rr	a
      0000F2 54 F8            [12]  743 	anl	a,#0xf8
      0000F4 FD               [12]  744 	mov	r5,a
      0000F5 8D F0            [24]  745 	mov	b,r5
      0000F7 05 F0            [12]  746 	inc	b
      0000F9 80 0C            [24]  747 	sjmp	00177$
      0000FB                        748 00176$:
      0000FB E8               [12]  749 	mov	a,r0
      0000FC 28               [12]  750 	add	a,r0
      0000FD F8               [12]  751 	mov	r0,a
      0000FE E9               [12]  752 	mov	a,r1
      0000FF 33               [12]  753 	rlc	a
      000100 F9               [12]  754 	mov	r1,a
      000101 EA               [12]  755 	mov	a,r2
      000102 33               [12]  756 	rlc	a
      000103 FA               [12]  757 	mov	r2,a
      000104 EF               [12]  758 	mov	a,r7
      000105 33               [12]  759 	rlc	a
      000106 FF               [12]  760 	mov	r7,a
      000107                        761 00177$:
      000107 D5 F0 F1         [24]  762 	djnz	b,00176$
      00010A 90r00r01         [24]  763 	mov	dptr,#_reg_load_all_val_10000_57
      00010D E0               [24]  764 	movx	a,@dptr
      00010E 48               [12]  765 	orl	a,r0
      00010F F0               [24]  766 	movx	@dptr,a
      000110 A3               [24]  767 	inc	dptr
      000111 E0               [24]  768 	movx	a,@dptr
      000112 49               [12]  769 	orl	a,r1
      000113 F0               [24]  770 	movx	@dptr,a
      000114 A3               [24]  771 	inc	dptr
      000115 E0               [24]  772 	movx	a,@dptr
      000116 4A               [12]  773 	orl	a,r2
      000117 F0               [24]  774 	movx	@dptr,a
      000118 A3               [24]  775 	inc	dptr
      000119 E0               [24]  776 	movx	a,@dptr
      00011A 4F               [12]  777 	orl	a,r7
      00011B F0               [24]  778 	movx	@dptr,a
                                    779 ;	.\FwLib_STC8\user\storage.c:27: for (j = 0; j < size; j++) {
      00011C 0E               [12]  780 	inc	r6
      00011D D0 07            [24]  781 	pop	ar7
      00011F 02r00r98         [24]  782 	ljmp	00119$
      000122                        783 00106$:
                                    784 ;	.\FwLib_STC8\user\storage.c:33: if ((int32_t)val < r->min_val || (int32_t)val > r->max_val) {
      000122 C0 07            [24]  785 	push	ar7
      000124 90r00r01         [24]  786 	mov	dptr,#_reg_load_all_val_10000_57
      000127 E0               [24]  787 	movx	a,@dptr
      000128 F5*07            [12]  788 	mov	_reg_load_all_sloc3_1_0,a
      00012A A3               [24]  789 	inc	dptr
      00012B E0               [24]  790 	movx	a,@dptr
      00012C F5*08            [12]  791 	mov	(_reg_load_all_sloc3_1_0 + 1),a
      00012E A3               [24]  792 	inc	dptr
      00012F E0               [24]  793 	movx	a,@dptr
      000130 F5*09            [12]  794 	mov	(_reg_load_all_sloc3_1_0 + 2),a
      000132 A3               [24]  795 	inc	dptr
      000133 E0               [24]  796 	movx	a,@dptr
      000134 F5*0A            [12]  797 	mov	(_reg_load_all_sloc3_1_0 + 3),a
      000136 90r00r05         [24]  798 	mov	dptr,#_reg_load_all_r_10000_57
      000139 E0               [24]  799 	movx	a,@dptr
      00013A F5*04            [12]  800 	mov	_reg_load_all_sloc2_1_0,a
      00013C A3               [24]  801 	inc	dptr
      00013D E0               [24]  802 	movx	a,@dptr
      00013E F5*05            [12]  803 	mov	(_reg_load_all_sloc2_1_0 + 1),a
      000140 A3               [24]  804 	inc	dptr
      000141 E0               [24]  805 	movx	a,@dptr
      000142 F5*06            [12]  806 	mov	(_reg_load_all_sloc2_1_0 + 2),a
      000144 74 0A            [12]  807 	mov	a,#0x0a
      000146 25*04            [12]  808 	add	a, _reg_load_all_sloc2_1_0
      000148 F8               [12]  809 	mov	r0,a
      000149 E4               [12]  810 	clr	a
      00014A 35*05            [12]  811 	addc	a, (_reg_load_all_sloc2_1_0 + 1)
      00014C F9               [12]  812 	mov	r1,a
      00014D AF*06            [24]  813 	mov	r7,(_reg_load_all_sloc2_1_0 + 2)
      00014F 88 82            [24]  814 	mov	dpl,r0
      000151 89 83            [24]  815 	mov	dph,r1
      000153 8F F0            [24]  816 	mov	b,r7
      000155 12r00r00         [24]  817 	lcall	__gptrget
      000158 F8               [12]  818 	mov	r0,a
      000159 A3               [24]  819 	inc	dptr
      00015A 12r00r00         [24]  820 	lcall	__gptrget
      00015D F9               [12]  821 	mov	r1,a
      00015E A3               [24]  822 	inc	dptr
      00015F 12r00r00         [24]  823 	lcall	__gptrget
      000162 FE               [12]  824 	mov	r6,a
      000163 A3               [24]  825 	inc	dptr
      000164 12r00r00         [24]  826 	lcall	__gptrget
      000167 FF               [12]  827 	mov	r7,a
      000168 C3               [12]  828 	clr	c
      000169 E5*07            [12]  829 	mov	a,_reg_load_all_sloc3_1_0
      00016B 98               [12]  830 	subb	a,r0
      00016C E5*08            [12]  831 	mov	a,(_reg_load_all_sloc3_1_0 + 1)
      00016E 99               [12]  832 	subb	a,r1
      00016F E5*09            [12]  833 	mov	a,(_reg_load_all_sloc3_1_0 + 2)
      000171 9E               [12]  834 	subb	a,r6
      000172 E5*0A            [12]  835 	mov	a,(_reg_load_all_sloc3_1_0 + 3)
      000174 64 80            [12]  836 	xrl	a,#0x80
      000176 8F F0            [24]  837 	mov	b,r7
      000178 63 F0 80         [24]  838 	xrl	b,#0x80
      00017B 95 F0            [12]  839 	subb	a,b
      00017D D0 07            [24]  840 	pop	ar7
      00017F 40 3B            [24]  841 	jc	00107$
      000181 74 0E            [12]  842 	mov	a,#0x0e
      000183 25*04            [12]  843 	add	a, _reg_load_all_sloc2_1_0
      000185 FC               [12]  844 	mov	r4,a
      000186 E4               [12]  845 	clr	a
      000187 35*05            [12]  846 	addc	a, (_reg_load_all_sloc2_1_0 + 1)
      000189 FD               [12]  847 	mov	r5,a
      00018A AE*06            [24]  848 	mov	r6,(_reg_load_all_sloc2_1_0 + 2)
      00018C 8C 82            [24]  849 	mov	dpl,r4
      00018E 8D 83            [24]  850 	mov	dph,r5
      000190 8E F0            [24]  851 	mov	b,r6
      000192 12r00r00         [24]  852 	lcall	__gptrget
      000195 FC               [12]  853 	mov	r4,a
      000196 A3               [24]  854 	inc	dptr
      000197 12r00r00         [24]  855 	lcall	__gptrget
      00019A FD               [12]  856 	mov	r5,a
      00019B A3               [24]  857 	inc	dptr
      00019C 12r00r00         [24]  858 	lcall	__gptrget
      00019F FE               [12]  859 	mov	r6,a
      0001A0 A3               [24]  860 	inc	dptr
      0001A1 12r00r00         [24]  861 	lcall	__gptrget
      0001A4 FA               [12]  862 	mov	r2,a
      0001A5 C3               [12]  863 	clr	c
      0001A6 EC               [12]  864 	mov	a,r4
      0001A7 95*07            [12]  865 	subb	a,_reg_load_all_sloc3_1_0
      0001A9 ED               [12]  866 	mov	a,r5
      0001AA 95*08            [12]  867 	subb	a,(_reg_load_all_sloc3_1_0 + 1)
      0001AC EE               [12]  868 	mov	a,r6
      0001AD 95*09            [12]  869 	subb	a,(_reg_load_all_sloc3_1_0 + 2)
      0001AF EA               [12]  870 	mov	a,r2
      0001B0 64 80            [12]  871 	xrl	a,#0x80
      0001B2 85*0A F0         [24]  872 	mov	b,(_reg_load_all_sloc3_1_0 + 3)
      0001B5 63 F0 80         [24]  873 	xrl	b,#0x80
      0001B8 95 F0            [12]  874 	subb	a,b
      0001BA 50 39            [24]  875 	jnc	00108$
      0001BC                        876 00107$:
                                    877 ;	.\FwLib_STC8\user\storage.c:34: val = r->default_val;
      0001BC 90r00r05         [24]  878 	mov	dptr,#_reg_load_all_r_10000_57
      0001BF E0               [24]  879 	movx	a,@dptr
      0001C0 FC               [12]  880 	mov	r4,a
      0001C1 A3               [24]  881 	inc	dptr
      0001C2 E0               [24]  882 	movx	a,@dptr
      0001C3 FD               [12]  883 	mov	r5,a
      0001C4 A3               [24]  884 	inc	dptr
      0001C5 E0               [24]  885 	movx	a,@dptr
      0001C6 FE               [12]  886 	mov	r6,a
      0001C7 74 06            [12]  887 	mov	a,#0x06
      0001C9 2C               [12]  888 	add	a, r4
      0001CA FC               [12]  889 	mov	r4,a
      0001CB E4               [12]  890 	clr	a
      0001CC 3D               [12]  891 	addc	a, r5
      0001CD FD               [12]  892 	mov	r5,a
      0001CE 8C 82            [24]  893 	mov	dpl,r4
      0001D0 8D 83            [24]  894 	mov	dph,r5
      0001D2 8E F0            [24]  895 	mov	b,r6
      0001D4 12r00r00         [24]  896 	lcall	__gptrget
      0001D7 FC               [12]  897 	mov	r4,a
      0001D8 A3               [24]  898 	inc	dptr
      0001D9 12r00r00         [24]  899 	lcall	__gptrget
      0001DC FD               [12]  900 	mov	r5,a
      0001DD A3               [24]  901 	inc	dptr
      0001DE 12r00r00         [24]  902 	lcall	__gptrget
      0001E1 FE               [12]  903 	mov	r6,a
      0001E2 A3               [24]  904 	inc	dptr
      0001E3 12r00r00         [24]  905 	lcall	__gptrget
      0001E6 FA               [12]  906 	mov	r2,a
      0001E7 90r00r01         [24]  907 	mov	dptr,#_reg_load_all_val_10000_57
      0001EA EC               [12]  908 	mov	a,r4
      0001EB F0               [24]  909 	movx	@dptr,a
      0001EC ED               [12]  910 	mov	a,r5
      0001ED A3               [24]  911 	inc	dptr
      0001EE F0               [24]  912 	movx	@dptr,a
      0001EF EE               [12]  913 	mov	a,r6
      0001F0 A3               [24]  914 	inc	dptr
      0001F1 F0               [24]  915 	movx	@dptr,a
      0001F2 EA               [12]  916 	mov	a,r2
      0001F3 A3               [24]  917 	inc	dptr
      0001F4 F0               [24]  918 	movx	@dptr,a
      0001F5                        919 00108$:
                                    920 ;	.\FwLib_STC8\user\storage.c:37: if (size == 4)      *(int32_t*)r->ram_ptr = (int32_t)val;
      0001F5 BB 04 53         [24]  921 	cjne	r3,#0x04,00114$
      0001F8 C0 07            [24]  922 	push	ar7
      0001FA 90r00r05         [24]  923 	mov	dptr,#_reg_load_all_r_10000_57
      0001FD E0               [24]  924 	movx	a,@dptr
      0001FE FC               [12]  925 	mov	r4,a
      0001FF A3               [24]  926 	inc	dptr
      000200 E0               [24]  927 	movx	a,@dptr
      000201 FD               [12]  928 	mov	r5,a
      000202 A3               [24]  929 	inc	dptr
      000203 E0               [24]  930 	movx	a,@dptr
      000204 FE               [12]  931 	mov	r6,a
      000205 74 03            [12]  932 	mov	a,#0x03
      000207 2C               [12]  933 	add	a, r4
      000208 FC               [12]  934 	mov	r4,a
      000209 E4               [12]  935 	clr	a
      00020A 3D               [12]  936 	addc	a, r5
      00020B FD               [12]  937 	mov	r5,a
      00020C 8C 82            [24]  938 	mov	dpl,r4
      00020E 8D 83            [24]  939 	mov	dph,r5
      000210 8E F0            [24]  940 	mov	b,r6
      000212 12r00r00         [24]  941 	lcall	__gptrget
      000215 FC               [12]  942 	mov	r4,a
      000216 A3               [24]  943 	inc	dptr
      000217 12r00r00         [24]  944 	lcall	__gptrget
      00021A FD               [12]  945 	mov	r5,a
      00021B A3               [24]  946 	inc	dptr
      00021C 12r00r00         [24]  947 	lcall	__gptrget
      00021F FE               [12]  948 	mov	r6,a
      000220 90r00r01         [24]  949 	mov	dptr,#_reg_load_all_val_10000_57
      000223 E0               [24]  950 	movx	a,@dptr
      000224 F8               [12]  951 	mov	r0,a
      000225 A3               [24]  952 	inc	dptr
      000226 E0               [24]  953 	movx	a,@dptr
      000227 F9               [12]  954 	mov	r1,a
      000228 A3               [24]  955 	inc	dptr
      000229 E0               [24]  956 	movx	a,@dptr
      00022A FA               [12]  957 	mov	r2,a
      00022B A3               [24]  958 	inc	dptr
      00022C E0               [24]  959 	movx	a,@dptr
      00022D FF               [12]  960 	mov	r7,a
      00022E 8C 82            [24]  961 	mov	dpl,r4
      000230 8D 83            [24]  962 	mov	dph,r5
      000232 8E F0            [24]  963 	mov	b,r6
      000234 E8               [12]  964 	mov	a,r0
      000235 12r00r00         [24]  965 	lcall	__gptrput
      000238 A3               [24]  966 	inc	dptr
      000239 E9               [12]  967 	mov	a,r1
      00023A 12r00r00         [24]  968 	lcall	__gptrput
      00023D A3               [24]  969 	inc	dptr
      00023E EA               [12]  970 	mov	a,r2
      00023F 12r00r00         [24]  971 	lcall	__gptrput
      000242 A3               [24]  972 	inc	dptr
      000243 EF               [12]  973 	mov	a,r7
      000244 12r00r00         [24]  974 	lcall	__gptrput
      000247 D0 07            [24]  975 	pop	ar7
      000249 80 75            [24]  976 	sjmp	00116$
      00024B                        977 00114$:
                                    978 ;	.\FwLib_STC8\user\storage.c:38: else if (size == 1) *(uint8_t*)r->ram_ptr = (uint8_t)val;
      00024B BB 01 35         [24]  979 	cjne	r3,#0x01,00111$
      00024E 90r00r05         [24]  980 	mov	dptr,#_reg_load_all_r_10000_57
      000251 E0               [24]  981 	movx	a,@dptr
      000252 FC               [12]  982 	mov	r4,a
      000253 A3               [24]  983 	inc	dptr
      000254 E0               [24]  984 	movx	a,@dptr
      000255 FD               [12]  985 	mov	r5,a
      000256 A3               [24]  986 	inc	dptr
      000257 E0               [24]  987 	movx	a,@dptr
      000258 FE               [12]  988 	mov	r6,a
      000259 74 03            [12]  989 	mov	a,#0x03
      00025B 2C               [12]  990 	add	a, r4
      00025C FC               [12]  991 	mov	r4,a
      00025D E4               [12]  992 	clr	a
      00025E 3D               [12]  993 	addc	a, r5
      00025F FD               [12]  994 	mov	r5,a
      000260 8C 82            [24]  995 	mov	dpl,r4
      000262 8D 83            [24]  996 	mov	dph,r5
      000264 8E F0            [24]  997 	mov	b,r6
      000266 12r00r00         [24]  998 	lcall	__gptrget
      000269 FC               [12]  999 	mov	r4,a
      00026A A3               [24] 1000 	inc	dptr
      00026B 12r00r00         [24] 1001 	lcall	__gptrget
      00026E FD               [12] 1002 	mov	r5,a
      00026F A3               [24] 1003 	inc	dptr
      000270 12r00r00         [24] 1004 	lcall	__gptrget
      000273 FE               [12] 1005 	mov	r6,a
      000274 90r00r01         [24] 1006 	mov	dptr,#_reg_load_all_val_10000_57
      000277 E0               [24] 1007 	movx	a,@dptr
      000278 8C 82            [24] 1008 	mov	dpl,r4
      00027A 8D 83            [24] 1009 	mov	dph,r5
      00027C 8E F0            [24] 1010 	mov	b,r6
      00027E 12r00r00         [24] 1011 	lcall	__gptrput
      000281 80 3D            [24] 1012 	sjmp	00116$
      000283                       1013 00111$:
                                   1014 ;	.\FwLib_STC8\user\storage.c:39: else                *(uint16_t*)r->ram_ptr = (uint16_t)val;
      000283 90r00r05         [24] 1015 	mov	dptr,#_reg_load_all_r_10000_57
      000286 E0               [24] 1016 	movx	a,@dptr
      000287 FC               [12] 1017 	mov	r4,a
      000288 A3               [24] 1018 	inc	dptr
      000289 E0               [24] 1019 	movx	a,@dptr
      00028A FD               [12] 1020 	mov	r5,a
      00028B A3               [24] 1021 	inc	dptr
      00028C E0               [24] 1022 	movx	a,@dptr
      00028D FE               [12] 1023 	mov	r6,a
      00028E 74 03            [12] 1024 	mov	a,#0x03
      000290 2C               [12] 1025 	add	a, r4
      000291 FC               [12] 1026 	mov	r4,a
      000292 E4               [12] 1027 	clr	a
      000293 3D               [12] 1028 	addc	a, r5
      000294 FD               [12] 1029 	mov	r5,a
      000295 8C 82            [24] 1030 	mov	dpl,r4
      000297 8D 83            [24] 1031 	mov	dph,r5
      000299 8E F0            [24] 1032 	mov	b,r6
      00029B 12r00r00         [24] 1033 	lcall	__gptrget
      00029E FC               [12] 1034 	mov	r4,a
      00029F A3               [24] 1035 	inc	dptr
      0002A0 12r00r00         [24] 1036 	lcall	__gptrget
      0002A3 FD               [12] 1037 	mov	r5,a
      0002A4 A3               [24] 1038 	inc	dptr
      0002A5 12r00r00         [24] 1039 	lcall	__gptrget
      0002A8 FE               [12] 1040 	mov	r6,a
      0002A9 90r00r01         [24] 1041 	mov	dptr,#_reg_load_all_val_10000_57
      0002AC E0               [24] 1042 	movx	a,@dptr
      0002AD FA               [12] 1043 	mov	r2,a
      0002AE A3               [24] 1044 	inc	dptr
      0002AF E0               [24] 1045 	movx	a,@dptr
      0002B0 FB               [12] 1046 	mov	r3,a
      0002B1 8C 82            [24] 1047 	mov	dpl,r4
      0002B3 8D 83            [24] 1048 	mov	dph,r5
      0002B5 8E F0            [24] 1049 	mov	b,r6
      0002B7 EA               [12] 1050 	mov	a,r2
      0002B8 12r00r00         [24] 1051 	lcall	__gptrput
      0002BB A3               [24] 1052 	inc	dptr
      0002BC EB               [12] 1053 	mov	a,r3
      0002BD 12r00r00         [24] 1054 	lcall	__gptrput
      0002C0                       1055 00116$:
                                   1056 ;	.\FwLib_STC8\user\storage.c:21: for (i = 0; i < REG_TABLE_SIZE; i++) {
      0002C0 0F               [12] 1057 	inc	r7
      0002C1 BF 22 00         [24] 1058 	cjne	r7,#0x22,00184$
      0002C4                       1059 00184$:
      0002C4 50 03            [24] 1060 	jnc	00185$
      0002C6 02r00r2C         [24] 1061 	ljmp	00121$
      0002C9                       1062 00185$:
                                   1063 ;	.\FwLib_STC8\user\storage.c:41: IAP_SetEnabled(HAL_State_OFF);
      0002C9 53 C7 7F         [24] 1064 	anl	_IAP_CONTR,#0x7f
                                   1065 ;	.\FwLib_STC8\user\storage.c:42: }
      0002CC 22               [24] 1066 	ret
                                   1067 ;------------------------------------------------------------
                                   1068 ;Allocation info for local variables in function 'reg_save_all'
                                   1069 ;------------------------------------------------------------
                                   1070 ;sloc0         Allocated with name '_reg_save_all_sloc0_1_0'
                                   1071 ;sloc1         Allocated with name '_reg_save_all_sloc1_1_0'
                                   1072 ;sloc2         Allocated with name '_reg_save_all_sloc2_1_0'
                                   1073 ;i             Allocated with name '_reg_save_all_i_10000_65'
                                   1074 ;j             Allocated with name '_reg_save_all_j_10000_65'
                                   1075 ;size          Allocated with name '_reg_save_all_size_10000_65'
                                   1076 ;val           Allocated with name '_reg_save_all_val_10000_65'
                                   1077 ;r             Allocated with name '_reg_save_all_r_10000_65'
                                   1078 ;------------------------------------------------------------
                                   1079 ;	.\FwLib_STC8\user\storage.c:44: void reg_save_all(void) {
                                   1080 ;	-----------------------------------------
                                   1081 ;	 function reg_save_all
                                   1082 ;	-----------------------------------------
      0002CD                       1083 _reg_save_all:
                                   1084 ;	.\FwLib_STC8\user\storage.c:49: IAP_SetWaitTime();
      0002CD 75 F5 16         [24] 1085 	mov	_IAP_TPS,#0x16
                                   1086 ;	.\FwLib_STC8\user\storage.c:50: IAP_SetEnabled(HAL_State_ON);
      0002D0 74 7F            [12] 1087 	mov	a,#0x7f
      0002D2 55 C7            [12] 1088 	anl	a,_IAP_CONTR
      0002D4 44 80            [12] 1089 	orl	a,#0x80
      0002D6 F5 C7            [12] 1090 	mov	_IAP_CONTR,a
                                   1091 ;	.\FwLib_STC8\user\storage.c:51: IAP_CmdErase(EEPROM_BASE_ADDR); 
                                   1092 ;	assignBit
      0002D8 C2 AF            [12] 1093 	clr	_EA
      0002DA 75 C3 F0         [24] 1094 	mov	_IAP_ADDRH,#0xf0
      0002DD 75 C4 00         [24] 1095 	mov	_IAP_ADDRL,#0x00
      0002E0 74 FC            [12] 1096 	mov	a,#0xfc
      0002E2 55 C5            [12] 1097 	anl	a,_IAP_CMD
      0002E4 44 03            [12] 1098 	orl	a,#0x03
      0002E6 F5 C5            [12] 1099 	mov	_IAP_CMD,a
      0002E8 75 C6 5A         [24] 1100 	mov	_IAP_TRIG,#0x5a
      0002EB 75 C6 A5         [24] 1101 	mov	_IAP_TRIG,#0xa5
      0002EE 00               [12] 1102 	NOP	
      0002EF 00               [12] 1103 	NOP	
      0002F0 53 C5 FC         [24] 1104 	anl	_IAP_CMD,#0xfc
                                   1105 ;	assignBit
      0002F3 D2 AF            [12] 1106 	setb	_EA
                                   1107 ;	.\FwLib_STC8\user\storage.c:53: for (i = 0; i < REG_TABLE_SIZE; i++) {
      0002F5 7F 00            [12] 1108 	mov	r7,#0x00
      0002F7                       1109 00121$:
                                   1110 ;	.\FwLib_STC8\user\storage.c:54: r = &reg_table[i];
      0002F7 EF               [12] 1111 	mov	a,r7
      0002F8 75 F0 13         [24] 1112 	mov	b,#0x13
      0002FB A4               [48] 1113 	mul	ab
      0002FC 24r00            [12] 1114 	add	a, #_reg_table
      0002FE FD               [12] 1115 	mov	r5,a
      0002FF 74s00            [12] 1116 	mov	a,#(_reg_table >> 8)
      000301 35 F0            [12] 1117 	addc	a, b
      000303 FC               [12] 1118 	mov	r4,a
      000304 7E 80            [12] 1119 	mov	r6,#0x80
      000306 90r00r0C         [24] 1120 	mov	dptr,#_reg_save_all_r_10000_65
      000309 ED               [12] 1121 	mov	a,r5
      00030A F0               [24] 1122 	movx	@dptr,a
      00030B EC               [12] 1123 	mov	a,r4
      00030C A3               [24] 1124 	inc	dptr
      00030D F0               [24] 1125 	movx	@dptr,a
      00030E EE               [12] 1126 	mov	a,r6
      00030F A3               [24] 1127 	inc	dptr
      000310 F0               [24] 1128 	movx	@dptr,a
                                   1129 ;	.\FwLib_STC8\user\storage.c:55: if (r->flags & REG_FLAG_VOLATILE) continue;
      000311 74 12            [12] 1130 	mov	a,#0x12
      000313 2D               [12] 1131 	add	a, r5
      000314 F9               [12] 1132 	mov	r1,a
      000315 E4               [12] 1133 	clr	a
      000316 3C               [12] 1134 	addc	a, r4
      000317 FA               [12] 1135 	mov	r2,a
      000318 8E 03            [24] 1136 	mov	ar3,r6
      00031A 89 82            [24] 1137 	mov	dpl,r1
      00031C 8A 83            [24] 1138 	mov	dph,r2
      00031E 8B F0            [24] 1139 	mov	b,r3
      000320 12r00r00         [24] 1140 	lcall	__gptrget
      000323 30 E2 03         [24] 1141 	jnb	acc.2,00168$
      000326 02r04rAE         [24] 1142 	ljmp	00116$
      000329                       1143 00168$:
                                   1144 ;	.\FwLib_STC8\user\storage.c:57: size = get_size(r->type);
      000329 74 02            [12] 1145 	mov	a,#0x02
      00032B 2D               [12] 1146 	add	a, r5
      00032C F9               [12] 1147 	mov	r1,a
      00032D E4               [12] 1148 	clr	a
      00032E 3C               [12] 1149 	addc	a, r4
      00032F FA               [12] 1150 	mov	r2,a
      000330 8E 03            [24] 1151 	mov	ar3,r6
      000332 89 82            [24] 1152 	mov	dpl,r1
      000334 8A 83            [24] 1153 	mov	dph,r2
      000336 8B F0            [24] 1154 	mov	b,r3
      000338 12r00r00         [24] 1155 	lcall	__gptrget
      00033B F5 82            [12] 1156 	mov	dpl,a
      00033D C0 07            [24] 1157 	push	ar7
      00033F C0 06            [24] 1158 	push	ar6
      000341 C0 05            [24] 1159 	push	ar5
      000343 C0 04            [24] 1160 	push	ar4
      000345 12r00r00         [24] 1161 	lcall	_get_size
      000348 AB 82            [24] 1162 	mov	r3, dpl
      00034A D0 04            [24] 1163 	pop	ar4
      00034C D0 05            [24] 1164 	pop	ar5
      00034E D0 06            [24] 1165 	pop	ar6
      000350 D0 07            [24] 1166 	pop	ar7
                                   1167 ;	.\FwLib_STC8\user\storage.c:58: if (size == 4)      val = *(uint32_t*)r->ram_ptr;
      000352 BB 04 4A         [24] 1168 	cjne	r3,#0x04,00110$
      000355 C0 07            [24] 1169 	push	ar7
      000357 74 03            [12] 1170 	mov	a,#0x03
      000359 2D               [12] 1171 	add	a, r5
      00035A F8               [12] 1172 	mov	r0,a
      00035B E4               [12] 1173 	clr	a
      00035C 3C               [12] 1174 	addc	a, r4
      00035D F9               [12] 1175 	mov	r1,a
      00035E 8E 02            [24] 1176 	mov	ar2,r6
      000360 88 82            [24] 1177 	mov	dpl,r0
      000362 89 83            [24] 1178 	mov	dph,r1
      000364 8A F0            [24] 1179 	mov	b,r2
      000366 12r00r00         [24] 1180 	lcall	__gptrget
      000369 F8               [12] 1181 	mov	r0,a
      00036A A3               [24] 1182 	inc	dptr
      00036B 12r00r00         [24] 1183 	lcall	__gptrget
      00036E F9               [12] 1184 	mov	r1,a
      00036F A3               [24] 1185 	inc	dptr
      000370 12r00r00         [24] 1186 	lcall	__gptrget
      000373 FA               [12] 1187 	mov	r2,a
      000374 88 82            [24] 1188 	mov	dpl,r0
      000376 89 83            [24] 1189 	mov	dph,r1
      000378 8A F0            [24] 1190 	mov	b,r2
      00037A 12r00r00         [24] 1191 	lcall	__gptrget
      00037D F8               [12] 1192 	mov	r0,a
      00037E A3               [24] 1193 	inc	dptr
      00037F 12r00r00         [24] 1194 	lcall	__gptrget
      000382 F9               [12] 1195 	mov	r1,a
      000383 A3               [24] 1196 	inc	dptr
      000384 12r00r00         [24] 1197 	lcall	__gptrget
      000387 FA               [12] 1198 	mov	r2,a
      000388 A3               [24] 1199 	inc	dptr
      000389 12r00r00         [24] 1200 	lcall	__gptrget
      00038C FF               [12] 1201 	mov	r7,a
      00038D 90r00r08         [24] 1202 	mov	dptr,#_reg_save_all_val_10000_65
      000390 E8               [12] 1203 	mov	a,r0
      000391 F0               [24] 1204 	movx	@dptr,a
      000392 E9               [12] 1205 	mov	a,r1
      000393 A3               [24] 1206 	inc	dptr
      000394 F0               [24] 1207 	movx	@dptr,a
      000395 EA               [12] 1208 	mov	a,r2
      000396 A3               [24] 1209 	inc	dptr
      000397 F0               [24] 1210 	movx	@dptr,a
      000398 EF               [12] 1211 	mov	a,r7
      000399 A3               [24] 1212 	inc	dptr
      00039A F0               [24] 1213 	movx	@dptr,a
      00039B D0 07            [24] 1214 	pop	ar7
      00039D 80 6D            [24] 1215 	sjmp	00128$
      00039F                       1216 00110$:
                                   1217 ;	.\FwLib_STC8\user\storage.c:59: else if (size == 1) val = *(uint8_t*)r->ram_ptr;
      00039F BB 01 33         [24] 1218 	cjne	r3,#0x01,00107$
      0003A2 74 03            [12] 1219 	mov	a,#0x03
      0003A4 2D               [12] 1220 	add	a, r5
      0003A5 F8               [12] 1221 	mov	r0,a
      0003A6 E4               [12] 1222 	clr	a
      0003A7 3C               [12] 1223 	addc	a, r4
      0003A8 F9               [12] 1224 	mov	r1,a
      0003A9 8E 02            [24] 1225 	mov	ar2,r6
      0003AB 88 82            [24] 1226 	mov	dpl,r0
      0003AD 89 83            [24] 1227 	mov	dph,r1
      0003AF 8A F0            [24] 1228 	mov	b,r2
      0003B1 12r00r00         [24] 1229 	lcall	__gptrget
      0003B4 F8               [12] 1230 	mov	r0,a
      0003B5 A3               [24] 1231 	inc	dptr
      0003B6 12r00r00         [24] 1232 	lcall	__gptrget
      0003B9 F9               [12] 1233 	mov	r1,a
      0003BA A3               [24] 1234 	inc	dptr
      0003BB 12r00r00         [24] 1235 	lcall	__gptrget
      0003BE FA               [12] 1236 	mov	r2,a
      0003BF 88 82            [24] 1237 	mov	dpl,r0
      0003C1 89 83            [24] 1238 	mov	dph,r1
      0003C3 8A F0            [24] 1239 	mov	b,r2
      0003C5 12r00r00         [24] 1240 	lcall	__gptrget
      0003C8 90r00r08         [24] 1241 	mov	dptr,#_reg_save_all_val_10000_65
      0003CB F0               [24] 1242 	movx	@dptr,a
      0003CC E4               [12] 1243 	clr	a
      0003CD A3               [24] 1244 	inc	dptr
      0003CE F0               [24] 1245 	movx	@dptr,a
      0003CF A3               [24] 1246 	inc	dptr
      0003D0 F0               [24] 1247 	movx	@dptr,a
      0003D1 A3               [24] 1248 	inc	dptr
      0003D2 F0               [24] 1249 	movx	@dptr,a
      0003D3 80 37            [24] 1250 	sjmp	00128$
      0003D5                       1251 00107$:
                                   1252 ;	.\FwLib_STC8\user\storage.c:60: else                val = (uint32_t)(*(uint16_t*)r->ram_ptr);
      0003D5 74 03            [12] 1253 	mov	a,#0x03
      0003D7 2D               [12] 1254 	add	a, r5
      0003D8 FD               [12] 1255 	mov	r5,a
      0003D9 E4               [12] 1256 	clr	a
      0003DA 3C               [12] 1257 	addc	a, r4
      0003DB FC               [12] 1258 	mov	r4,a
      0003DC 8D 82            [24] 1259 	mov	dpl,r5
      0003DE 8C 83            [24] 1260 	mov	dph,r4
      0003E0 8E F0            [24] 1261 	mov	b,r6
      0003E2 12r00r00         [24] 1262 	lcall	__gptrget
      0003E5 FD               [12] 1263 	mov	r5,a
      0003E6 A3               [24] 1264 	inc	dptr
      0003E7 12r00r00         [24] 1265 	lcall	__gptrget
      0003EA FC               [12] 1266 	mov	r4,a
      0003EB A3               [24] 1267 	inc	dptr
      0003EC 12r00r00         [24] 1268 	lcall	__gptrget
      0003EF FE               [12] 1269 	mov	r6,a
      0003F0 8D 82            [24] 1270 	mov	dpl,r5
      0003F2 8C 83            [24] 1271 	mov	dph,r4
      0003F4 8E F0            [24] 1272 	mov	b,r6
      0003F6 12r00r00         [24] 1273 	lcall	__gptrget
      0003F9 FD               [12] 1274 	mov	r5,a
      0003FA A3               [24] 1275 	inc	dptr
      0003FB 12r00r00         [24] 1276 	lcall	__gptrget
      0003FE FC               [12] 1277 	mov	r4,a
      0003FF 90r00r08         [24] 1278 	mov	dptr,#_reg_save_all_val_10000_65
      000402 ED               [12] 1279 	mov	a,r5
      000403 F0               [24] 1280 	movx	@dptr,a
      000404 EC               [12] 1281 	mov	a,r4
      000405 A3               [24] 1282 	inc	dptr
      000406 F0               [24] 1283 	movx	@dptr,a
      000407 E4               [12] 1284 	clr	a
      000408 A3               [24] 1285 	inc	dptr
      000409 F0               [24] 1286 	movx	@dptr,a
      00040A A3               [24] 1287 	inc	dptr
      00040B F0               [24] 1288 	movx	@dptr,a
                                   1289 ;	.\FwLib_STC8\user\storage.c:62: for (j = 0; j < size; j++) {
      00040C                       1290 00128$:
      00040C 90r00r08         [24] 1291 	mov	dptr,#_reg_save_all_val_10000_65
      00040F E0               [24] 1292 	movx	a,@dptr
      000410 F5*0E            [12] 1293 	mov	_reg_save_all_sloc1_1_0,a
      000412 A3               [24] 1294 	inc	dptr
      000413 E0               [24] 1295 	movx	a,@dptr
      000414 F5*0F            [12] 1296 	mov	(_reg_save_all_sloc1_1_0 + 1),a
      000416 A3               [24] 1297 	inc	dptr
      000417 E0               [24] 1298 	movx	a,@dptr
      000418 F5*10            [12] 1299 	mov	(_reg_save_all_sloc1_1_0 + 2),a
      00041A A3               [24] 1300 	inc	dptr
      00041B E0               [24] 1301 	movx	a,@dptr
      00041C F5*11            [12] 1302 	mov	(_reg_save_all_sloc1_1_0 + 3),a
      00041E 90r00r0C         [24] 1303 	mov	dptr,#_reg_save_all_r_10000_65
      000421 E0               [24] 1304 	movx	a,@dptr
      000422 F5*0B            [12] 1305 	mov	_reg_save_all_sloc0_1_0,a
      000424 A3               [24] 1306 	inc	dptr
      000425 E0               [24] 1307 	movx	a,@dptr
      000426 F5*0C            [12] 1308 	mov	(_reg_save_all_sloc0_1_0 + 1),a
      000428 A3               [24] 1309 	inc	dptr
      000429 E0               [24] 1310 	movx	a,@dptr
      00042A F5*0D            [12] 1311 	mov	(_reg_save_all_sloc0_1_0 + 2),a
      00042C 79 00            [12] 1312 	mov	r1,#0x00
      00042E                       1313 00119$:
      00042E C3               [12] 1314 	clr	c
      00042F E9               [12] 1315 	mov	a,r1
      000430 9B               [12] 1316 	subb	a,r3
      000431 50 7B            [24] 1317 	jnc	00116$
                                   1318 ;	.\FwLib_STC8\user\storage.c:63: IAP_WriteData((uint8_t)(val >> (8 * j)));
      000433 C0 07            [24] 1319 	push	ar7
      000435 E9               [12] 1320 	mov	a,r1
      000436 C4               [12] 1321 	swap	a
      000437 03               [12] 1322 	rr	a
      000438 54 F8            [12] 1323 	anl	a,#0xf8
      00043A F5 F0            [12] 1324 	mov	b, a
      00043C 05 F0            [12] 1325 	inc	b
      00043E A8*0E            [24] 1326 	mov	r0,_reg_save_all_sloc1_1_0
      000440 AD*0F            [24] 1327 	mov	r5,(_reg_save_all_sloc1_1_0 + 1)
      000442 AE*10            [24] 1328 	mov	r6,(_reg_save_all_sloc1_1_0 + 2)
      000444 AF*11            [24] 1329 	mov	r7,(_reg_save_all_sloc1_1_0 + 3)
      000446 80 0D            [24] 1330 	sjmp	00175$
      000448                       1331 00174$:
      000448 C3               [12] 1332 	clr	c
      000449 EF               [12] 1333 	mov	a,r7
      00044A 13               [12] 1334 	rrc	a
      00044B FF               [12] 1335 	mov	r7,a
      00044C EE               [12] 1336 	mov	a,r6
      00044D 13               [12] 1337 	rrc	a
      00044E FE               [12] 1338 	mov	r6,a
      00044F ED               [12] 1339 	mov	a,r5
      000450 13               [12] 1340 	rrc	a
      000451 FD               [12] 1341 	mov	r5,a
      000452 E8               [12] 1342 	mov	a,r0
      000453 13               [12] 1343 	rrc	a
      000454 F8               [12] 1344 	mov	r0,a
      000455                       1345 00175$:
      000455 D5 F0 F0         [24] 1346 	djnz	b,00174$
      000458 88 C2            [24] 1347 	mov	_IAP_DATA,r0
                                   1348 ;	.\FwLib_STC8\user\storage.c:64: IAP_CmdWrite(EEPROM_BASE_ADDR + r->addr + j);
                                   1349 ;	assignBit
      00045A C2 AF            [12] 1350 	clr	_EA
      00045C AD*0B            [24] 1351 	mov	r5,_reg_save_all_sloc0_1_0
      00045E AE*0C            [24] 1352 	mov	r6,(_reg_save_all_sloc0_1_0 + 1)
      000460 AF*0D            [24] 1353 	mov	r7,(_reg_save_all_sloc0_1_0 + 2)
      000462 8D 82            [24] 1354 	mov	dpl,r5
      000464 8E 83            [24] 1355 	mov	dph,r6
      000466 8F F0            [24] 1356 	mov	b,r7
      000468 12r00r00         [24] 1357 	lcall	__gptrget
      00046B FA               [12] 1358 	mov	r2,a
      00046C A3               [24] 1359 	inc	dptr
      00046D 12r00r00         [24] 1360 	lcall	__gptrget
      000470 FC               [12] 1361 	mov	r4,a
      000471 8A*12            [24] 1362 	mov	_reg_save_all_sloc2_1_0,r2
      000473 74 F0            [12] 1363 	mov	a,#0xf0
      000475 2C               [12] 1364 	add	a, r4
      000476 F5*13            [12] 1365 	mov	(_reg_save_all_sloc2_1_0 + 1),a
      000478 89 00            [24] 1366 	mov	ar0,r1
      00047A 7C 00            [12] 1367 	mov	r4,#0x00
      00047C E8               [12] 1368 	mov	a,r0
      00047D 25*12            [12] 1369 	add	a, _reg_save_all_sloc2_1_0
      00047F F8               [12] 1370 	mov	r0,a
      000480 EC               [12] 1371 	mov	a,r4
      000481 35*13            [12] 1372 	addc	a, (_reg_save_all_sloc2_1_0 + 1)
      000483 FC               [12] 1373 	mov	r4,a
      000484 8C C3            [24] 1374 	mov	_IAP_ADDRH,r4
      000486 8D 82            [24] 1375 	mov	dpl,r5
      000488 8E 83            [24] 1376 	mov	dph,r6
      00048A 8F F0            [24] 1377 	mov	b,r7
      00048C 12r00r00         [24] 1378 	lcall	__gptrget
      00048F FD               [12] 1379 	mov	r5,a
      000490 29               [12] 1380 	add	a,r1
      000491 F5 C4            [12] 1381 	mov	_IAP_ADDRL,a
      000493 74 FC            [12] 1382 	mov	a,#0xfc
      000495 55 C5            [12] 1383 	anl	a,_IAP_CMD
      000497 44 02            [12] 1384 	orl	a,#0x02
      000499 F5 C5            [12] 1385 	mov	_IAP_CMD,a
      00049B 75 C6 5A         [24] 1386 	mov	_IAP_TRIG,#0x5a
      00049E 75 C6 A5         [24] 1387 	mov	_IAP_TRIG,#0xa5
      0004A1 00               [12] 1388 	NOP	
      0004A2 00               [12] 1389 	NOP	
      0004A3 53 C5 FC         [24] 1390 	anl	_IAP_CMD,#0xfc
                                   1391 ;	assignBit
      0004A6 D2 AF            [12] 1392 	setb	_EA
                                   1393 ;	.\FwLib_STC8\user\storage.c:62: for (j = 0; j < size; j++) {
      0004A8 09               [12] 1394 	inc	r1
      0004A9 D0 07            [24] 1395 	pop	ar7
      0004AB 02r04r2E         [24] 1396 	ljmp	00119$
      0004AE                       1397 00116$:
                                   1398 ;	.\FwLib_STC8\user\storage.c:53: for (i = 0; i < REG_TABLE_SIZE; i++) {
      0004AE 0F               [12] 1399 	inc	r7
      0004AF BF 22 00         [24] 1400 	cjne	r7,#0x22,00176$
      0004B2                       1401 00176$:
      0004B2 50 03            [24] 1402 	jnc	00177$
      0004B4 02r02rF7         [24] 1403 	ljmp	00121$
      0004B7                       1404 00177$:
                                   1405 ;	.\FwLib_STC8\user\storage.c:67: IAP_SetEnabled(HAL_State_OFF);
      0004B7 53 C7 7F         [24] 1406 	anl	_IAP_CONTR,#0x7f
                                   1407 ;	.\FwLib_STC8\user\storage.c:68: }
      0004BA 22               [24] 1408 	ret
                                   1409 ;------------------------------------------------------------
                                   1410 ;Allocation info for local variables in function 'reg_write_by_ptr'
                                   1411 ;------------------------------------------------------------
                                   1412 ;sloc0         Allocated with name '_reg_write_by_ptr_sloc0_1_0'
                                   1413 ;sloc1         Allocated with name '_reg_write_by_ptr_sloc1_1_0'
                                   1414 ;sloc2         Allocated with name '_reg_write_by_ptr_sloc2_1_0'
                                   1415 ;value         Allocated with name '_reg_write_by_ptr_PARM_2'
                                   1416 ;target        Allocated with name '_reg_write_by_ptr_target_10000_72'
                                   1417 ;i             Allocated with name '_reg_write_by_ptr_i_10000_73'
                                   1418 ;j             Allocated with name '_reg_write_by_ptr_j_10000_73'
                                   1419 ;size          Allocated with name '_reg_write_by_ptr_size_10000_73'
                                   1420 ;r             Allocated with name '_reg_write_by_ptr_r_10000_73'
                                   1421 ;------------------------------------------------------------
                                   1422 ;	.\FwLib_STC8\user\storage.c:70: uint8_t reg_write_by_ptr(void *target, int32_t value) {
                                   1423 ;	-----------------------------------------
                                   1424 ;	 function reg_write_by_ptr
                                   1425 ;	-----------------------------------------
      0004BB                       1426 _reg_write_by_ptr:
      0004BB AF F0            [24] 1427 	mov	r7,b
      0004BD AE 83            [24] 1428 	mov	r6,dph
      0004BF E5 82            [12] 1429 	mov	a,dpl
      0004C1 90r00r13         [24] 1430 	mov	dptr,#_reg_write_by_ptr_target_10000_72
      0004C4 F0               [24] 1431 	movx	@dptr,a
      0004C5 EE               [12] 1432 	mov	a,r6
      0004C6 A3               [24] 1433 	inc	dptr
      0004C7 F0               [24] 1434 	movx	@dptr,a
      0004C8 EF               [12] 1435 	mov	a,r7
      0004C9 A3               [24] 1436 	inc	dptr
      0004CA F0               [24] 1437 	movx	@dptr,a
                                   1438 ;	.\FwLib_STC8\user\storage.c:72: const reg_desc_t *r = 0; // Use 0 instead of NULL for SDCC
      0004CB 90r00r16         [24] 1439 	mov	dptr,#_reg_write_by_ptr_r_10000_73
      0004CE E4               [12] 1440 	clr	a
      0004CF F0               [24] 1441 	movx	@dptr,a
      0004D0 A3               [24] 1442 	inc	dptr
      0004D1 F0               [24] 1443 	movx	@dptr,a
      0004D2 A3               [24] 1444 	inc	dptr
      0004D3 F0               [24] 1445 	movx	@dptr,a
                                   1446 ;	.\FwLib_STC8\user\storage.c:74: for (i = 0; i < REG_TABLE_SIZE; i++) {
      0004D4 90r00r13         [24] 1447 	mov	dptr,#_reg_write_by_ptr_target_10000_72
      0004D7 E0               [24] 1448 	movx	a,@dptr
      0004D8 FD               [12] 1449 	mov	r5,a
      0004D9 A3               [24] 1450 	inc	dptr
      0004DA E0               [24] 1451 	movx	a,@dptr
      0004DB FE               [12] 1452 	mov	r6,a
      0004DC A3               [24] 1453 	inc	dptr
      0004DD E0               [24] 1454 	movx	a,@dptr
      0004DE FF               [12] 1455 	mov	r7,a
      0004DF 7C 00            [12] 1456 	mov	r4,#0x00
      0004E1                       1457 00123$:
                                   1458 ;	.\FwLib_STC8\user\storage.c:75: if (reg_table[i].ram_ptr == target) {
      0004E1 EC               [12] 1459 	mov	a,r4
      0004E2 75 F0 13         [24] 1460 	mov	b,#0x13
      0004E5 A4               [48] 1461 	mul	ab
      0004E6 24r00            [12] 1462 	add	a, #_reg_table
      0004E8 FA               [12] 1463 	mov	r2,a
      0004E9 74s00            [12] 1464 	mov	a,#(_reg_table >> 8)
      0004EB 35 F0            [12] 1465 	addc	a, b
      0004ED FB               [12] 1466 	mov	r3,a
      0004EE 8A 82            [24] 1467 	mov	dpl,r2
      0004F0 8B 83            [24] 1468 	mov	dph,r3
      0004F2 A3               [24] 1469 	inc	dptr
      0004F3 A3               [24] 1470 	inc	dptr
      0004F4 A3               [24] 1471 	inc	dptr
      0004F5 C0 04            [24] 1472 	push	ar4
      0004F7 E4               [12] 1473 	clr	a
      0004F8 93               [24] 1474 	movc	a,@a+dptr
      0004F9 F8               [12] 1475 	mov	r0,a
      0004FA A3               [24] 1476 	inc	dptr
      0004FB E4               [12] 1477 	clr	a
      0004FC 93               [24] 1478 	movc	a,@a+dptr
      0004FD F9               [12] 1479 	mov	r1,a
      0004FE A3               [24] 1480 	inc	dptr
      0004FF E4               [12] 1481 	clr	a
      000500 93               [24] 1482 	movc	a,@a+dptr
      000501 FC               [12] 1483 	mov	r4,a
      000502 C0 05            [24] 1484 	push	ar5
      000504 C0 06            [24] 1485 	push	ar6
      000506 C0 07            [24] 1486 	push	ar7
      000508 88 82            [24] 1487 	mov	dpl,r0
      00050A 89 83            [24] 1488 	mov	dph,r1
      00050C 8C F0            [24] 1489 	mov	b,r4
      00050E 12r00r00         [24] 1490 	lcall	___gptr_cmp
      000511 15 81            [12] 1491 	dec	sp
      000513 15 81            [12] 1492 	dec	sp
      000515 15 81            [12] 1493 	dec	sp
      000517 60 04            [24] 1494 	jz	00192$
      000519 D0 04            [24] 1495 	pop	ar4
      00051B 80 10            [24] 1496 	sjmp	00124$
      00051D                       1497 00192$:
      00051D D0 04            [24] 1498 	pop	ar4
                                   1499 ;	.\FwLib_STC8\user\storage.c:76: r = &reg_table[i];
      00051F 90r00r16         [24] 1500 	mov	dptr,#_reg_write_by_ptr_r_10000_73
      000522 EA               [12] 1501 	mov	a,r2
      000523 F0               [24] 1502 	movx	@dptr,a
      000524 EB               [12] 1503 	mov	a,r3
      000525 A3               [24] 1504 	inc	dptr
      000526 F0               [24] 1505 	movx	@dptr,a
      000527 74 80            [12] 1506 	mov	a,#0x80
      000529 A3               [24] 1507 	inc	dptr
      00052A F0               [24] 1508 	movx	@dptr,a
                                   1509 ;	.\FwLib_STC8\user\storage.c:77: break;
      00052B 80 06            [24] 1510 	sjmp	00103$
      00052D                       1511 00124$:
                                   1512 ;	.\FwLib_STC8\user\storage.c:74: for (i = 0; i < REG_TABLE_SIZE; i++) {
      00052D 0C               [12] 1513 	inc	r4
      00052E BC 22 00         [24] 1514 	cjne	r4,#0x22,00193$
      000531                       1515 00193$:
      000531 40 AE            [24] 1516 	jc	00123$
      000533                       1517 00103$:
                                   1518 ;	.\FwLib_STC8\user\storage.c:81: if (!r || (r->flags & REG_FLAG_READONLY)) return 1;
      000533 90r00r16         [24] 1519 	mov	dptr,#_reg_write_by_ptr_r_10000_73
      000536 E0               [24] 1520 	movx	a,@dptr
      000537 FF               [12] 1521 	mov	r7,a
      000538 A3               [24] 1522 	inc	dptr
      000539 E0               [24] 1523 	movx	a,@dptr
      00053A FD               [12] 1524 	mov	r5,a
      00053B A3               [24] 1525 	inc	dptr
      00053C E0               [24] 1526 	movx	a,@dptr
      00053D FE               [12] 1527 	mov	r6,a
      00053E EF               [12] 1528 	mov	a,r7
      00053F 4D               [12] 1529 	orl	a,r5
      000540 60 15            [24] 1530 	jz	00104$
      000542 74 12            [12] 1531 	mov	a,#0x12
      000544 2F               [12] 1532 	add	a, r7
      000545 FA               [12] 1533 	mov	r2,a
      000546 E4               [12] 1534 	clr	a
      000547 3D               [12] 1535 	addc	a, r5
      000548 FB               [12] 1536 	mov	r3,a
      000549 8E 04            [24] 1537 	mov	ar4,r6
      00054B 8A 82            [24] 1538 	mov	dpl,r2
      00054D 8B 83            [24] 1539 	mov	dph,r3
      00054F 8C F0            [24] 1540 	mov	b,r4
      000551 12r00r00         [24] 1541 	lcall	__gptrget
      000554 30 E0 04         [24] 1542 	jnb	acc.0,00105$
      000557                       1543 00104$:
      000557 75 82 01         [24] 1544 	mov	dpl, #0x01
      00055A 22               [24] 1545 	ret
      00055B                       1546 00105$:
                                   1547 ;	.\FwLib_STC8\user\storage.c:83: if (value < r->min_val) value = r->min_val;
      00055B 74 0A            [12] 1548 	mov	a,#0x0a
      00055D 2F               [12] 1549 	add	a, r7
      00055E FF               [12] 1550 	mov	r7,a
      00055F E4               [12] 1551 	clr	a
      000560 3D               [12] 1552 	addc	a, r5
      000561 FD               [12] 1553 	mov	r5,a
      000562 8F 82            [24] 1554 	mov	dpl,r7
      000564 8D 83            [24] 1555 	mov	dph,r5
      000566 8E F0            [24] 1556 	mov	b,r6
      000568 12r00r00         [24] 1557 	lcall	__gptrget
      00056B FC               [12] 1558 	mov	r4,a
      00056C A3               [24] 1559 	inc	dptr
      00056D 12r00r00         [24] 1560 	lcall	__gptrget
      000570 FD               [12] 1561 	mov	r5,a
      000571 A3               [24] 1562 	inc	dptr
      000572 12r00r00         [24] 1563 	lcall	__gptrget
      000575 FE               [12] 1564 	mov	r6,a
      000576 A3               [24] 1565 	inc	dptr
      000577 12r00r00         [24] 1566 	lcall	__gptrget
      00057A FF               [12] 1567 	mov	r7,a
      00057B 90r00r0F         [24] 1568 	mov	dptr,#_reg_write_by_ptr_PARM_2
      00057E E0               [24] 1569 	movx	a,@dptr
      00057F F8               [12] 1570 	mov	r0,a
      000580 A3               [24] 1571 	inc	dptr
      000581 E0               [24] 1572 	movx	a,@dptr
      000582 F9               [12] 1573 	mov	r1,a
      000583 A3               [24] 1574 	inc	dptr
      000584 E0               [24] 1575 	movx	a,@dptr
      000585 FA               [12] 1576 	mov	r2,a
      000586 A3               [24] 1577 	inc	dptr
      000587 E0               [24] 1578 	movx	a,@dptr
      000588 FB               [12] 1579 	mov	r3,a
      000589 C3               [12] 1580 	clr	c
      00058A E8               [12] 1581 	mov	a,r0
      00058B 9C               [12] 1582 	subb	a,r4
      00058C E9               [12] 1583 	mov	a,r1
      00058D 9D               [12] 1584 	subb	a,r5
      00058E EA               [12] 1585 	mov	a,r2
      00058F 9E               [12] 1586 	subb	a,r6
      000590 EB               [12] 1587 	mov	a,r3
      000591 64 80            [12] 1588 	xrl	a,#0x80
      000593 8F F0            [24] 1589 	mov	b,r7
      000595 63 F0 80         [24] 1590 	xrl	b,#0x80
      000598 95 F0            [12] 1591 	subb	a,b
      00059A 50 0E            [24] 1592 	jnc	00108$
      00059C 90r00r0F         [24] 1593 	mov	dptr,#_reg_write_by_ptr_PARM_2
      00059F EC               [12] 1594 	mov	a,r4
      0005A0 F0               [24] 1595 	movx	@dptr,a
      0005A1 ED               [12] 1596 	mov	a,r5
      0005A2 A3               [24] 1597 	inc	dptr
      0005A3 F0               [24] 1598 	movx	@dptr,a
      0005A4 EE               [12] 1599 	mov	a,r6
      0005A5 A3               [24] 1600 	inc	dptr
      0005A6 F0               [24] 1601 	movx	@dptr,a
      0005A7 EF               [12] 1602 	mov	a,r7
      0005A8 A3               [24] 1603 	inc	dptr
      0005A9 F0               [24] 1604 	movx	@dptr,a
      0005AA                       1605 00108$:
                                   1606 ;	.\FwLib_STC8\user\storage.c:84: if (value > r->max_val) value = r->max_val;
      0005AA 90r00r16         [24] 1607 	mov	dptr,#_reg_write_by_ptr_r_10000_73
      0005AD E0               [24] 1608 	movx	a,@dptr
      0005AE FF               [12] 1609 	mov	r7,a
      0005AF A3               [24] 1610 	inc	dptr
      0005B0 E0               [24] 1611 	movx	a,@dptr
      0005B1 FD               [12] 1612 	mov	r5,a
      0005B2 A3               [24] 1613 	inc	dptr
      0005B3 E0               [24] 1614 	movx	a,@dptr
      0005B4 FE               [12] 1615 	mov	r6,a
      0005B5 74 0E            [12] 1616 	mov	a,#0x0e
      0005B7 2F               [12] 1617 	add	a, r7
      0005B8 FF               [12] 1618 	mov	r7,a
      0005B9 E4               [12] 1619 	clr	a
      0005BA 3D               [12] 1620 	addc	a, r5
      0005BB FD               [12] 1621 	mov	r5,a
      0005BC 8F 82            [24] 1622 	mov	dpl,r7
      0005BE 8D 83            [24] 1623 	mov	dph,r5
      0005C0 8E F0            [24] 1624 	mov	b,r6
      0005C2 12r00r00         [24] 1625 	lcall	__gptrget
      0005C5 FC               [12] 1626 	mov	r4,a
      0005C6 A3               [24] 1627 	inc	dptr
      0005C7 12r00r00         [24] 1628 	lcall	__gptrget
      0005CA FD               [12] 1629 	mov	r5,a
      0005CB A3               [24] 1630 	inc	dptr
      0005CC 12r00r00         [24] 1631 	lcall	__gptrget
      0005CF FE               [12] 1632 	mov	r6,a
      0005D0 A3               [24] 1633 	inc	dptr
      0005D1 12r00r00         [24] 1634 	lcall	__gptrget
      0005D4 FF               [12] 1635 	mov	r7,a
      0005D5 90r00r0F         [24] 1636 	mov	dptr,#_reg_write_by_ptr_PARM_2
      0005D8 E0               [24] 1637 	movx	a,@dptr
      0005D9 F8               [12] 1638 	mov	r0,a
      0005DA A3               [24] 1639 	inc	dptr
      0005DB E0               [24] 1640 	movx	a,@dptr
      0005DC F9               [12] 1641 	mov	r1,a
      0005DD A3               [24] 1642 	inc	dptr
      0005DE E0               [24] 1643 	movx	a,@dptr
      0005DF FA               [12] 1644 	mov	r2,a
      0005E0 A3               [24] 1645 	inc	dptr
      0005E1 E0               [24] 1646 	movx	a,@dptr
      0005E2 FB               [12] 1647 	mov	r3,a
      0005E3 C3               [12] 1648 	clr	c
      0005E4 EC               [12] 1649 	mov	a,r4
      0005E5 98               [12] 1650 	subb	a,r0
      0005E6 ED               [12] 1651 	mov	a,r5
      0005E7 99               [12] 1652 	subb	a,r1
      0005E8 EE               [12] 1653 	mov	a,r6
      0005E9 9A               [12] 1654 	subb	a,r2
      0005EA EF               [12] 1655 	mov	a,r7
      0005EB 64 80            [12] 1656 	xrl	a,#0x80
      0005ED 8B F0            [24] 1657 	mov	b,r3
      0005EF 63 F0 80         [24] 1658 	xrl	b,#0x80
      0005F2 95 F0            [12] 1659 	subb	a,b
      0005F4 50 0E            [24] 1660 	jnc	00110$
      0005F6 90r00r0F         [24] 1661 	mov	dptr,#_reg_write_by_ptr_PARM_2
      0005F9 EC               [12] 1662 	mov	a,r4
      0005FA F0               [24] 1663 	movx	@dptr,a
      0005FB ED               [12] 1664 	mov	a,r5
      0005FC A3               [24] 1665 	inc	dptr
      0005FD F0               [24] 1666 	movx	@dptr,a
      0005FE EE               [12] 1667 	mov	a,r6
      0005FF A3               [24] 1668 	inc	dptr
      000600 F0               [24] 1669 	movx	@dptr,a
      000601 EF               [12] 1670 	mov	a,r7
      000602 A3               [24] 1671 	inc	dptr
      000603 F0               [24] 1672 	movx	@dptr,a
      000604                       1673 00110$:
                                   1674 ;	.\FwLib_STC8\user\storage.c:86: size = get_size(r->type);
      000604 90r00r16         [24] 1675 	mov	dptr,#_reg_write_by_ptr_r_10000_73
      000607 E0               [24] 1676 	movx	a,@dptr
      000608 FD               [12] 1677 	mov	r5,a
      000609 A3               [24] 1678 	inc	dptr
      00060A E0               [24] 1679 	movx	a,@dptr
      00060B FE               [12] 1680 	mov	r6,a
      00060C A3               [24] 1681 	inc	dptr
      00060D E0               [24] 1682 	movx	a,@dptr
      00060E FF               [12] 1683 	mov	r7,a
      00060F 74 02            [12] 1684 	mov	a,#0x02
      000611 2D               [12] 1685 	add	a, r5
      000612 FA               [12] 1686 	mov	r2,a
      000613 E4               [12] 1687 	clr	a
      000614 3E               [12] 1688 	addc	a, r6
      000615 FB               [12] 1689 	mov	r3,a
      000616 8F 04            [24] 1690 	mov	ar4,r7
      000618 8A 82            [24] 1691 	mov	dpl,r2
      00061A 8B 83            [24] 1692 	mov	dph,r3
      00061C 8C F0            [24] 1693 	mov	b,r4
      00061E 12r00r00         [24] 1694 	lcall	__gptrget
      000621 F5 82            [12] 1695 	mov	dpl,a
      000623 C0 07            [24] 1696 	push	ar7
      000625 C0 06            [24] 1697 	push	ar6
      000627 C0 05            [24] 1698 	push	ar5
      000629 12r00r00         [24] 1699 	lcall	_get_size
      00062C AC 82            [24] 1700 	mov	r4, dpl
      00062E D0 05            [24] 1701 	pop	ar5
      000630 D0 06            [24] 1702 	pop	ar6
      000632 D0 07            [24] 1703 	pop	ar7
                                   1704 ;	.\FwLib_STC8\user\storage.c:87: if (size == 4)      *(int32_t*)r->ram_ptr = value;
      000634 BC 04 53         [24] 1705 	cjne	r4,#0x04,00115$
      000637 C0 04            [24] 1706 	push	ar4
      000639 74 03            [12] 1707 	mov	a,#0x03
      00063B 2D               [12] 1708 	add	a, r5
      00063C F9               [12] 1709 	mov	r1,a
      00063D E4               [12] 1710 	clr	a
      00063E 3E               [12] 1711 	addc	a, r6
      00063F FA               [12] 1712 	mov	r2,a
      000640 8F 03            [24] 1713 	mov	ar3,r7
      000642 89 82            [24] 1714 	mov	dpl,r1
      000644 8A 83            [24] 1715 	mov	dph,r2
      000646 8B F0            [24] 1716 	mov	b,r3
      000648 12r00r00         [24] 1717 	lcall	__gptrget
      00064B F9               [12] 1718 	mov	r1,a
      00064C A3               [24] 1719 	inc	dptr
      00064D 12r00r00         [24] 1720 	lcall	__gptrget
      000650 FA               [12] 1721 	mov	r2,a
      000651 A3               [24] 1722 	inc	dptr
      000652 12r00r00         [24] 1723 	lcall	__gptrget
      000655 FB               [12] 1724 	mov	r3,a
      000656 89*14            [24] 1725 	mov	_reg_write_by_ptr_sloc0_1_0,r1
      000658 8A*15            [24] 1726 	mov	(_reg_write_by_ptr_sloc0_1_0 + 1),r2
      00065A 8B*16            [24] 1727 	mov	(_reg_write_by_ptr_sloc0_1_0 + 2),r3
      00065C 90r00r0F         [24] 1728 	mov	dptr,#_reg_write_by_ptr_PARM_2
      00065F E0               [24] 1729 	movx	a,@dptr
      000660 F8               [12] 1730 	mov	r0,a
      000661 A3               [24] 1731 	inc	dptr
      000662 E0               [24] 1732 	movx	a,@dptr
      000663 FA               [12] 1733 	mov	r2,a
      000664 A3               [24] 1734 	inc	dptr
      000665 E0               [24] 1735 	movx	a,@dptr
      000666 FB               [12] 1736 	mov	r3,a
      000667 A3               [24] 1737 	inc	dptr
      000668 E0               [24] 1738 	movx	a,@dptr
      000669 FC               [12] 1739 	mov	r4,a
      00066A 85*14 82         [24] 1740 	mov	dpl,_reg_write_by_ptr_sloc0_1_0
      00066D 85*15 83         [24] 1741 	mov	dph,(_reg_write_by_ptr_sloc0_1_0 + 1)
      000670 85*16 F0         [24] 1742 	mov	b,(_reg_write_by_ptr_sloc0_1_0 + 2)
      000673 E8               [12] 1743 	mov	a,r0
      000674 12r00r00         [24] 1744 	lcall	__gptrput
      000677 A3               [24] 1745 	inc	dptr
      000678 EA               [12] 1746 	mov	a,r2
      000679 12r00r00         [24] 1747 	lcall	__gptrput
      00067C A3               [24] 1748 	inc	dptr
      00067D EB               [12] 1749 	mov	a,r3
      00067E 12r00r00         [24] 1750 	lcall	__gptrput
      000681 A3               [24] 1751 	inc	dptr
      000682 EC               [12] 1752 	mov	a,r4
      000683 12r00r00         [24] 1753 	lcall	__gptrput
      000686 D0 04            [24] 1754 	pop	ar4
      000688 80 62            [24] 1755 	sjmp	00116$
      00068A                       1756 00115$:
                                   1757 ;	.\FwLib_STC8\user\storage.c:88: else if (size == 1) *(uint8_t*)r->ram_ptr = (uint8_t)value;
      00068A BC 01 2D         [24] 1758 	cjne	r4,#0x01,00112$
      00068D 74 03            [12] 1759 	mov	a,#0x03
      00068F 2D               [12] 1760 	add	a, r5
      000690 F9               [12] 1761 	mov	r1,a
      000691 E4               [12] 1762 	clr	a
      000692 3E               [12] 1763 	addc	a, r6
      000693 FA               [12] 1764 	mov	r2,a
      000694 8F 03            [24] 1765 	mov	ar3,r7
      000696 89 82            [24] 1766 	mov	dpl,r1
      000698 8A 83            [24] 1767 	mov	dph,r2
      00069A 8B F0            [24] 1768 	mov	b,r3
      00069C 12r00r00         [24] 1769 	lcall	__gptrget
      00069F F9               [12] 1770 	mov	r1,a
      0006A0 A3               [24] 1771 	inc	dptr
      0006A1 12r00r00         [24] 1772 	lcall	__gptrget
      0006A4 FA               [12] 1773 	mov	r2,a
      0006A5 A3               [24] 1774 	inc	dptr
      0006A6 12r00r00         [24] 1775 	lcall	__gptrget
      0006A9 FB               [12] 1776 	mov	r3,a
      0006AA 90r00r0F         [24] 1777 	mov	dptr,#_reg_write_by_ptr_PARM_2
      0006AD E0               [24] 1778 	movx	a,@dptr
      0006AE F8               [12] 1779 	mov	r0,a
      0006AF 89 82            [24] 1780 	mov	dpl,r1
      0006B1 8A 83            [24] 1781 	mov	dph,r2
      0006B3 8B F0            [24] 1782 	mov	b,r3
      0006B5 12r00r00         [24] 1783 	lcall	__gptrput
      0006B8 80 32            [24] 1784 	sjmp	00116$
      0006BA                       1785 00112$:
                                   1786 ;	.\FwLib_STC8\user\storage.c:89: else                *(uint16_t*)r->ram_ptr = (uint16_t)value;
      0006BA 74 03            [12] 1787 	mov	a,#0x03
      0006BC 2D               [12] 1788 	add	a, r5
      0006BD FD               [12] 1789 	mov	r5,a
      0006BE E4               [12] 1790 	clr	a
      0006BF 3E               [12] 1791 	addc	a, r6
      0006C0 FE               [12] 1792 	mov	r6,a
      0006C1 8D 82            [24] 1793 	mov	dpl,r5
      0006C3 8E 83            [24] 1794 	mov	dph,r6
      0006C5 8F F0            [24] 1795 	mov	b,r7
      0006C7 12r00r00         [24] 1796 	lcall	__gptrget
      0006CA FD               [12] 1797 	mov	r5,a
      0006CB A3               [24] 1798 	inc	dptr
      0006CC 12r00r00         [24] 1799 	lcall	__gptrget
      0006CF FE               [12] 1800 	mov	r6,a
      0006D0 A3               [24] 1801 	inc	dptr
      0006D1 12r00r00         [24] 1802 	lcall	__gptrget
      0006D4 FF               [12] 1803 	mov	r7,a
      0006D5 90r00r0F         [24] 1804 	mov	dptr,#_reg_write_by_ptr_PARM_2
      0006D8 E0               [24] 1805 	movx	a,@dptr
      0006D9 FA               [12] 1806 	mov	r2,a
      0006DA A3               [24] 1807 	inc	dptr
      0006DB E0               [24] 1808 	movx	a,@dptr
      0006DC FB               [12] 1809 	mov	r3,a
      0006DD 8D 82            [24] 1810 	mov	dpl,r5
      0006DF 8E 83            [24] 1811 	mov	dph,r6
      0006E1 8F F0            [24] 1812 	mov	b,r7
      0006E3 EA               [12] 1813 	mov	a,r2
      0006E4 12r00r00         [24] 1814 	lcall	__gptrput
      0006E7 A3               [24] 1815 	inc	dptr
      0006E8 EB               [12] 1816 	mov	a,r3
      0006E9 12r00r00         [24] 1817 	lcall	__gptrput
      0006EC                       1818 00116$:
                                   1819 ;	.\FwLib_STC8\user\storage.c:91: if (!(r->flags & REG_FLAG_VOLATILE)) {
      0006EC 90r00r16         [24] 1820 	mov	dptr,#_reg_write_by_ptr_r_10000_73
      0006EF E0               [24] 1821 	movx	a,@dptr
      0006F0 FD               [12] 1822 	mov	r5,a
      0006F1 A3               [24] 1823 	inc	dptr
      0006F2 E0               [24] 1824 	movx	a,@dptr
      0006F3 FE               [12] 1825 	mov	r6,a
      0006F4 A3               [24] 1826 	inc	dptr
      0006F5 E0               [24] 1827 	movx	a,@dptr
      0006F6 FF               [12] 1828 	mov	r7,a
      0006F7 74 12            [12] 1829 	mov	a,#0x12
      0006F9 2D               [12] 1830 	add	a, r5
      0006FA F9               [12] 1831 	mov	r1,a
      0006FB E4               [12] 1832 	clr	a
      0006FC 3E               [12] 1833 	addc	a, r6
      0006FD FA               [12] 1834 	mov	r2,a
      0006FE 8F 03            [24] 1835 	mov	ar3,r7
      000700 89 82            [24] 1836 	mov	dpl,r1
      000702 8A 83            [24] 1837 	mov	dph,r2
      000704 8B F0            [24] 1838 	mov	b,r3
      000706 12r00r00         [24] 1839 	lcall	__gptrget
      000709 30 E2 03         [24] 1840 	jnb	acc.2,00203$
      00070C 02r07rC0         [24] 1841 	ljmp	00122$
      00070F                       1842 00203$:
                                   1843 ;	.\FwLib_STC8\user\storage.c:92: IAP_SetWaitTime();
      00070F 75 F5 16         [24] 1844 	mov	_IAP_TPS,#0x16
                                   1845 ;	.\FwLib_STC8\user\storage.c:93: IAP_SetEnabled(HAL_State_ON);
      000712 74 7F            [12] 1846 	mov	a,#0x7f
      000714 55 C7            [12] 1847 	anl	a,_IAP_CONTR
      000716 44 80            [12] 1848 	orl	a,#0x80
      000718 F5 C7            [12] 1849 	mov	_IAP_CONTR,a
                                   1850 ;	.\FwLib_STC8\user\storage.c:95: for (j = 0; j < size; j++) {
      00071A 90r00r0F         [24] 1851 	mov	dptr,#_reg_write_by_ptr_PARM_2
      00071D E0               [24] 1852 	movx	a,@dptr
      00071E F5*1A            [12] 1853 	mov	_reg_write_by_ptr_sloc2_1_0,a
      000720 A3               [24] 1854 	inc	dptr
      000721 E0               [24] 1855 	movx	a,@dptr
      000722 F5*1B            [12] 1856 	mov	(_reg_write_by_ptr_sloc2_1_0 + 1),a
      000724 A3               [24] 1857 	inc	dptr
      000725 E0               [24] 1858 	movx	a,@dptr
      000726 F5*1C            [12] 1859 	mov	(_reg_write_by_ptr_sloc2_1_0 + 2),a
      000728 A3               [24] 1860 	inc	dptr
      000729 E0               [24] 1861 	movx	a,@dptr
      00072A F5*1D            [12] 1862 	mov	(_reg_write_by_ptr_sloc2_1_0 + 3),a
      00072C 8D*17            [24] 1863 	mov	_reg_write_by_ptr_sloc1_1_0,r5
      00072E 8E*18            [24] 1864 	mov	(_reg_write_by_ptr_sloc1_1_0 + 1),r6
      000730 8F*19            [24] 1865 	mov	(_reg_write_by_ptr_sloc1_1_0 + 2),r7
      000732 75*14 00         [24] 1866 	mov	_reg_write_by_ptr_sloc0_1_0,#0x00
      000735                       1867 00126$:
      000735 C3               [12] 1868 	clr	c
      000736 E5*14            [12] 1869 	mov	a,_reg_write_by_ptr_sloc0_1_0
      000738 9C               [12] 1870 	subb	a,r4
      000739 40 03            [24] 1871 	jc	00204$
      00073B 02r07rBD         [24] 1872 	ljmp	00120$
      00073E                       1873 00204$:
                                   1874 ;	.\FwLib_STC8\user\storage.c:96: IAP_WriteData((uint8_t)(value >> (8 * j)));
      00073E C0 04            [24] 1875 	push	ar4
      000740 E5*14            [12] 1876 	mov	a,_reg_write_by_ptr_sloc0_1_0
      000742 C4               [12] 1877 	swap	a
      000743 03               [12] 1878 	rr	a
      000744 54 F8            [12] 1879 	anl	a,#0xf8
      000746 F5 F0            [12] 1880 	mov	b, a
      000748 05 F0            [12] 1881 	inc	b
      00074A AC*1A            [24] 1882 	mov	r4,_reg_write_by_ptr_sloc2_1_0
      00074C AD*1B            [24] 1883 	mov	r5,(_reg_write_by_ptr_sloc2_1_0 + 1)
      00074E AE*1C            [24] 1884 	mov	r6,(_reg_write_by_ptr_sloc2_1_0 + 2)
      000750 E5*1D            [12] 1885 	mov	a,(_reg_write_by_ptr_sloc2_1_0 + 3)
      000752 FF               [12] 1886 	mov	r7,a
      000753 33               [12] 1887 	rlc	a
      000754 92 D2            [24] 1888 	mov	ov,c
      000756 80 0E            [24] 1889 	sjmp	00206$
      000758                       1890 00205$:
      000758 A2 D2            [12] 1891 	mov	c,ov
      00075A EF               [12] 1892 	mov	a,r7
      00075B 13               [12] 1893 	rrc	a
      00075C FF               [12] 1894 	mov	r7,a
      00075D EE               [12] 1895 	mov	a,r6
      00075E 13               [12] 1896 	rrc	a
      00075F FE               [12] 1897 	mov	r6,a
      000760 ED               [12] 1898 	mov	a,r5
      000761 13               [12] 1899 	rrc	a
      000762 FD               [12] 1900 	mov	r5,a
      000763 EC               [12] 1901 	mov	a,r4
      000764 13               [12] 1902 	rrc	a
      000765 FC               [12] 1903 	mov	r4,a
      000766                       1904 00206$:
      000766 D5 F0 EF         [24] 1905 	djnz	b,00205$
      000769 8C C2            [24] 1906 	mov	_IAP_DATA,r4
                                   1907 ;	.\FwLib_STC8\user\storage.c:97: IAP_CmdWrite(EEPROM_BASE_ADDR + r->addr + j);
                                   1908 ;	assignBit
      00076B C2 AF            [12] 1909 	clr	_EA
      00076D AD*17            [24] 1910 	mov	r5,_reg_write_by_ptr_sloc1_1_0
      00076F AE*18            [24] 1911 	mov	r6,(_reg_write_by_ptr_sloc1_1_0 + 1)
      000771 AF*19            [24] 1912 	mov	r7,(_reg_write_by_ptr_sloc1_1_0 + 2)
      000773 8D 82            [24] 1913 	mov	dpl,r5
      000775 8E 83            [24] 1914 	mov	dph,r6
      000777 8F F0            [24] 1915 	mov	b,r7
      000779 12r00r00         [24] 1916 	lcall	__gptrget
      00077C FB               [12] 1917 	mov	r3,a
      00077D A3               [24] 1918 	inc	dptr
      00077E 12r00r00         [24] 1919 	lcall	__gptrget
      000781 24 F0            [12] 1920 	add	a,#0xf0
      000783 FC               [12] 1921 	mov	r4,a
      000784 A9*14            [24] 1922 	mov	r1,_reg_write_by_ptr_sloc0_1_0
      000786 7A 00            [12] 1923 	mov	r2,#0x00
      000788 E9               [12] 1924 	mov	a,r1
      000789 2B               [12] 1925 	add	a, r3
      00078A FB               [12] 1926 	mov	r3,a
      00078B EA               [12] 1927 	mov	a,r2
      00078C 3C               [12] 1928 	addc	a, r4
      00078D FC               [12] 1929 	mov	r4,a
      00078E 8C C3            [24] 1930 	mov	_IAP_ADDRH,r4
      000790 8D 82            [24] 1931 	mov	dpl,r5
      000792 8E 83            [24] 1932 	mov	dph,r6
      000794 8F F0            [24] 1933 	mov	b,r7
      000796 12r00r00         [24] 1934 	lcall	__gptrget
      000799 FD               [12] 1935 	mov	r5,a
      00079A 25*14            [12] 1936 	add	a,_reg_write_by_ptr_sloc0_1_0
      00079C F5 C4            [12] 1937 	mov	_IAP_ADDRL,a
      00079E 74 FC            [12] 1938 	mov	a,#0xfc
      0007A0 55 C5            [12] 1939 	anl	a,_IAP_CMD
      0007A2 44 02            [12] 1940 	orl	a,#0x02
      0007A4 F5 C5            [12] 1941 	mov	_IAP_CMD,a
      0007A6 75 C6 5A         [24] 1942 	mov	_IAP_TRIG,#0x5a
      0007A9 75 C6 A5         [24] 1943 	mov	_IAP_TRIG,#0xa5
      0007AC 00               [12] 1944 	NOP	
      0007AD 00               [12] 1945 	NOP	
      0007AE 53 C5 FC         [24] 1946 	anl	_IAP_CMD,#0xfc
                                   1947 ;	assignBit
      0007B1 D2 AF            [12] 1948 	setb	_EA
                                   1949 ;	.\FwLib_STC8\user\storage.c:95: for (j = 0; j < size; j++) {
      0007B3 E5*14            [12] 1950 	mov	a,_reg_write_by_ptr_sloc0_1_0
      0007B5 04               [12] 1951 	inc	a
      0007B6 F5*14            [12] 1952 	mov	_reg_write_by_ptr_sloc0_1_0,a
      0007B8 D0 04            [24] 1953 	pop	ar4
      0007BA 02r07r35         [24] 1954 	ljmp	00126$
      0007BD                       1955 00120$:
                                   1956 ;	.\FwLib_STC8\user\storage.c:99: IAP_SetEnabled(HAL_State_OFF);
      0007BD 53 C7 7F         [24] 1957 	anl	_IAP_CONTR,#0x7f
      0007C0                       1958 00122$:
                                   1959 ;	.\FwLib_STC8\user\storage.c:101: return 0;
      0007C0 75 82 00         [24] 1960 	mov	dpl, #0x00
                                   1961 ;	.\FwLib_STC8\user\storage.c:102: }
      0007C3 22               [24] 1962 	ret
                                   1963 ;------------------------------------------------------------
                                   1964 ;Allocation info for local variables in function 'reg_init'
                                   1965 ;------------------------------------------------------------
                                   1966 ;sloc0         Allocated with name '_reg_init_sloc0_1_0'
                                   1967 ;i             Allocated with name '_reg_init_i_20000_83'
                                   1968 ;r             Allocated with name '_reg_init_r_40000_85'
                                   1969 ;s             Allocated with name '_reg_init_s_40000_85'
                                   1970 ;------------------------------------------------------------
                                   1971 ;	.\FwLib_STC8\user\storage.c:104: void reg_init(void) {
                                   1972 ;	-----------------------------------------
                                   1973 ;	 function reg_init
                                   1974 ;	-----------------------------------------
      0007C4                       1975 _reg_init:
                                   1976 ;	.\FwLib_STC8\user\storage.c:105: reg_load_all();
      0007C4 12r00r1F         [24] 1977 	lcall	_reg_load_all
                                   1978 ;	.\FwLib_STC8\user\storage.c:106: if (reg_magic_key != 0x55AA) {
      0007C7 90r00r00         [24] 1979 	mov	dptr,#_reg_magic_key
      0007CA E0               [24] 1980 	movx	a,@dptr
      0007CB FE               [12] 1981 	mov	r6,a
      0007CC A3               [24] 1982 	inc	dptr
      0007CD E0               [24] 1983 	movx	a,@dptr
      0007CE FF               [12] 1984 	mov	r7,a
      0007CF BE AA 04         [24] 1985 	cjne	r6,#0xaa,00145$
      0007D2 BF 55 01         [24] 1986 	cjne	r7,#0x55,00145$
      0007D5 22               [24] 1987 	ret
      0007D6                       1988 00145$:
                                   1989 ;	.\FwLib_STC8\user\storage.c:108: for (i = 0; i < REG_TABLE_SIZE; i++) {
      0007D6 7F 00            [12] 1990 	mov	r7,#0x00
      0007D8                       1991 00110$:
                                   1992 ;	.\FwLib_STC8\user\storage.c:109: const reg_desc_t *r = &reg_table[i];
      0007D8 EF               [12] 1993 	mov	a,r7
      0007D9 75 F0 13         [24] 1994 	mov	b,#0x13
      0007DC A4               [48] 1995 	mul	ab
      0007DD 24r00            [12] 1996 	add	a, #_reg_table
      0007DF FD               [12] 1997 	mov	r5,a
      0007E0 74s00            [12] 1998 	mov	a,#(_reg_table >> 8)
      0007E2 35 F0            [12] 1999 	addc	a, b
      0007E4 FE               [12] 2000 	mov	r6,a
                                   2001 ;	.\FwLib_STC8\user\storage.c:110: uint8_t s = get_size(r->type);
      0007E5 8D 82            [24] 2002 	mov	dpl,r5
      0007E7 8E 83            [24] 2003 	mov	dph,r6
      0007E9 A3               [24] 2004 	inc	dptr
      0007EA A3               [24] 2005 	inc	dptr
      0007EB E4               [12] 2006 	clr	a
      0007EC 93               [24] 2007 	movc	a,@a+dptr
      0007ED F5 82            [12] 2008 	mov	dpl,a
      0007EF C0 07            [24] 2009 	push	ar7
      0007F1 C0 06            [24] 2010 	push	ar6
      0007F3 C0 05            [24] 2011 	push	ar5
      0007F5 12r00r00         [24] 2012 	lcall	_get_size
      0007F8 AC 82            [24] 2013 	mov	r4, dpl
      0007FA D0 05            [24] 2014 	pop	ar5
      0007FC D0 06            [24] 2015 	pop	ar6
      0007FE D0 07            [24] 2016 	pop	ar7
                                   2017 ;	.\FwLib_STC8\user\storage.c:111: if (s == 4)      *(int32_t*)r->ram_ptr = r->default_val;
      000800 BC 04 52         [24] 2018 	cjne	r4,#0x04,00105$
      000803 C0 07            [24] 2019 	push	ar7
      000805 8D 82            [24] 2020 	mov	dpl,r5
      000807 8E 83            [24] 2021 	mov	dph,r6
      000809 A3               [24] 2022 	inc	dptr
      00080A A3               [24] 2023 	inc	dptr
      00080B A3               [24] 2024 	inc	dptr
      00080C E4               [12] 2025 	clr	a
      00080D 93               [24] 2026 	movc	a,@a+dptr
      00080E F9               [12] 2027 	mov	r1,a
      00080F A3               [24] 2028 	inc	dptr
      000810 E4               [12] 2029 	clr	a
      000811 93               [24] 2030 	movc	a,@a+dptr
      000812 FA               [12] 2031 	mov	r2,a
      000813 A3               [24] 2032 	inc	dptr
      000814 E4               [12] 2033 	clr	a
      000815 93               [24] 2034 	movc	a,@a+dptr
      000816 FB               [12] 2035 	mov	r3,a
      000817 89*1E            [24] 2036 	mov	_reg_init_sloc0_1_0,r1
      000819 8A*1F            [24] 2037 	mov	(_reg_init_sloc0_1_0 + 1),r2
      00081B 8B*20            [24] 2038 	mov	(_reg_init_sloc0_1_0 + 2),r3
      00081D 74 06            [12] 2039 	mov	a,#0x06
      00081F 2D               [12] 2040 	add	a, r5
      000820 F5 82            [12] 2041 	mov	dpl,a
      000822 E4               [12] 2042 	clr	a
      000823 3E               [12] 2043 	addc	a, r6
      000824 F5 83            [12] 2044 	mov	dph,a
      000826 E4               [12] 2045 	clr	a
      000827 93               [24] 2046 	movc	a,@a+dptr
      000828 F8               [12] 2047 	mov	r0,a
      000829 A3               [24] 2048 	inc	dptr
      00082A E4               [12] 2049 	clr	a
      00082B 93               [24] 2050 	movc	a,@a+dptr
      00082C FA               [12] 2051 	mov	r2,a
      00082D A3               [24] 2052 	inc	dptr
      00082E E4               [12] 2053 	clr	a
      00082F 93               [24] 2054 	movc	a,@a+dptr
      000830 FB               [12] 2055 	mov	r3,a
      000831 A3               [24] 2056 	inc	dptr
      000832 E4               [12] 2057 	clr	a
      000833 93               [24] 2058 	movc	a,@a+dptr
      000834 FF               [12] 2059 	mov	r7,a
      000835 85*1E 82         [24] 2060 	mov	dpl,_reg_init_sloc0_1_0
      000838 85*1F 83         [24] 2061 	mov	dph,(_reg_init_sloc0_1_0 + 1)
      00083B 85*20 F0         [24] 2062 	mov	b,(_reg_init_sloc0_1_0 + 2)
      00083E E8               [12] 2063 	mov	a,r0
      00083F 12r00r00         [24] 2064 	lcall	__gptrput
      000842 A3               [24] 2065 	inc	dptr
      000843 EA               [12] 2066 	mov	a,r2
      000844 12r00r00         [24] 2067 	lcall	__gptrput
      000847 A3               [24] 2068 	inc	dptr
      000848 EB               [12] 2069 	mov	a,r3
      000849 12r00r00         [24] 2070 	lcall	__gptrput
      00084C A3               [24] 2071 	inc	dptr
      00084D EF               [12] 2072 	mov	a,r7
      00084E 12r00r00         [24] 2073 	lcall	__gptrput
      000851 D0 07            [24] 2074 	pop	ar7
      000853 80 5C            [24] 2075 	sjmp	00111$
      000855                       2076 00105$:
                                   2077 ;	.\FwLib_STC8\user\storage.c:112: else if (s == 1) *(uint8_t*)r->ram_ptr = (uint8_t)r->default_val;
      000855 BC 01 28         [24] 2078 	cjne	r4,#0x01,00102$
      000858 8D 82            [24] 2079 	mov	dpl,r5
      00085A 8E 83            [24] 2080 	mov	dph,r6
      00085C A3               [24] 2081 	inc	dptr
      00085D A3               [24] 2082 	inc	dptr
      00085E A3               [24] 2083 	inc	dptr
      00085F E4               [12] 2084 	clr	a
      000860 93               [24] 2085 	movc	a,@a+dptr
      000861 FA               [12] 2086 	mov	r2,a
      000862 A3               [24] 2087 	inc	dptr
      000863 E4               [12] 2088 	clr	a
      000864 93               [24] 2089 	movc	a,@a+dptr
      000865 FB               [12] 2090 	mov	r3,a
      000866 A3               [24] 2091 	inc	dptr
      000867 E4               [12] 2092 	clr	a
      000868 93               [24] 2093 	movc	a,@a+dptr
      000869 FC               [12] 2094 	mov	r4,a
      00086A 74 06            [12] 2095 	mov	a,#0x06
      00086C 2D               [12] 2096 	add	a, r5
      00086D F5 82            [12] 2097 	mov	dpl,a
      00086F E4               [12] 2098 	clr	a
      000870 3E               [12] 2099 	addc	a, r6
      000871 F5 83            [12] 2100 	mov	dph,a
      000873 E4               [12] 2101 	clr	a
      000874 93               [24] 2102 	movc	a,@a+dptr
      000875 8A 82            [24] 2103 	mov	dpl,r2
      000877 8B 83            [24] 2104 	mov	dph,r3
      000879 8C F0            [24] 2105 	mov	b,r4
      00087B 12r00r00         [24] 2106 	lcall	__gptrput
      00087E 80 31            [24] 2107 	sjmp	00111$
      000880                       2108 00102$:
                                   2109 ;	.\FwLib_STC8\user\storage.c:113: else             *(uint16_t*)r->ram_ptr = (uint16_t)r->default_val;
      000880 8D 82            [24] 2110 	mov	dpl,r5
      000882 8E 83            [24] 2111 	mov	dph,r6
      000884 A3               [24] 2112 	inc	dptr
      000885 A3               [24] 2113 	inc	dptr
      000886 A3               [24] 2114 	inc	dptr
      000887 E4               [12] 2115 	clr	a
      000888 93               [24] 2116 	movc	a,@a+dptr
      000889 FA               [12] 2117 	mov	r2,a
      00088A A3               [24] 2118 	inc	dptr
      00088B E4               [12] 2119 	clr	a
      00088C 93               [24] 2120 	movc	a,@a+dptr
      00088D FB               [12] 2121 	mov	r3,a
      00088E A3               [24] 2122 	inc	dptr
      00088F E4               [12] 2123 	clr	a
      000890 93               [24] 2124 	movc	a,@a+dptr
      000891 FC               [12] 2125 	mov	r4,a
      000892 74 06            [12] 2126 	mov	a,#0x06
      000894 2D               [12] 2127 	add	a, r5
      000895 F5 82            [12] 2128 	mov	dpl,a
      000897 E4               [12] 2129 	clr	a
      000898 3E               [12] 2130 	addc	a, r6
      000899 F5 83            [12] 2131 	mov	dph,a
      00089B E4               [12] 2132 	clr	a
      00089C 93               [24] 2133 	movc	a,@a+dptr
      00089D FD               [12] 2134 	mov	r5,a
      00089E A3               [24] 2135 	inc	dptr
      00089F E4               [12] 2136 	clr	a
      0008A0 93               [24] 2137 	movc	a,@a+dptr
      0008A1 FE               [12] 2138 	mov	r6,a
      0008A2 8A 82            [24] 2139 	mov	dpl,r2
      0008A4 8B 83            [24] 2140 	mov	dph,r3
      0008A6 8C F0            [24] 2141 	mov	b,r4
      0008A8 ED               [12] 2142 	mov	a,r5
      0008A9 12r00r00         [24] 2143 	lcall	__gptrput
      0008AC A3               [24] 2144 	inc	dptr
      0008AD EE               [12] 2145 	mov	a,r6
      0008AE 12r00r00         [24] 2146 	lcall	__gptrput
      0008B1                       2147 00111$:
                                   2148 ;	.\FwLib_STC8\user\storage.c:108: for (i = 0; i < REG_TABLE_SIZE; i++) {
      0008B1 0F               [12] 2149 	inc	r7
      0008B2 BF 22 00         [24] 2150 	cjne	r7,#0x22,00150$
      0008B5                       2151 00150$:
      0008B5 50 03            [24] 2152 	jnc	00151$
      0008B7 02r07rD8         [24] 2153 	ljmp	00110$
      0008BA                       2154 00151$:
                                   2155 ;	.\FwLib_STC8\user\storage.c:115: reg_magic_key = 0x55AA;
      0008BA 90r00r00         [24] 2156 	mov	dptr,#_reg_magic_key
      0008BD 74 AA            [12] 2157 	mov	a,#0xaa
      0008BF F0               [24] 2158 	movx	@dptr,a
      0008C0 F4               [12] 2159 	cpl	a
      0008C1 A3               [24] 2160 	inc	dptr
      0008C2 F0               [24] 2161 	movx	@dptr,a
                                   2162 ;	.\FwLib_STC8\user\storage.c:116: reg_save_all();
                                   2163 ;	.\FwLib_STC8\user\storage.c:118: }
      0008C3 02r02rCD         [24] 2164 	ljmp	_reg_save_all
                                   2165 	.area CSEG    (CODE)
                                   2166 	.area CONST   (CODE)
                                   2167 	.area XINIT   (CODE)
                                   2168 	.area CABS    (ABS,CODE)
